být	12795
a	12418
v	10182
se	7213
na	5708
ten	3262
s	3081
z	2930
který	2866
i	2764
k	2435
tento	2375
o	2338
že	2282
pro	2046
mít	1884
jeho	1866
on	1825
do	1803
jako	1299
rok	1274
nebo	1221
za	1180
při	1176
moci	1145
svůj	1135
práce	1060
ale	990
všechno	965
můj	926
u	902
tak	835
já	800
aby	790
po	785
od	781
jen	751
doba	716
velký	715
člověk	689
jenž	660
také	646
jeden	626
nový	617
však	615
jak	609
další	604
co	575
podle	564
úkol	553
jiný	544
muset	537
pracovník	520
mezi	507
některý	474
pracovní	471
když	467
již	460
proto	459
každý	458
li	455
už	452
celý	442
různý	442
až	438
než	435
oblast	424
základní	418
stát	412
dva	411
jít	406
ještě	404
vztah	400
výroba	400
kde	399
společenský	396
tedy	394
socialistický	393
výsledek	392
strana	390
pak	381
činnost	377
den	376
malý	370
organizace	370
velmi	366
první	364
více	359
závod	358
lze	352
jednotlivý	350
vysoký	348
třeba	347
národní	345
dobrý	342
možný	342
druhý	340
před	340
jazyk	338
místo	337
podmínka	334
společnost	327
takový	327
především	324
určitý	324
ani	318
rozvoj	317
dítě	316
část	314
případ	312
podnik	311
hodnota	308
život	307
voda	305
otázka	301
teorie	296
proces	295
zejména	295
slovo	292
řada	292
funkce	289
země	287
věda	285
způsob	285
český	284
bez	282
problém	278
hlavní	273
síla	268
základ	268
vývoj	265
samý	264
materiál	260
výrobní	258
protože	257
plán	256
potřeba	254
dnes	253
sovětský	252
či	252
současný	250
Praha	248
vlastní	248
druh	247
nutný	247
chtít	245
kdy	243
málo	243
proti	242
dále	241
vědecký	240
zde	240
počet	239
mladý	238
dobře	237
forma	237
hledisko	237
starý	232
zájem	230
často	230
škola	230
možnost	229
několik	228
to	226
výrobek	225
právě	224
skupina	223
město	222
nejen	222
prostředek	222
typ	221
pod	219
člen	219
svět	218
systém	218
vedoucí	215
dát	214
ostatní	214
elektron	211
skutečnost	211
význam	211
pouze	210
zařízení	210
směr	209
stav	209
výbor	208
politický	207
jaký	206
období	206
změna	206
jazykový	204
uvedený	204
důležitý	203
oba	201
výzkum	199
řešení	198
elektrický	197
vlastnost	196
mnoho	195
poslední	195
pracovat	195
lidský	192
látka	192
ovšem	190
atom	189
tady	189
tři	189
číslo	189
asi	188
program	183
sociální	182
stále	182
situace	181
významný	181
prostředí	180
analýza	178
svaz	178
stejný	175
což	174
pokud	174
poměr	174
energie	173
hospodářský	173
technika	173
vždy	173
prvek	172
cíl	171
jev	170
soustava	170
stavba	170
technický	170
vliv	170
výstavba	169
spolupráce	168
KSČ	166
pracující	166
text	166
dílo	164
ústav	164
hodina	163
nad	163
proud	163
daný	162
jednotka	162
množství	162
vhodný	162
plnění	161
státní	161
ředitel	161
dům	160
smysl	160
úroveň	159
vést	158
kultura	157
široký	157
ty	156
brzy	155
cesta	155
pojem	153
přes	153
vidět	153
provoz	152
tam	151
metoda	150
poznání	150
příprava	149
rámec	149
dojít	147
ekonomický	147
plocha	147
přímo	147
zcela	147
zkušenost	147
používat	146
vedení	146
zdroj	146
znamenat	146
patřit	145
vědět	145
kulturní	144
dostat	143
dělnický	143
tvar	143
začít	143
úsek	143
hmota	142
byt	141
dosud	141
průběh	141
století	141
umění	141
věc	140
míra	138
návrh	138
říci	138
občan	137
odborný	137
předmět	137
teoretický	137
známý	137
řízení	137
boj	136
konec	136
třída	136
výchova	136
problematika	135
pohyb	134
pracoviště	134
rozdíl	134
soubor	134
tvořit	134
smlouva	133
kov	132
orgán	132
informace	131
předpoklad	131
podstata	130
společný	130
struktura	130
cena	129
koncepce	129
přitom	129
vědeckotechnický	129
příslušný	128
pole	127
pozdě	127
péče	127
rovněž	127
též	127
úprava	127
celkový	126
měsíc	126
oddělení	126
sjezd	126
charakter	125
jestliže	125
pozornost	125
praxe	125
růst	125
historický	124
požadavek	124
stejně	124
dosáhnout	123
důsledek	123
rys	123
služba	123
souvislost	123
čas	123
životní	123
neboť	122
stroj	122
takže	122
odpovídat	121
příklad	121
přístup	121
současně	121
vytvářet	121
vůbec	121
žena	121
složka	120
termín	120
pojetí	119
závěr	119
dělat	118
stupeň	118
teplota	118
jádro	117
komise	117
projev	117
kromě	116
nízký	116
platit	116
zvláště	116
dodávka	115
nízko	115
představovat	115
vnitřní	115
zpráva	115
dlouhý	114
hlavně	114
zpracování	114
ruka	113
součást	113
spisovný	113
zda	113
studium	112
téměř	112
výkon	112
názor	111
určený	111
zákon	111
dokonce	110
kolem	110
konkrétní	110
obsah	110
opatření	110
teplo	110
zvláštní	110
například	109
někdy	109
soudruh	109
stránka	109
osoba	108
rychlost	108
tradice	108
značný	108
úspěch	108
útvar	108
akce	107
jednak	107
osobní	107
uvést	107
vznik	107
film	106
jednání	106
totiž	106
umělecký	106
věnovat	106
většina	106
záření	106
dohoda	105
existovat	105
zásada	105
předpis	104
přijít	104
stačit	104
teprve	104
vozidlo	104
ROH	103
napětí	103
něco	103
volný	103
vznikat	103
říkat	103
měnit	102
najít	102
plný	102
plánovaný	102
rada	102
spojený	102
zabývat	102
úloha	102
automobil	101
kvalita	101
ne	101
prostor	101
stanovený	101
dnešní	100
dřevo	100
důchod	100
literatura	100
norma	100
obor	100
vycházet	100
důvod	99
mimo	99
postupně	99
vzniknout	99
výročí	99
žádný	99
SSSR	98
délka	98
jejichž	98
snad	98
tvorba	98
jehož	97
kolektiv	97
mezinárodní	97
postup	97
provádět	97
zajistit	97
jednoduchý	96
mládež	96
nic	96
nikoliv	96
kontrola	95
obecný	95
smět	95
soutěž	95
světový	95
ukázat	95
vyžadovat	95
chování	94
objekt	94
působit	94
sice	94
těleso	94
vytvořit	94
zboží	94
závazek	94
částice	94
celek	93
jinak	93
politika	93
poznatek	93
získat	93
řidič	93
avšak	92
mnohý	92
moderní	92
náklad	92
podoba	92
pražský	92
ukazovat	92
vlastně	92
vzájemný	92
jediný	91
kdo	91
nárok	91
polovina	91
povinný	91
schopnost	91
správný	91
znát	91
zároveň	91
bod	90
potřebný	90
využití	90
znak	90
SSM	89
bývat	89
jedinec	89
model	89
počátek	89
sociologie	89
většinou	89
dráha	88
hospodářství	88
lid	88
lidový	88
měření	88
nějaký	88
odborový	88
onen	88
přímý	88
realizace	88
republika	88
spotřeba	88
stávat	88
týž	88
dosažený	87
družstvo	87
etapa	87
obvod	87
podobný	87
stavební	87
vrstva	87
ÚJČ	87
letošní	86
ochrana	86
přechod	86
správa	86
střední	86
veřejný	86
pokus	85
socializmus	85
vnější	85
dost	84
jejíž	84
krátký	84
léto	84
podíl	84
tehdy	84
účel	84
dávat	83
nedostatek	83
nyní	83
pokrok	83
považovat	83
původní	83
rozsah	83
zahraniční	83
úsilí	83
daleko	82
dělník	82
kategorie	82
naopak	82
potom	82
složitý	82
síť	82
vedle	82
vzhledem	82
ČSAV	82
ČSSR	82
podnět	81
pomocí	81
předpokládat	81
role	81
rychle	81
specifický	81
spolu	81
účast	81
činitel	81
chemický	80
docházet	80
hra	80
pomoc	80
poměrně	80
projevovat	80
spíše	80
zůstávat	80
aktivita	79
hudební	79
obsahovat	79
plnit	79
povinnost	79
půda	79
revoluce	79
údaj	79
autor	78
charakteristika	78
dosavadní	78
dílčí	78
jízda	78
kraj	78
provést	78
předseda	78
rozhodující	78
statistický	78
vyrábět	78
válka	78
úvaha	78
časový	78
jistě	77
pevný	77
rostlina	77
uvádět	77
výchovný	77
československý	77
čeština	77
rozbor	76
sloužit	76
snažit	76
tvůj	76
výše	76
zase	76
konstrukce	75
marxistický	75
pokračovat	75
potřebovat	75
povaha	75
revoluční	75
rovina	75
skutečný	75
učitel	75
čtyři	75
dlouho	74
fyzika	74
hnutí	74
hovořit	74
okres	74
tranzistor	74
výběr	74
zaměstnání	74
zatím	74
zůstat	74
článek	74
armáda	73
generace	73
jistý	73
oprava	73
opět	73
plně	73
počítat	73
provedení	73
přece	73
působení	73
velikost	73
barva	72
blízký	72
běžný	72
dovoz	72
komplexní	72
krystal	72
literární	72
nýbrž	72
osobnost	72
označení	72
příští	72
schůze	72
sféra	72
tisíc	72
únor	72
filozofie	71
hrát	71
milión	71
nástroj	71
použití	71
provedený	71
představa	71
rychlý	71
sledovat	71
snaha	71
třetí	71
uživatel	71
začátek	71
závodní	71
řád	71
dětský	70
fáze	70
přirozený	70
rozvíjet	70
zjistit	70
úspěšný	70
žít	70
existence	69
hranice	69
kvantitativní	69
lexikální	69
plastický	69
podobně	69
poloha	69
popis	69
pět	69
slovenský	69
výstava	69
celkem	68
historie	68
motiv	68
motor	68
objektivní	68
odměna	68
okresní	68
připravovat	68
rodina	68
váha	68
všechen	68
zvýšení	68
objem	67
princip	67
rozumět	67
závislý	67
nikdy	66
podařit	66
pomáhat	66
příčina	66
ať	65
buď	65
dopravní	65
dostávat	65
jízdní	65
myšlení	65
použít	65
průmysl	65
příliš	65
příroda	65
speciální	65
spojení	65
styk	65
tendence	65
závislost	65
hypnóza	64
minulý	64
prvý	64
přesně	64
přírodní	64
stranický	64
takto	64
zajímavý	64
zlepšení	64
ÚV	64
ústřední	64
činit	64
fronta	63
hodnocení	63
jenom	63
jméno	63
komunistický	63
lingvistika	63
náročný	63
porada	63
rozhodnout	63
stanovit	63
zemědělský	63
znovu	63
zpravidla	63
americký	62
fyzikální	62
navíc	62
obec	62
osa	62
středisko	62
vláda	62
výzkumný	62
čistý	62
živý	62
atomový	61
chápat	61
hmotnost	61
hudba	61
objevit	61
průmyslový	61
těžký	61
území	61
účastník	61
Československo	61
Škoda	61
faktor	60
jakost	60
jednota	60
kapitalistický	60
konat	60
kámen	60
metr	60
název	60
pedagogický	60
rád	60
veškerý	60
věk	60
zabezpečení	60
znalost	60
aplikace	59
energetický	59
letos	59
malta	59
národ	59
pravý	59
právo	59
přesný	59
rozměr	59
sociologický	59
udělat	59
uplatňovat	59
vazba	59
včetně	59
vědomí	59
řešit	59
bezpečnost	58
buržoazní	58
dispozice	58
díra	58
empirický	58
hledat	58
jazykověda	58
kniha	58
maximální	58
parametr	58
pohled	58
příležitost	58
spektrum	58
trvat	58
ulice	58
během	57
koruna	57
krajský	57
minulost	57
prodejna	57
silný	57
skutečně	57
sluneční	57
umožňovat	57
výraz	57
zvýšený	57
fakt	56
harmonický	56
informační	56
list	56
motivace	56
podstatně	56
proč	56
přesto	56
připravit	56
reakce	56
samostatný	56
samozřejmě	56
směrnice	56
vyjadřovat	56
věta	56
založený	56
zaměstnanec	56
začínat	56
zdraví	56
základna	56
západní	56
září	56
časopis	56
aktivní	55
alespoň	55
cement	55
dokázat	55
domácí	55
hlava	55
kus	55
mluvit	55
omezený	55
podklad	55
psát	55
slitina	55
událost	55
vyjádřit	55
využívat	55
vzdálenost	55
zdát	55
získaný	55
aspekt	54
náměstek	54
někdo	54
obecně	54
ohled	54
oko	54
případně	54
snadno	54
splnění	54
správně	54
týden	54
uzavřený	54
vyplývat	54
zasedání	54
zbytný	54
Fučík	53
dovolená	53
konference	53
kritika	53
krásný	53
květen	53
myslit	53
okolí	53
patrný	53
prakticky	53
pravda	53
probíhat	53
projevit	53
průměr	53
pták	53
schopný	53
splnit	53
styl	53
tradiční	53
umělec	53
vzít	53
výklad	53
Karel	52
chvíle	52
devizový	52
dovést	52
ideologický	52
kladný	52
kritérium	52
krystalový	52
molekula	52
myšlenka	52
nazývat	52
poznat	52
průměrný	52
stálý	52
televize	52
tábor	52
uskutečnit	52
vůz	52
zatímco	52
zbytek	52
úzký	52
žák	52
bohatý	51
divadlo	51
doprava	51
dějiny	51
hluboký	51
jakýsi	51
jevit	51
kmitočet	51
kolik	51
kůže	51
mimořádný	51
nakonec	51
obyvatelstvo	51
podstatný	51
polovodič	51
poskytovat	51
pouhý	51
procento	51
pás	51
silnice	51
spočívat	51
vodní	51
vývojový	51
záležitost	51
zúčastnit	51
brigáda	50
bytový	50
deska	50
folklór	50
kritický	50
obvykle	50
postava	50
pruh	50
přehled	50
připravený	50
příznivý	50
usnesení	50
veliký	50
vápno	50
věž	50
značně	50
zásobování	50
řeč	50
školní	50
Erben	49
dodavatel	49
kapacita	49
komunikace	49
lišit	49
lékař	49
mléko	49
místní	49
městský	49
náboj	49
objevovat	49
odpor	49
povrch	49
přispět	49
rodič	49
rovnice	49
ročník	49
seznámit	49
signál	49
technologický	49
umělý	49
zkoumání	49
zákonitost	49
čekat	49
ZV	48
charakteristický	48
disciplína	48
dostatečný	48
duben	48
iniciativa	48
obchod	48
operace	48
podílet	48
přicházet	48
příslušník	48
silniční	48
socializace	48
soulad	48
světlo	48
umožnit	48
určit	48
vystupovat	48
závažný	48
chyba	47
hned	47
konečně	47
konflikt	47
muž	47
nechat	47
nově	47
odpověď	47
okolnost	47
stavět	47
trvalý	47
téma	47
uplatnění	47
ustále	47
vzorek	47
zkoumat	47
úhel	47
řídit	47
aktuální	46
data	46
hodně	46
investiční	46
kolo	46
magnetický	46
následující	46
odstranit	46
podnikový	46
pomoci	46
postavení	46
prostřednictví	46
souhlas	46
sport	46
stěna	46
týkat	46
užívat	46
výměna	46
zajištění	46
zvýšit	46
úraz	46
řečený	46
divák	45
drobný	45
efektivnost	45
fond	45
jemný	45
lehký	45
moc	45
odběr	45
odběratel	45
předchozí	45
přičemž	45
tepelný	45
tolik	45
uložený	45
určení	45
ustanovení	45
zelenina	45
zemědělství	45
zodpovídat	45
zápis	45
čtvrtletí	45
budoucnost	44
dostatečně	44
jednou	44
klást	44
komunista	44
krev	44
materiální	44
mnohem	44
místnost	44
odlišný	44
podmíněný	44
souviset	44
trochu	44
vojenský	44
volba	44
vrátit	44
vzduch	44
zjištěný	44
značka	44
záměr	44
účinný	44
bílý	43
cihla	43
horní	43
mír	43
měřítko	43
nebezpečí	43
nositel	43
obyvatel	43
opravdu	43
orientace	43
plyn	43
postavit	43
prostý	43
přední	43
představitel	43
přejít	43
převážně	43
přítel	43
realizovat	43
slovník	43
typický	43
vyjít	43
zaměřený	43
ČSR	43
čin	43
říjen	43
žádoucí	43
JZD	42
charakterizovat	42
individuální	42
kapitalizmus	42
marxizmus	42
minimální	42
normální	42
odpovídající	42
odpovědnost	42
ovlivňovat	42
praktický	42
pravidelný	42
pravidelně	42
produkce	42
pětiletka	42
radioaktivní	42
slovanský	42
splněný	42
srovnání	42
teď	42
třídní	42
umístěný	42
vyskytovat	42
vysvětlit	42
výpočet	42
zajímat	42
Brno	41
chybět	41
hmotný	41
jaderný	41
jednotný	41
kostel	41
krok	41
mzda	41
obraz	41
odpovědný	41
pohybovat	41
potravinářský	41
pravděpodobnost	41
provozní	41
přístroj	41
statistika	41
uplatnit	41
učit	41
vesnice	41
vodárna	41
vždycky	41
záznam	41
zřejmý	41
demokratický	40
deset	40
děvče	40
jasný	40
jednotlivec	40
klasický	40
klášter	40
nikdo	40
nutnost	40
odhad	40
okraj	40
otevřený	40
platný	40
pračka	40
přeměna	40
radost	40
ráz	40
slovní	40
sportovní	40
sto	40
sval	40
tvůrčí	40
tělo	40
užitečný	40
večer	40
vědomý	40
zajišťovat	40
změnit	40
záruční	40
účinek	40
členský	40
škoda	40
ZO	39
dokončený	39
dávka	39
dřevěný	39
filozofický	39
funkcionář	39
hora	39
humanizmus	39
jednat	39
matematický	39
odbor	39
oddíl	39
označovat	39
podrobně	39
přibližně	39
přijmout	39
přinášet	39
rozsáhlý	39
roztok	39
složený	39
soudobý	39
tlak	39
vážný	39
vždyť	39
zdůraznit	39
zhruba	39
zřejmě	39
čtenář	39
Králové	38
Slovensko	38
blízko	38
budování	38
běžně	38
dokument	38
instituce	38
koncentrace	38
konečný	38
kruh	38
logický	38
matice	38
měkký	38
obvyklý	38
používaný	38
rozhodovat	38
samotný	38
směna	38
užívání	38
vlna	38
vyhláška	38
využít	38
výhoda	38
výhodný	38
výjimka	38
zásadní	38
zástupce	38
úplný	38
částka	38
cítit	37
denní	37
elementární	37
jakýkoli	37
jistota	37
kroužek	37
levý	37
ležet	37
náhrada	37
obchodní	37
ocel	37
okamžik	37
očekávat	37
pochopitelně	37
procházet	37
produktivita	37
přinést	37
přátelství	37
rozpad	37
rozpor	37
trh	37
vlak	37
vzájemně	37
výrazný	37
všude	37
zahájený	37
zlatý	37
zvlášť	37
účinnost	37
čtyřpól	37
aspoň	36
automatický	36
brát	36
dokonalý	36
domovní	36
generální	36
hrad	36
kontext	36
logika	36
ministerstvo	36
možná	36
perioda	36
povstání	36
pozadí	36
prostě	36
právní	36
rovný	36
tenhle	36
titul	36
určovat	36
vada	36
vypracovaný	36
vytvořený	36
vzhled	36
věnovaný	36
zahrada	36
zahrnovat	36
údržba	36
úplně	36
řídící	36
Erbenův	35
bezprostřední	35
budoucí	35
doma	35
domácnost	35
evropský	35
funkční	35
interpretace	35
krmivo	35
křivka	35
linie	35
mnohdy	35
moment	35
most	35
obklad	35
odborník	35
peníze	35
povrchový	35
prosinec	35
přednost	35
rozhodování	35
spline	35
tvrdý	35
tělesný	35
volební	35
vybraný	35
vyvolávat	35
vítr	35
výrazně	35
zařadit	35
zpracovaný	35
zvyšovat	35
úspora	35
Evropa	34
Kčs	34
Země	34
beseda	34
chov	34
cizí	34
desítka	34
domnívat	34
dospělý	34
dílna	34
festival	34
gravitační	34
kamenný	34
kontakt	34
krajina	34
kůň	34
motorový	34
německý	34
odvětví	34
okruh	34
pochopení	34
podpora	34
pojištění	34
pokyn	34
povolání	34
pól	34
přijatý	34
rozhlas	34
setkávat	34
skončení	34
složení	34
směs	34
snížení	34
syntetický	34
usilovat	34
vedený	34
vozovka	34
vyspělý	34
zdůrazňovat	34
častý	34
špatný	34
Václav	33
aniž	33
barevný	33
bezprostředně	33
cyklus	33
formální	33
hrubý	33
ideologie	33
jižní	33
kilometr	33
krize	33
kvalitní	33
listopad	33
nejprve	33
plech	33
podat	33
podívat	33
poprvé	33
pořádek	33
písek	33
připomenout	33
přát	33
přítomný	33
režim	33
režisér	33
rozšíření	33
roční	33
slyšet	33
statek	33
střed	33
subjekt	33
tentýž	33
týkající	33
těžko	33
udržovat	33
uvažovat	33
vymezení	33
vysoko	33
vytvoření	33
vzrůst	33
založení	33
zdivo	33
zeď	33
způsobit	33
ztráta	33
záležet	33
TIBA	32
bezpečný	32
budova	32
dlouhodobý	32
doporučovat	32
duch	32
experimentální	32
hladina	32
hlas	32
hrana	32
investice	32
knížka	32
mluvený	32
nabývat	32
nacházet	32
následek	32
obdobný	32
planeta	32
popřípadě	32
poslanec	32
potrubí	32
pozorovat	32
projekt	32
přejímka	32
převod	32
přítomnost	32
půl	32
realita	32
rekonstrukce	32
sem	32
skončit	32
snadný	32
soustředit	32
spjatý	32
společně	32
sídlo	32
technologie	32
uzavřít	32
vlast	32
vybavený	32
vytváření	32
využívání	32
výdělek	32
výrobce	32
vědní	32
vůči	32
zvíře	32
zápas	32
ústavní	32
šest	32
centrum	31
chléb	31
chodit	31
dialektický	31
dynamika	31
dělit	31
hvězda	31
ideální	31
jakýkoliv	31
kurs	31
kvantový	31
květ	31
lingvistický	31
loňský	31
majetek	31
nalézt	31
nést	31
obrovský	31
ochranný	31
odraz	31
organizační	31
orientovaný	31
pohádka	31
postoj	31
pozoruhodný	31
pravidlo	31
prospěch	31
pár	31
píseň	31
představit	31
příspěvek	31
rozhodnutí	31
rozlišovat	31
schválený	31
současnost	31
spojovat	31
společenství	31
srdce	31
stanice	31
starobní	31
svědčit	31
teplý	31
veličina	31
vlastnictví	31
vracet	31
vydat	31
vzdělání	31
zlepšit	31
Čechy	31
ředitelství	31
NDR	30
brambora	30
civilizace	30
denně	30
dvacet	30
efektivní	30
folklórní	30
herec	30
hodnotit	30
informovat	30
jet	30
lázeňský	30
nahradit	30
nastoupit	30
nemoc	30
noc	30
objev	30
obuv	30
odbory	30
optimální	30
palivo	30
položit	30
postupný	30
potíž	30
použitý	30
pozdější	30
pozice	30
počítač	30
prkno	30
produkt	30
přesnost	30
příloha	30
relativní	30
skoro	30
stanovisko	30
tuna	30
umět	30
upravený	30
uspořádání	30
vojsko	30
vypracovat	30
vysvětlovat	30
vzdálený	30
věcný	30
všestranný	30
zachovat	30
zajištěný	30
zima	30
záporný	30
četný	30
částečně	30
školení	30
cenný	29
chovat	29
diskuse	29
dodávat	29
díl	29
ekonomika	29
experiment	29
host	29
hustota	29
kapitola	29
kolektivní	29
konaný	29
kost	29
leden	29
lidstvo	29
lokomotiva	29
metodologický	29
náročnost	29
odevzdat	29
odmítat	29
oslava	29
pozorování	29
pásmo	29
předem	29
předložit	29
překážka	29
setkat	29
seznam	29
shodný	29
sjednaný	29
specializovaný	29
strojírenství	29
suchý	29
surovina	29
teplárna	29
trať	29
trvale	29
těsný	29
uplynulý	29
uvnitř	29
uznání	29
viz	29
vědec	29
zahájení	29
zaměřit	29
zelený	29
zimní	29
ztrácet	29
zásoba	29
útok	29
účelný	29
červen	29
řeknout	29
šířka	29
železný	29
Hradec	28
ONV	28
ačkoliv	28
bádání	28
bílkovina	28
dodnes	28
důsledný	28
hotový	28
jedině	28
jezdit	28
jmenovat	28
krytí	28
kvalifikace	28
les	28
litr	28
maso	28
masový	28
matka	28
metodologie	28
mluvnice	28
nepřítel	28
náležet	28
nářadí	28
ocelový	28
okno	28
organizmus	28
osvobození	28
osvojování	28
platnost	28
pochopit	28
pokládat	28
postupovat	28
péro	28
pěkný	28
překonat	28
přijet	28
původně	28
realizovaný	28
rostoucí	28
ruský	28
sbor	28
setkání	28
skladba	28
slabý	28
srpen	28
studie	28
trvání	28
upozornit	28
uvědomit	28
vietnamský	28
vstupní	28
vyjádření	28
vyvíjet	28
vyznačovat	28
vzdělávání	28
vápenný	28
vítězství	28
východní	28
všeobecný	28
zaměření	28
zastavit	28
zjištění	28
zvaný	28
záviset	28
čerpadlo	28
čtvrť	28
čára	28
řeka	28
charakterizovaný	27
cyklista	27
dbát	27
dokazovat	27
dopis	27
dávno	27
dávný	27
důsledně	27
estetický	27
existující	27
gramatický	27
houba	27
intenzita	27
interval	27
izotop	27
klid	27
komplex	27
kvalitativní	27
mistr	27
mzdový	27
měsíčně	27
měřit	27
nadále	27
naděje	27
naproti	27
nastat	27
nález	27
obsažený	27
opírat	27
osvětlení	27
podrobný	27
podzim	27
pokrokový	27
poněkud	27
postavený	27
potravina	27
pořadí	27
prováděný	27
prádlo	27
psychologie	27
pátý	27
relativně	27
rozdělit	27
scéna	27
sen	27
slunce	27
sobota	27
tabulka	27
tloušťka	27
ukládat	27
uzavření	27
učení	27
užitný	27
veřejnost	27
voják	27
vybavení	27
vyplývající	27
vyrovnat	27
výpočetní	27
výživa	27
věřit	27
zabezpečit	27
zařazení	27
zmíněný	27
zvyšování	27
zákazník	27
úder	27
čestný	27
řádně	27
šat	27
Fučíkův	26
Julius	26
bytost	26
celostátní	26
de	26
delegace	26
doplněk	26
dosažení	26
dvojice	26
elektřina	26
hodit	26
hospodaření	26
integrace	26
izolace	26
klíč	26
laboratoř	26
masa	26
minuta	26
mřížka	26
nosič	26
noviny	26
návštěva	26
pleť	26
pololetí	26
počínat	26
psaný	26
přírůstek	26
racionální	26
reálný	26
schéma	26
seminář	26
severní	26
silně	26
sklizeň	26
snížit	26
sortiment	26
soudružka	26
spektrální	26
strojový	26
tvrdit	26
uskutečněný	26
uspořádaný	26
velice	26
vlákno	26
vodovod	26
vstup	26
vykazovat	26
vypadat	26
vysoce	26
vysvětlení	26
vyznačený	26
vázaný	26
vážit	26
výuka	26
zvláštnost	26
získávat	26
ÚR	26
červený	26
čili	26
řešený	26
NF	25
Paříž	25
aktin	25
biologický	25
blízkost	25
celospolečenský	25
chovatel	25
chrám	25
chuť	25
dosah	25
dosahovat	25
duševní	25
dveře	25
důchodce	25
fakulta	25
hrdina	25
ihned	25
intenzívní	25
invalidní	25
iont	25
jazykovědný	25
kanál	25
konstanta	25
láska	25
lékařský	25
navazovat	25
navštívit	25
nástup	25
návštěvník	25
obdobně	25
obrázek	25
obtížný	25
občanský	25
odchylka	25
odvozený	25
ostatně	25
pionýr	25
plášť	25
podávat	25
pokusit	25
poněvadž	25
popředí	25
posluchač	25
pozitivní	25
požadovaný	25
praní	25
prodej	25
profesionální	25
přijímat	25
přínos	25
raný	25
rozdílný	25
rozhodně	25
rozšiřovat	25
rozšířit	25
ročně	25
ruční	25
soustředěný	25
subjektivní	25
svazek	25
symbol	25
syntéza	25
tajemník	25
takovýto	25
tisk	25
vydaný	25
vynikající	25
vyřešit	25
vzor	25
vztahovat	25
východisko	25
výhradně	25
výška	25
zachovaný	25
zahájit	25
zdravotnictví	25
zemský	25
zvolit	25
závada	25
zřetel	25
řádný	25
Horálek	24
Klatovy	24
aktivně	24
areál	24
definice	24
doklad	24
drahý	24
formování	24
fázový	24
interakce	24
jezdecký	24
kam	24
karosérie	24
kdysi	24
klíčový	24
koeficient	24
králík	24
mateřský	24
módní	24
nedávno	24
neděle	24
nulový	24
nutně	24
ostrý	24
označit	24
pes	24
pevnost	24
pionýrský	24
pocit	24
počest	24
pramen	24
proton	24
přispívat	24
původ	24
racionalizační	24
rozšířený	24
různě	24
sklad	24
slavnostní	24
sledovaný	24
stůl	24
série	24
sídliště	24
tempo	24
topidlo	24
tábořiště	24
určující	24
vyrobený	24
válec	24
vítězný	24
výchozí	24
výskyt	24
včera	24
zapotřebí	24
zbytečný	24
zdravý	24
způsobený	24
zásadně	24
čelo	24
čerstvý	24
čtvrtletně	24
říše	24
šedesátý	24
žádat	24
Jan	23
Lenin	23
Vltava	23
absolutní	23
autobus	23
bojovat	23
budovat	23
chlapec	23
dodavatelský	23
dolní	23
domov	23
dospět	23
dostatek	23
družice	23
držet	23
filmový	23
filosofický	23
filtr	23
heslo	23
hloubka	23
ideově	23
impuls	23
klub	23
kombinace	23
mechanizmus	23
mírový	23
odtud	23
omítka	23
opačný	23
osídlení	23
perspektiva	23
pobyt	23
potvrdit	23
používání	23
počáteční	23
pravděpodobně	23
publikace	23
písemný	23
přednáška	23
příčný	23
sdělovací	23
sedět	23
souhrn	23
soustavný	23
splňovat	23
spotřebič	23
spánek	23
strukturní	23
světelný	23
tkanina	23
transformace	23
tuhý	23
tání	23
udržet	23
ukazatel	23
upozorňovat	23
uprostřed	23
uspořádat	23
varianta	23
vedlejší	23
volit	23
vstupovat	23
vybrat	23
vybudovaný	23
vykonávat	23
vyslovit	23
vzorec	23
výkonný	23
významně	23
včas	23
zabránit	23
zadní	23
zapomínat	23
zdánlivě	23
zesilovač	23
zážitek	23
řízený	23
Boleslav	22
Bratislava	22
Knappová	22
Moskva	22
Němec	22
Ostrava	22
Plzeň	22
akademie	22
anglický	22
aproximační	22
architektura	22
bezpečnostní	22
báze	22
březen	22
dodržování	22
dvacátý	22
dít	22
frekvence	22
hezký	22
hluboce	22
hromadný	22
impedance	22
komunikativní	22
kontrolní	22
kontrolovat	22
kořen	22
krása	22
letní	22
lhůta	22
limit	22
lingvista	22
ministr	22
mohutný	22
morální	22
navzájem	22
někde	22
opakovat	22
organizovaný	22
organizovat	22
osm	22
otevřít	22
palác	22
plynout	22
poctivý	22
pohyblivý	22
pomocný	22
poskytnout	22
poslání	22
posuv	22
pořad	22
projednat	22
projít	22
provádění	22
prověrka	22
právem	22
prý	22
psychologický	22
pára	22
pěstovat	22
přenosový	22
přesvědčit	22
připomínka	22
přistupovat	22
restaurace	22
rybník	22
skládat	22
směřovat	22
snižovat	22
společensky	22
starost	22
strom	22
stručný	22
student	22
sůl	22
trestný	22
tuk	22
těsně	22
těšit	22
třicet	22
uložit	22
univerzální	22
uvědomovat	22
učeň	22
učinit	22
vařič	22
vodivost	22
volně	22
vyjádřený	22
vyrobit	22
vyráběný	22
vyrůstat	22
vyvolaný	22
vzácný	22
výplata	22
zabezpečovat	22
zapojený	22
zapomenout	22
zaujímat	22
zavedený	22
zařazený	22
zdaleka	22
zdravotní	22
zkouška	22
znít	22
zpět	22
zájmový	22
získání	22
čelist	22
černý	22
Gottwald	21
Josef	21
Klement	21
Labe	21
adresa	21
astronomie	21
blok	21
chodník	21
docela	21
díky	21
efekt	21
elektronový	21
finanční	21
gramatika	21
hořlavý	21
hypotéza	21
hřebík	21
inteligence	21
katalog	21
kladivo	21
klesat	21
končit	21
kázeň	21
leninský	21
lidskost	21
lineární	21
meliorace	21
metodický	21
myozin	21
mysl	21
měsíční	21
měď	21
naprosto	21
negativní	21
nemocný	21
neustálý	21
noha	21
objednávka	21
obytný	21
obyčejně	21
odpracovat	21
omezení	21
orchestr	21
plénum	21
pomůcka	21
porucha	21
poznámka	21
průběžný	21
pán	21
přípravný	21
racionalizace	21
reagovat	21
respektovat	21
sdělení	21
sklo	21
sloučenina	21
složitost	21
soukromý	21
souprava	21
spojit	21
spolupracovat	21
spotřebitel	21
srovnávat	21
studovat	21
sémantický	21
síň	21
tok	21
topný	21
tyristor	21
třetina	21
učiliště	21
ušlechtilý	21
vlhkost	21
vydržet	21
vyvolat	21
vzniklý	21
výborný	21
výstupní	21
zahraničí	21
zajišťování	21
zato	21
zavedení	21
zdravotnický	21
zpracovávat	21
zub	21
zásluha	21
čistota	21
čtvrtý	21
Martin	20
OV	20
atmosféra	20
banka	20
bohužel	20
budovaný	20
citlivý	20
dodat	20
dokonale	20
dovolit	20
děj	20
epocha	20
francouzský	20
ideový	20
izolační	20
jakož	20
každodenní	20
kádrový	20
moravský	20
móda	20
můstek	20
nabízet	20
napsat	20
novinka	20
nákup	20
námět	20
následovat	20
několikrát	20
občas	20
odejít	20
památka	20
periodický	20
projednání	20
pružný	20
psycholog	20
překlad	20
případný	20
raději	20
rozložení	20
schválit	20
shromáždění	20
slovesný	20
sociálně	20
souhlasit	20
spojitý	20
starat	20
stopa	20
stoupat	20
strojírenský	20
svoboda	20
syntaktický	20
trakční	20
tvůrce	20
uzavírat	20
vložka	20
vstoupit	20
vymezený	20
východ	20
zbývat	20
zemina	20
zisk	20
zkoumaný	20
zobák	20
zásuvka	20
červenec	20
živočišný	20
GŘ	19
Holešovice	19
Karlův	19
Marx	19
MěstNV	19
OZO	19
Olomouc	19
VÚM	19
ZDŠ	19
adekvátní	19
aktiv	19
auto	19
budoucno	19
centralizovaný	19
centrální	19
chemie	19
chránit	19
diagram	19
divadelní	19
dle	19
dodaný	19
družstevní	19
dřívější	19
elektromagnetický	19
geofyzikální	19
historicky	19
hlína	19
hračka	19
hřiště	19
index	19
jasně	19
jednoznačně	19
kamzík	19
kdežto	19
klasifikace	19
knihovna	19
kovový	19
krajní	19
levný	19
líbit	19
maďarský	19
mechanický	19
mládí	19
motivovaný	19
moře	19
muzeum	19
měnič	19
nabitý	19
naučit	19
obal	19
odpovědět	19
odstranění	19
odstraněný	19
odstředivka	19
odvodit	19
opevněný	19
ovlivnit	19
označený	19
paprsek	19
plod	19
plynový	19
pochod	19
pomalý	19
popsat	19
pověst	19
počasí	19
pořádaný	19
požár	19
požární	19
prezident	19
proběhnout	19
prostorový	19
průřez	19
pěstování	19
přestože	19
přistoupit	19
příjemný	19
příznačný	19
rovnováha	19
ráno	19
sběr	19
schválení	19
shoda	19
smrt	19
sotva	19
soustavně	19
specifika	19
sázavský	19
takt	19
tank	19
tematický	19
trubka	19
turbína	19
uspokojovat	19
uvažovaný	19
užitkovost	19
užití	19
vybudování	19
vyplynout	19
zmizet	19
zrod	19
zájemce	19
zámek	19
únorový	19
úspěšně	19
úvod	19
úzce	19
říjnový	19
špička	19
BSP	18
Dvůr	18
Jean	18
RVHP	18
Těšitelová	18
USA	18
VB	18
abstraktní	18
angažovanost	18
ba	18
bránit	18
chodba	18
dojem	18
dokončení	18
domů	18
doplnit	18
dramatický	18
dárce	18
dělba	18
důchodový	18
důkaz	18
formulovat	18
fyzik	18
geomagnetický	18
herecký	18
hráč	18
hypnotizovaný	18
idea	18
jinde	18
kluk	18
koncert	18
konstatovat	18
kulturně	18
kvalifikovaný	18
kyslík	18
kádr	18
křídlo	18
manželka	18
meliorační	18
mužstvo	18
mírně	18
najednou	18
náměstí	18
náplň	18
nějak	18
obilí	18
oblíbený	18
obtíž	18
obyčejný	18
oddělený	18
odlišovat	18
omezovat	18
ovzduší	18
označovaný	18
padesát	18
pamatovat	18
pasívní	18
požadovat	18
profil	18
prohloubení	18
prohlásit	18
pěvecký	18
přechodný	18
předepsaný	18
předsednictvo	18
připojený	18
připomínat	18
přirozeně	18
přátelský	18
přístrojový	18
působící	18
realizační	18
rodit	18
rolník	18
rozvinutý	18
rozvíjení	18
sarkomera	18
sazenice	18
sejít	18
sloveso	18
sociolog	18
součástka	18
spolek	18
spolupracovník	18
spotřebovat	18
stabilní	18
stadium	18
stručně	18
stávající	18
stáří	18
televizní	18
továrna	18
trest	18
třicátý	18
umístění	18
uspokojování	18
vrozený	18
vydávat	18
vzpomínka	18
vážený	18
výběh	18
všeobecně	18
vůle	18
zaměstnaný	18
západ	18
zásilka	18
zřízení	18
úvodní	18
úřad	18
číst	18
šum	18
Bubny	17
Vietnam	17
akt	17
aparát	17
aproximace	17
badatel	17
bibliografie	17
bratrský	17
chápaný	17
desetiletí	17
dialektika	17
dnešek	17
dobrovolný	17
dodržovat	17
doplňovat	17
dovolovat	17
drůbež	17
dukelský	17
dívat	17
dělnictvo	17
důkladný	17
důležitost	17
evidence	17
expozice	17
frekvenční	17
fyziologický	17
gotický	17
hledání	17
horský	17
ideál	17
izolovaný	17
jakmile	17
jakoby	17
jakožto	17
jaro	17
kino	17
kladně	17
kotel	17
kruhový	17
kryt	17
kterýkoliv	17
loď	17
léčení	17
morfologický	17
máj	17
nejenom	17
neutron	17
novinář	17
náboženství	17
ohrožovat	17
ojedinělý	17
omezit	17
operativní	17
osud	17
pan	17
paní	17
papír	17
pestrý	17
pitný	17
plánování	17
pochopitelný	17
polský	17
poměrný	17
poměry	17
potenciál	17
prací	17
pravdivý	17
prodávat	17
prokázat	17
promítat	17
propust	17
prudký	17
psychický	17
pětiletý	17
předat	17
předcházející	17
předložený	17
přeskok	17
převzít	17
přizpůsobit	17
reklamace	17
rentgenový	17
rozhovor	17
rudý	17
rukopis	17
sever	17
slavný	17
sloup	17
slovenština	17
snížený	17
specializace	17
spodní	17
spor	17
spousta	17
strukturální	17
systematický	17
taneční	17
technicky	17
technik	17
trend	17
trenér	17
tvořivý	17
tělovýchovný	17
ukončení	17
univerzita	17
uspokojivý	17
učební	17
užívaný	17
vlhký	17
vloni	17
vrchol	17
využitý	17
využívaný	17
výnos	17
větev	17
zachytit	17
zakázaný	17
zapojení	17
zastoupení	17
zavádění	17
zmínit	17
zpracovatelský	17
zpívat	17
zpětný	17
zvukový	17
zábava	17
záruka	17
zóna	17
zčásti	17
částečný	17
špičkový	17
štěstí	17
žánr	17
BP	16
Jaroslav	16
Jiří	16
MZVŽ	16
Morava	16
SJ	16
Sázava	16
Trutnov	16
Yanne	16
ano	16
choroba	16
datum	16
definovat	16
dno	16
dvakrát	16
dynamický	16
elektroda	16
farma	16
federální	16
geometrický	16
grafický	16
inventarizace	16
jarní	16
jednostranný	16
jestli	16
jmenovaný	16
kalendářní	16
karpatský	16
klidný	16
konstrukční	16
kooperace	16
kousek	16
krmení	16
krém	16
lampa	16
leninizmus	16
manipulace	16
matematika	16
metodika	16
mnich	16
motivační	16
navrhnout	16
navržený	16
nácvik	16
náhodný	16
náhradní	16
nápad	16
nápoj	16
národohospodářský	16
nátěr	16
návod	16
odmítnout	16
odstavec	16
okolní	16
onemocnění	16
opatrně	16
opatřený	16
operní	16
orientovat	16
ovoce	16
ověřit	16
perspektivní	16
pečlivě	16
pobočka	16
podlaha	16
podporovat	16
podzemní	16
pohybový	16
pojistka	16
pokoušet	16
položka	16
postižený	16
potvrzovat	16
pracovnice	16
pravdivost	16
proměna	16
prosazovat	16
protiklad	16
provozovna	16
prát	16
prémie	16
ptát	16
písmeno	16
představení	16
přehlídka	16
přenášet	16
přesahovat	16
přidávat	16
přijetí	16
připojit	16
přísný	16
referát	16
rezerva	16
románský	16
rozdělený	16
rozpis	16
rušení	16
sedadlo	16
sedm	16
sekundární	16
sezóna	16
skladování	16
spisovatel	16
společenskovědní	16
spotřební	16
stabilita	16
stanovení	16
strach	16
studna	16
svátek	16
tehdejší	16
totožný	16
upravovat	16
utkání	16
utváření	16
vrcholný	16
vybudovat	16
vycházející	16
vydání	16
vyprávět	16
vystoupit	16
vytápění	16
vzpomínat	16
výtvarný	16
větný	16
zachování	16
zavést	16
zkušený	16
zvětšit	16
zákoník	16
získávání	16
členění	16
řezivo	16
školský	16
školství	16
špatně	16
železniční	16
ATP	15
KNV	15
bavit	15
byť	15
básník	15
chod	15
chápání	15
cvičenec	15
cvičení	15
definovaný	15
diferencovaný	15
dohromady	15
dokončit	15
dolar	15
dovolený	15
dvůr	15
déšť	15
expedice	15
experimentálně	15
germanium	15
hladký	15
hygienický	15
inscenace	15
jakostní	15
jednotnost	15
jenže	15
kapalina	15
kašna	15
komorní	15
konfrontační	15
konstantní	15
král	15
květina	15
křemík	15
libovolný	15
mez	15
modrý	15
mozek	15
mrtvý	15
místopředseda	15
nadměrný	15
nahrazovat	15
naznačený	15
nucený	15
nádoba	15
obdržet	15
obrana	15
obrat	15
oběh	15
odpoledne	15
odrůda	15
odvodnění	15
oheň	15
olej	15
oprávněný	15
pedagogika	15
pevně	15
pilka	15
podzimní	15
podél	15
poezie	15
pojatý	15
poklad	15
pokrm	15
poradit	15
poskytování	15
potrava	15
poučení	15
povědomí	15
početný	15
poškození	15
poškozený	15
poštovní	15
profesor	15
progresívní	15
proměnná	15
prádelna	15
průkaz	15
pátek	15
předpokládaný	15
přeprava	15
přestavba	15
převážný	15
přidat	15
přístupný	15
reprodukce	15
rodinný	15
rovnoběžný	15
rozmanitý	15
rozmezí	15
severočeský	15
sklon	15
smírně	15
směnný	15
snést	15
snímek	15
spojitost	15
spokojený	15
sporný	15
sportovec	15
spotřebitelský	15
stadión	15
stan	15
stanový	15
stoupnout	15
stovka	15
stravování	15
strop	15
talíř	15
tenký	15
terén	15
textilní	15
tvořený	15
tvář	15
těhotenství	15
upevňovat	15
uplatňování	15
určovaný	15
uskutečňovat	15
valenční	15
vhodně	15
viditelný	15
vlažný	15
vyhovující	15
vypínač	15
vystoupení	15
vyvinutý	15
vyřešený	15
víceméně	15
výběrový	15
včasný	15
zadaný	15
zapojit	15
zapsat	15
zhodnotit	15
značit	15
znázorněný	15
ztratit	15
zvolený	15
závazný	15
ÚRO	15
čtvercový	15
šestý	15
školka	15
šťastný	15
železo	15
žádost	15
Bedřich	14
PO	14
SBČS	14
SSR	14
Slunce	14
Vávra	14
Vídeň	14
ZP	14
Záveský	14
alpínum	14
biotický	14
bojový	14
bota	14
brněnský	14
brána	14
budit	14
bydliště	14
chata	14
chráněný	14
cílevědomý	14
dialekt	14
dioda	14
dlouholetý	14
dvojnásobný	14
důl	14
důraz	14
elektrárna	14
fašistický	14
fotografie	14
hodnocený	14
hypnotický	14
idealistický	14
impedanční	14
italský	14
jednoznačný	14
jindy	14
komponenta	14
krizový	14
kvalitativně	14
křižovatka	14
lev	14
mastný	14
materialistický	14
mechanika	14
mikroskop	14
myokard	14
mýdlo	14
nahrávka	14
navázat	14
nedílný	14
nikde	14
noční	14
numerický	14
nádrž	14
nápis	14
obava	14
obejít	14
obkládačka	14
obličej	14
obsahový	14
opera	14
opeření	14
osobitý	14
osvobozenecký	14
otvor	14
ozbrojený	14
parní	14
plat	14
plemeno	14
plenární	14
plochý	14
podložka	14
podmiňování	14
pokusný	14
politicky	14
porovnání	14
portlandský	14
poslat	14
posouzení	14
potvrzení	14
poté	14
pověřený	14
poznávací	14
presbyterium	14
prohlubovat	14
prohlídka	14
projednávat	14
pronikat	14
průběžně	14
písmo	14
přenos	14
přestat	14
přesvědčení	14
přihlédnutí	14
přání	14
přípravek	14
příslušenství	14
působnost	14
redakce	14
rozdělení	14
rozpracovaný	14
rozpracování	14
rozvinout	14
ručně	14
skot	14
spatřovat	14
spoj	14
sporně	14
start	14
strojní	14
stín	14
středověký	14
sukně	14
svalový	14
syntax	14
tenkrát	14
tentokrát	14
tvrzení	14
upravit	14
určitě	14
usnadnit	14
usnadňovat	14
uvedení	14
vahový	14
vodík	14
vyhovovat	14
vyhovět	14
vykořisťování	14
vznikající	14
vzpomenout	14
výkaz	14
výsledný	14
zahrnout	14
zakladatel	14
zaručovat	14
zasahovat	14
zasloužit	14
zlato	14
zlepšovatel	14
zmínka	14
zvuk	14
zvětšovat	14
zásah	14
závodník	14
zřetelně	14
úhlový	14
úhrada	14
úměrný	14
ČVTS	14
četnost	14
částečka	14
šetřit	14
žehlička	14
Antonín	13
Francie	13
Huxley	13
Marxův	13
Německo	13
SČSP	13
Zdeněk	13
absorbovaný	13
absorbátor	13
administrativní	13
agenda	13
algebraický	13
automobilový	13
ač	13
bilance	13
buňka	13
bývalý	13
cit	13
delimitace	13
devátý	13
dohodnutý	13
dokud	13
domek	13
doslova	13
drama	13
dvojí	13
energetika	13
faktum	13
fenomén	13
firma	13
fonologický	13
foton	13
fungování	13
geologický	13
hlubinný	13
hluk	13
hmotový	13
hmyz	13
horký	13
hovorový	13
hygiena	13
individuum	13
interpolace	13
investor	13
jedlý	13
jemně	13
jezdec	13
jídlo	13
kamna	13
kaše	13
klenba	13
kmitočtový	13
kolečko	13
konkrétně	13
kosterní	13
kresba	13
krátkodobý	13
kubický	13
kuchyně	13
kůra	13
lesní	13
materiálový	13
miliarda	13
mládežnický	13
modernizace	13
myofilamentum	13
myslet	13
nadvýrobek	13
nadšení	13
navrhovat	13
naznačovat	13
nehoda	13
nejednou	13
nijak	13
nikl	13
nula	13
nápadný	13
objasnění	13
obnova	13
obsluha	13
obvodní	13
odborně	13
odběratelský	13
odhalit	13
odměňování	13
odpočinek	13
odrážet	13
oděv	13
olympijský	13
opat	13
opatřit	13
ovládat	13
ověřovat	13
paměť	13
park	13
pero	13
pečovat	13
peří	13
plazma	13
plánovací	13
podléhat	13
podobat	13
poděkovat	13
pohoda	13
pohodlný	13
polovodičový	13
položený	13
postulát	13
posuzovat	13
pozdní	13
pořád	13
pravděpodobný	13
pravicový	13
primitivní	13
prohlubování	13
proměnný	13
prožít	13
publicistický	13
pyramida	13
písemně	13
písnička	13
přecházet	13
předkládat	13
přehledný	13
překonání	13
přerušení	13
převládat	13
přečíst	13
připadat	13
připravovaný	13
přitažlivý	13
přivést	13
přídavek	13
příjem	13
příkaz	13
příslušnost	13
přívod	13
půdní	13
rakouský	13
regulace	13
rekreační	13
resort	13
roh	13
rozumný	13
rozvod	13
seismický	13
severomoravský	13
smyslový	13
souměrný	13
srdeční	13
stať	13
strmost	13
studený	13
stádo	13
svislý	13
svědek	13
tlustý	13
touha	13
trénink	13
tým	13
tělocvična	13
urychleně	13
uskutečňování	13
uvidět	13
uvolňovat	13
uvítat	13
ušetřit	13
vcelku	13
vchod	13
verze	13
večerní	13
vnitřně	13
vodorovný	13
vychovávat	13
vymoženost	13
vyměnit	13
vystačit	13
vytvářený	13
vytyčený	13
vyučovací	13
vzdušný	13
vzdělávací	13
vzorný	13
vážně	13
výjimečný	13
význačný	13
výzva	13
zabývající	13
zaměřovat	13
zanedbatelný	13
zastávka	13
zbavit	13
zbraň	13
zjišťovat	13
zkušební	13
zpočátku	13
zpoždění	13
zpracovat	13
zátěž	13
ústní	13
účastnit	13
čištění	13
členka	13
řezat	13
školkařský	13
žehlit	13
železnice	13
ženský	13
žijící	13
žárovka	13
Husák	12
Karpaty	12
Marie	12
Měsíc	12
PH	12
Pardubice	12
Prokop	12
Růžek	12
Svoboda	12
Tesla	12
admitanční	12
akustický	12
alkohol	12
alternativa	12
amplituda	12
anomálie	12
architektonický	12
asfalt	12
bibliografický	12
bitva	12
bohatě	12
břeh	12
cenový	12
chemicky	12
detektor	12
dohodnout	12
doplněný	12
dopoledne	12
dostupný	12
dovednost	12
drát	12
dvanáct	12
element	12
erupce	12
fonetický	12
formule	12
hliník	12
hokejista	12
holub	12
humanistický	12
indikace	12
industriální	12
iniciativní	12
instalace	12
interpolační	12
inventura	12
jablko	12
jesle	12
kandidát	12
knoflík	12
komunizmus	12
kondenzátor	12
koule	12
koza	12
kriticky	12
krychle	12
kráva	12
kupní	12
kvantum	12
laboratorní	12
letiště	12
lexém	12
ležící	12
manžel	12
maximálně	12
mechanizace	12
mládě	12
montáž	12
morfologie	12
morálka	12
mráz	12
mínění	12
nalezený	12
naprostý	12
narážet	12
narůstat	12
nastávat	12
natolik	12
nazvat	12
nazývaný	12
nejeden	12
neschopnost	12
nevýhoda	12
nosit	12
nákladní	12
názorný	12
objasnit	12
oborový	12
obracet	12
ocenit	12
odcházet	12
odhadnout	12
ohrozit	12
okupace	12
organický	12
osobně	12
osvojovat	12
ovlivněný	12
padnout	12
partie	12
patro	12
pilník	12
plátek	12
pochybně	12
podepsaný	12
podpis	12
podání	12
pokles	12
pokožka	12
pokročilý	12
pomalu	12
porost	12
posoudit	12
postihovat	12
povolení	12
pozemek	12
poškodit	12
poživatel	12
pravit	12
prodloužit	12
profese	12
prohlédnout	12
proniknout	12
propagandista	12
prosit	12
prostora	12
prožívat	12
prudce	12
prvořadý	12
pálený	12
předcházet	12
přejímat	12
překročit	12
překvapení	12
přivádět	12
přípustný	12
ranní	12
revize	12
rovnat	12
rozmach	12
rozptyl	12
rozpětí	12
rozšiřování	12
ryze	12
rána	12
samostatně	12
samozřejmý	12
schodiště	12
skalní	12
skrývat	12
skupenství	12
skvrna	12
sledování	12
sloužící	12
slupka	12
snášet	12
soud	12
soudit	12
soupis	12
součet	12
souřadný	12
spojování	12
správnost	12
statický	12
stavák	12
stýkat	12
střecha	12
středočeský	12
sucho	12
svěrák	12
sál	12
tajemnice	12
teoreticky	12
transformátor	12
trasa	12
trvanlivý	12
tvrz	12
těžiště	12
uskutečnění	12
uznávaný	12
vložený	12
vodovodní	12
volený	12
vyhodnocení	12
vysílaný	12
vysílat	12
vyznamenání	12
vyřešení	12
vápník	12
víčko	12
výbuch	12
výcvik	12
výměra	12
výsadba	12
výstup	12
významový	12
všimnout	12
zabezpečený	12
zahrnující	12
zahřívání	12
zastavení	12
zastoupený	12
zasáhnout	12
zaujmout	12
zaznamenat	12
zeptat	12
zmenšit	12
zmenšovat	12
změněný	12
zodpovědný	12
způsobovat	12
zájezd	12
zákrok	12
záměrný	12
závisle	12
Ústí	12
ústa	12
ČOV	12
Čelákovice	12
časově	12
čistit	12
čtverec	12
šroubovák	12
šíře	12
žlutý	12
Dvořák	11
KSSS	11
Kraus	11
Leninův	11
MV	11
McNeill	11
Petr	11
Polsko	11
Saussure	11
Skalice	11
VŘSR	11
aktinový	11
amplitudový	11
angažovaný	11
aplikovat	11
automat	11
beton	11
bok	11
bratr	11
brigádnický	11
buben	11
buržoazie	11
bydlení	11
básnický	11
celoroční	11
cizina	11
cukrovka	11
dařit	11
diferenciace	11
dimenze	11
dirigent	11
div	11
dokumentace	11
doporučit	11
dospívat	11
dotaz	11
děrový	11
elektronka	11
fonologie	11
hektar	11
hloubkový	11
homogenní	11
hradlo	11
hrob	11
humanita	11
hustý	11
hřib	11
infarkt	11
inovace	11
intenzívně	11
jedinečný	11
jelikož	11
jmenovatel	11
kanalizace	11
kapsa	11
katoda	11
keramika	11
kladený	11
kolekce	11
komentář	11
komunikační	11
komunální	11
koneckonců	11
kontinent	11
kontrakce	11
končetina	11
koordinace	11
kopaná	11
kopie	11
koupit	11
kronika	11
likvidace	11
linka	11
lokalita	11
lázně	11
magnetofon	11
maximum	11
medaile	11
milovat	11
milovník	11
mizet	11
mravní	11
měrný	11
měřený	11
naléhavý	11
nastupovat	11
navštěvovat	11
naznačit	11
nařízení	11
nebeský	11
neboli	11
nerv	11
nutit	11
náhle	11
náležitost	11
nástěnka	11
objemový	11
objevený	11
ochotný	11
odbočka	11
odebírat	11
odlišit	11
odpracovaný	11
ohniště	11
opakování	11
oponentní	11
oponentura	11
opora	11
opravdový	11
oproti	11
organizátor	11
oslavit	11
otec	11
otevření	11
ovlivňovaný	11
očekávaný	11
padesátý	11
pilíř	11
plynulý	11
pocházet	11
podélný	11
pohádkový	11
pokladna	11
pokračování	11
poločas	11
pomocník	11
pondělí	11
ponechat	11
popisovat	11
poradna	11
porušení	11
postarat	11
postačit	11
postihnout	11
posudek	11
poukaz	11
poválečný	11
pozitivizmus	11
pořádat	11
preventivní	11
procházející	11
projektový	11
prospěšný	11
průzkum	11
přechodový	11
předvolání	11
přelom	11
přesun	11
převést	11
přiblížit	11
přihlížet	11
přitahovat	11
příbuzný	11
přímka	11
příměs	11
přísada	11
redukovaný	11
respektive	11
rotace	11
rozličný	11
růstový	11
sbírka	11
sdružení	11
sdružovat	11
sestavený	11
sestavit	11
setrvačný	11
seznamovat	11
skok	11
smluvní	11
směřující	11
socializační	11
sociotechnický	11
spolehlivý	11
spínač	11
standard	11
stimulace	11
stoupající	11
studijní	11
střídat	11
sugesce	11
svítit	11
synchronní	11
sídlištní	11
talent	11
teoretik	11
terénní	11
teze	11
tkáň	11
tudíž	11
třebaže	11
třídění	11
uherský	11
upevnění	11
urychlit	11
určování	11
uspokojit	11
uváděný	11
vejce	11
velitel	11
velkovýroba	11
vesměs	11
vlhko	11
vládnoucí	11
vnímající	11
vodič	11
volat	11
vpravo	11
vrták	11
vteřina	11
vybavenost	11
vyměňovat	11
válečný	11
vánoční	11
vázat	11
vídeňský	11
víko	11
výpověď	11
výprava	11
vědecky	11
věkový	11
všeodborový	11
zachovávat	11
zajímavost	11
zakotvený	11
zamezit	11
zavádět	11
zbytečně	11
zbývající	11
zdravotník	11
zdůrazněný	11
zemědělec	11
zhoršovat	11
zkoušet	11
zkusit	11
zkušebna	11
zlepšovat	11
znečištění	11
zárodek	11
závěrný	11
zřízený	11
čistě	11
řetěz	11
řešitel	11
šetření	11
škodlivý	11
štít	11
šňůra	11
Alpy	10
Amerika	10
Anglie	10
Berlín	10
Bečva	10
Budějovice	10
Bulharsko	10
Chomsky	10
Dukla	10
František	10
Ivo	10
Japonsko	10
Liberec	10
LŠU	10
OU	10
PMV	10
Rossini	10
Smíchov	10
Vrchlabí	10
absorpce	10
adaptace	10
adenosintrifosfátázový	10
analogický	10
analyzovat	10
blížit	10
bohemistika	10
brigádník	10
budovatelský	10
bydlet	10
běžet	10
centimetr	10
cvičit	10
delegát	10
demokracie	10
detailní	10
detekce	10
devět	10
divize	10
dluh	10
dosažitelný	10
dotýkat	10
doufat	10
dozor	10
druhový	10
dutina	10
dědictví	10
dějinný	10
děkovat	10
dělení	10
dřina	10
ekonomie	10
elektrotechnika	10
emitovaný	10
expertíza	10
formulovaný	10
formát	10
fotbalový	10
gnozeologický	10
hašení	10
historik	10
hlavice	10
hokej	10
hotel	10
houbař	10
hradba	10
hraniční	10
hřeben	10
integrovaný	10
internacionální	10
interpersonální	10
intrapersonální	10
inženýr	10
jakkoliv	10
jeviště	10
jezero	10
každoročně	10
kleště	10
kmen	10
kodifikace	10
koleno	10
kolísání	10
kombinovaný	10
komplexně	10
komplikovaný	10
komutační	10
koncertní	10
konfrontace	10
kosmický	10
koupě	10
krychlový	10
krýt	10
kt	10
káva	10
lebka	10
letadlo	10
lov	10
lék	10
majitel	10
maminka	10
masáž	10
masív	10
materializmus	10
mezník	10
milý	10
mimopracovní	10
mimoto	10
mince	10
mnohokrát	10
nabídka	10
nadřízený	10
napomáhat	10
narušovat	10
naučný	10
nervový	10
nosný	10
nádraží	10
náhodou	10
návaznost	10
návrhář	10
něčí	10
obdivovat	10
obdoba	10
oblastní	10
oblouk	10
obsahující	10
obsazení	10
obvodový	10
odhalovat	10
odjíždět	10
odpad	10
odpadní	10
odstín	10
oficiální	10
ohebný	10
ohromný	10
onak	10
opravit	10
optický	10
osmdesátý	10
ostrov	10
osvobozený	10
ovlivňování	10
oznámit	10
partner	10
patrně	10
plněný	10
plynoucí	10
plátno	10
podmiňovat	10
pohnutka	10
politickovýchovný	10
polynom	10
popsaný	10
populární	10
poskytovaný	10
posuzování	10
posílat	10
potok	10
poznávání	10
pozorovaný	10
pozvat	10
pořádný	10
požádat	10
prach	10
primární	10
probíhající	10
propagace	10
propagační	10
provázený	10
prázdný	10
průčelí	10
pytel	10
pád	10
páka	10
pěstitel	10
přednostně	10
předávání	10
přibývat	10
přijímaný	10
přilehlý	10
přiměřený	10
připravenost	10
příkop	10
příručka	10
příslušet	10
půdorys	10
radostný	10
regionální	10
reklamační	10
relace	10
reportáž	10
revizionistický	10
revizionizmus	10
riziko	10
rostlinný	10
rozdělovat	10
rozhraní	10
rozlišení	10
rozum	10
ruch	10
rukojeť	10
rušivý	10
rám	10
rámcový	10
růže	10
sadba	10
salát	10
sdružený	10
sehrát	10
semeno	10
servis	10
sestava	10
shrnout	10
skrytý	10
skupinový	10
slavnost	10
sláva	10
smíšený	10
sonda	10
soudružský	10
souměrnost	10
sousední	10
soustředění	10
soustřeďovat	10
souvislý	10
součinnost	10
specificky	10
spolehlivost	10
stah	10
stavivo	10
stojící	10
strava	10
stížnost	10
stěžovat	10
středověk	10
sušárna	10
světonázorový	10
sympatie	10
systémový	10
sémantika	10
tah	10
televizor	10
terminologický	10
topení	10
tragedie	10
tramvaj	10
tón	10
ukončený	10
ukázka	10
umožněný	10
upevňování	10
uvolnění	10
uzavírání	10
učňovský	10
užít	10
vadit	10
vagón	10
vlevo	10
vložit	10
vládnout	10
vládní	10
vodohospodářský	10
vybírat	10
vyhlásit	10
vykonaný	10
vykořisťovatelský	10
vyloučit	10
vylučovat	10
vyplácet	10
vypracování	10
výjimečně	10
výtvor	10
vědeckovýzkumný	10
všecek	10
všední	10
zahrádka	10
zahrádkář	10
zajišťovaný	10
zakládat	10
zatížení	10
zbytně	10
zdění	10
zelinářský	10
zhodnocení	10
zkvalitnění	10
zpracovávání	10
zprvu	10
zpěv	10
zrovna	10
ztotožňovat	10
zvěř	10
závěrečný	10
zítra	10
úkon	10
úkor	10
únava	10
úplnost	10
útlum	10
účet	10
účinně	10
ČTO	10
čistění	10
čtyřicet	10
řemeslník	10
řádek	10
šířit	10
Žižkov	10
AI	9
CZV	9
Chvojen	9
Egypt	9
Fermi	9
Gottwaldův	9
Helena	9
Honza	9
Indie	9
KV	9
Kladno	9
Košice	9
Marta	9
NV	9
Novák	9
Otakar	9
Raděj	9
VTEI	9
angličtina	9
anoda	9
argument	9
armádní	9
astronomický	9
automobilka	9
badatelský	9
betonový	9
bezpečně	9
blahobyt	9
bolest	9
boční	9
brzký	9
bylina	9
celkově	9
cementový	9
cestující	9
cílový	9
daleký	9
derivace	9
detail	9
devadesátý	9
docílit	9
dokončovat	9
doplnění	9
duchovní	9
dívka	9
dění	9
děrovaný	9
důvěra	9
důvěrník	9
egyptský	9
ekonomicky	9
emise	9
emitor	9
faktura	9
filozof	9
fixovaný	9
formulace	9
fungovat	9
fólie	9
garáž	9
geometrie	9
germaniový	9
gravimetrický	9
gril	9
hala	9
harmonogram	9
hlásit	9
hláska	9
hodný	9
hospoda	9
hovězí	9
hradištní	9
hrdlo	9
hrot	9
hrozit	9
hruška	9
hypnotizér	9
intence	9
izolant	9
jazykově	9
jevový	9
jihomoravský	9
jubileum	9
kamarád	9
kancelář	9
kdykoliv	9
keramický	9
knižní	9
kovák	9
krevní	9
kritik	9
krk	9
krypta	9
královský	9
kyselina	9
kysličník	9
kříž	9
latinský	9
lesk	9
liga	9
luxe	9
láhev	9
látkový	9
magnetopáskový	9
marxisticky	9
maska	9
masér	9
meromyosin	9
metro	9
mezní	9
milice	9
mimořádně	9
miska	9
mletý	9
množit	9
mravnost	9
myslivecký	9
mívat	9
nahrazený	9
nalézat	9
narodit	9
navazující	9
naštěstí	9
nechávat	9
nerost	9
neutrální	9
normalizace	9
nákladný	9
náprava	9
národně	9
objednat	9
obrátit	9
obětavý	9
ocenění	9
oceňovat	9
odboj	9
odkaz	9
odkud	9
odnětí	9
odolný	9
odpadky	9
odvolání	9
ohrožený	9
okamžitě	9
okrajový	9
okrasný	9
opouštět	9
osada	9
osní	9
osvětlený	9
osvětlit	9
ověření	9
ověřování	9
oční	9
ošetřování	9
patent	9
patnáct	9
pedagog	9
pelichání	9
pečlivý	9
pila	9
pivo	9
plamen	9
plodný	9
plzeňský	9
poblíž	9
pochybnost	9
podloží	9
podobnost	9
podrobnost	9
pohyblivost	9
pojivo	9
politik	9
poptávka	9
popularita	9
postih	9
posun	9
potenciální	9
pověřenec	9
poznávat	9
prapor	9
procházka	9
prodlužovat	9
prohloubit	9
projednaný	9
proletariát	9
proletářský	9
prolínat	9
prospívat	9
prostranství	9
prováděcí	9
provázet	9
prst	9
prvotní	9
průchod	9
průmyslově	9
průměrně	9
páska	9
pěkně	9
předaný	9
přednesený	9
přednést	9
předstih	9
předtím	9
předvídat	9
předání	9
překročený	9
převedený	9
připadající	9
příchod	9
přísně	9
půvabný	9
radit	9
raněný	9
redukovat	9
reprezentant	9
reprezentativní	9
reprezentovat	9
resortní	9
revizionista	9
režie	9
román	9
rozbít	9
rozhlasový	9
rozvinutí	9
ryska	9
sahat	9
schvalovat	9
sedmdesátý	9
sedmý	9
sekretariát	9
sekáč	9
shodovat	9
skladatel	9
skleník	9
skleněný	9
souborný	9
soutěžící	9
související	9
spojka	9
spolujezdec	9
srozumitelný	9
stavebnice	9
stavebnictví	9
stotisíc	9
stranou	9
strojírna	9
stylový	9
stávka	9
střetnutí	9
svazák	9
syn	9
sídelní	9
takzvaný	9
tematika	9
tiskárna	9
tlačit	9
tma	9
tovární	9
tradičně	9
trubkový	9
týdně	9
těhotný	9
ucelený	9
ucho	9
uhradit	9
uměle	9
uplatňovaný	9
upřímný	9
ustálený	9
uveřejnit	9
uvolněný	9
uvážit	9
veletrh	9
vlnový	9
vybavit	9
vydávaný	9
vyloučený	9
vymezit	9
vynález	9
vynést	9
vyplněný	9
vypínací	9
vyslovený	9
vystavený	9
vyučování	9
vyčerpaný	9
vyšetřování	9
vzorový	9
vázanost	9
výdaj	9
výroční	9
výstavní	9
výtopna	9
vývoz	9
výčet	9
věrný	9
věčný	9
zahrnutý	9
zajít	9
zaviněný	9
zavázat	9
zaznít	9
zemětřesení	9
zevnitř	9
zhoršení	9
zhotovený	9
zjišťování	9
zklamání	9
zkrácený	9
zlepšený	9
zlepšování	9
zmatek	9
znění	9
zorný	9
zprostředkovaný	9
zrodit	9
zrušený	9
zvládnout	9
zvládnutí	9
zvítězit	9
zvětšení	9
zákaz	9
zákonitý	9
záliba	9
zázemí	9
záře	9
zřídka	9
ÚTZ	9
únik	9
čelný	9
činný	9
čtvrtstoletí	9
řadit	9
řez	9
řezání	9
řečový	9
šedesát	9
živelný	9
životnost	9
žláza	9
Barrandov	8
Brandýs	8
Györgyi	8
Karlín	8
Králík	8
Luboš	8
Merkur	8
Nixon	8
Němcová	8
SAV	8
Smetanův	8
Szent	8
Teplice	8
US	8
Vojtěch	8
Wolker	8
Zbrojovka	8
adjektivum	8
admitance	8
akademický	8
aktér	8
akční	8
alkoholický	8
analogie	8
archeologický	8
archív	8
asfaltový	8
atlas	8
autorita	8
bdělý	8
benzínový	8
bezesporu	8
bohemistický	8
brandýský	8
bronzový	8
brzdný	8
bída	8
celopodnikový	8
cestovní	8
chladič	8
chmel	8
chystat	8
citlivost	8
ctižádost	8
cukr	8
cyklistický	8
darovat	8
dcera	8
deskriptor	8
determinovaný	8
diference	8
diferenciální	8
dodatečně	8
dodávaný	8
dokumentovat	8
dokázaný	8
dopadnout	8
doprovázet	8
dočkat	8
dravec	8
dusík	8
ekvivalent	8
endogenní	8
entropie	8
exogenní	8
fit	8
folklorizmus	8
foném	8
formálně	8
fyzický	8
fyzikálně	8
generační	8
grilování	8
gymnázium	8
hledaný	8
hledět	8
hliníkový	8
hlásat	8
hláskový	8
hlídka	8
hodnotný	8
hradecký	8
hrnec	8
hrozně	8
hvězdný	8
indikační	8
informatika	8
interpret	8
inverzní	8
ionizace	8
izotropní	8
jednoduše	8
jedoucí	8
jedovatý	8
jih	8
jubilejní	8
jídelna	8
jíst	8
kabel	8
kalhoty	8
kapitál	8
klubovna	8
kognitivní	8
komplikace	8
komplikovat	8
koncepční	8
koordinovaný	8
korekce	8
kožní	8
krycí	8
krytý	8
kubánský	8
kulička	8
kusový	8
kutil	8
kvetoucí	8
lehce	8
lišta	8
louka	8
lvíče	8
lázeň	8
léčebný	8
mangan	8
mapa	8
maticový	8
mechanik	8
mezera	8
miliónový	8
mistrovství	8
mlynář	8
mlýn	8
množina	8
mocenský	8
molekulový	8
motocykl	8
myslící	8
nadpráce	8
nahoru	8
nalezení	8
naleznout	8
napsaný	8
nebe	8
nepříliš	8
nepřítomnost	8
nezbytnost	8
neúspěch	8
nicméně	8
normativní	8
nynější	8
nábor	8
nákupní	8
nálada	8
námaha	8
národnostní	8
násada	8
návrší	8
nůžky	8
objektivně	8
oběd	8
odchod	8
odlišnost	8
odnést	8
odporový	8
odstraňovat	8
odstup	8
ohlas	8
ohraničený	8
ohrožení	8
omyl	8
onomastický	8
ontologie	8
opracovaný	8
opravovat	8
optimizmus	8
osmistěn	8
osvědčovat	8
otevírat	8
ovládaný	8
ovládání	8
očekávání	8
palec	8
partyzán	8
periodizace	8
pečivo	8
plavat	8
plynný	8
plíce	8
podaný	8
podlehnout	8
podrobit	8
podskupina	8
podřízený	8
pojednání	8
pojednávat	8
pokojový	8
polní	8
poloosa	8
polyamid	8
porušený	8
poskytnutý	8
poslouchat	8
posloužit	8
posouvat	8
postupující	8
posílení	8
posílený	8
poukazovat	8
považovaný	8
pozor	8
pozorovací	8
pravoúhlý	8
produktivní	8
projednávání	8
projevující	8
provozovatel	8
prozatím	8
prozrazovat	8
próza	8
puls	8
pustit	8
pánev	8
pásový	8
písňový	8
pěvec	8
předkládaný	8
předloha	8
předmětný	8
předsedkyně	8
předčasný	8
přehrada	8
překládat	8
překonávat	8
překvapit	8
přesvědčený	8
přesvědčivě	8
přetrvávat	8
převaha	8
převrat	8
převáděný	8
přihlásit	8
přijímač	8
přiložit	8
připouštět	8
příběh	8
příznivě	8
racek	8
redukce	8
reflektor	8
regulační	8
rekreace	8
reprezentace	8
rozeznávat	8
rozhodčí	8
rozložit	8
rozpracovat	8
rošt	8
rožeň	8
ryba	8
rybářský	8
rytmus	8
různorodý	8
samozřejmost	8
samočinný	8
sestavování	8
seznámení	8
shodně	8
skalka	8
sklizený	8
skála	8
skříň	8
slavík	8
sloupec	8
smrtelný	8
smích	8
směrodatný	8
směrovací	8
sníh	8
soused	8
soutěžení	8
specialista	8
spojovací	8
spojovaný	8
spokojovat	8
spravedlivý	8
studio	8
studovaný	8
stárnutí	8
stěhování	8
střídavý	8
substance	8
substantivum	8
substrát	8
suma	8
svah	8
svatyně	8
svazácký	8
svařování	8
svobodný	8
svědomí	8
systematicky	8
sázet	8
sílit	8
tajemství	8
takřka	8
tanec	8
tankový	8
technickoekonomický	8
tenze	8
terminologie	8
tichý	8
tištěný	8
tkvít	8
tlumivka	8
tmavý	8
točit	8
tragický	8
traktor	8
trpět	8
turista	8
tuzemský	8
tvarový	8
táhnout	8
třikrát	8
udávat	8
uhlí	8
ulička	8
umožňující	8
umístit	8
uplynutí	8
urychlení	8
uvědomělý	8
uvědomění	8
uzel	8
uznávat	8
užitkový	8
vadný	8
vana	8
variace	8
vejít	8
venkovní	8
vepřový	8
vina	8
vinný	8
volno	8
vydatný	8
vyhlazování	8
vyjadřující	8
vymáchání	8
vynaložený	8
vypočtený	8
vyrovnávat	8
vyrůst	8
vysokoškolský	8
vystřídat	8
vyvarovat	8
vyzkoušet	8
vyžádat	8
vzestup	8
vzrůstat	8
vítat	8
výkonový	8
výlučně	8
výpis	8
výrok	8
výslovně	8
vědomě	8
věrnost	8
vězení	8
zachycení	8
zacházet	8
zakázka	8
založit	8
zanikat	8
zapadat	8
zaplatit	8
zapsaný	8
zaslat	8
zasluhovat	8
zavazovat	8
zařazovat	8
zbožní	8
zdar	8
zdánlivý	8
zelí	8
zhotovit	8
zjednodušení	8
zkreslení	8
zkrátka	8
zničený	8
zručnost	8
zrušení	8
zvyk	8
zvyknout	8
zánik	8
závazkový	8
závit	8
úcta	8
údolí	8
čest	8
čtení	8
čárový	8
řecký	8
řetězový	8
řádově	8
šance	8
škála	8
špinavý	8
šťáva	8
Žídek	8
žebro	8
železničář	8
Asie	7
Bohrův	7
Božena	7
Dánsko	7
Engels	7
FMHTS	7
Forgáč	7
Frýdlant	7
Grund	7
Hostinský	7
Jelenová	7
Krkonoše	7
Libeň	7
Lilienfeld	7
Lisický	7
Lázně	7
Managua	7
Maďarsko	7
Millerův	7
Miroslav	7
Mnichov	7
NSR	7
Oldřich	7
PV	7
Pavel	7
Pragaservis	7
Písek	7
Rakousko	7
Shockley	7
Suk	7
Tyl	7
Vary	7
Vladimír	7
Votruba	7
absolvent	7
absolvovat	7
agresívní	7
analogový	7
analytický	7
archeologie	7
autokorelační	7
automatizace	7
balíček	7
barokní	7
benzín	7
bezplatný	7
bipolární	7
bohatství	7
bojující	7
brzda	7
bulharský	7
běh	7
celistvý	7
chalupa	7
chladnička	7
chovatelský	7
chrámový	7
chybný	7
cigareta	7
citlivě	7
citovat	7
civilizační	7
copak	7
cvičný	7
cín	7
deformace	7
desátník	7
dieta	7
divit	7
dobový	7
dodržet	7
dodání	7
dojnice	7
dokládat	7
dokumentární	7
domněnka	7
doporučený	7
dorazit	7
dotace	7
dovážet	7
drážka	7
dub	7
dvojpól	7
dvourozměrný	7
dánský	7
dárcovství	7
dělitelný	7
dětství	7
elektrizace	7
elipsa	7
elán	7
energizující	7
etický	7
etnografický	7
externí	7
fašizmus	7
feudalizmus	7
formovat	7
fošna	7
front	7
fráze	7
galérie	7
glazovaný	7
graf	7
guláš	7
h	7
ha	7
hašený	7
hlad	7
hnědý	7
hoblík	7
hodinový	7
hodnotový	7
holý	7
hospodář	7
hydraulický	7
idealizmus	7
imperialistický	7
in	7
indický	7
individuálně	7
inhibice	7
instrumentální	7
intelektuální	7
interiér	7
intrinsický	7
invalidita	7
inventarizační	7
inženýrský	7
izolovat	7
jednorázový	7
jmenovitě	7
kalkulace	7
kamera	7
kapalný	7
kapitulní	7
katastr	7
kilo	7
kinetický	7
klesnout	7
kmit	7
kníže	7
konstruktér	7
kontrakt	7
kontrolovaný	7
koordinovat	7
korektura	7
korigovat	7
kostra	7
kotouč	7
koupel	7
kout	7
kovadlina	7
kritizovat	7
krmný	7
krutý	7
kružnice	7
kupovat	7
kvést	7
křemičitý	7
křížový	7
lať	7
legenda	7
lepenka	7
letnička	7
levicový	7
lidově	7
lomený	7
lomový	7
loutkový	7
lovit	7
loňsko	7
lvice	7
lvovský	7
lékařství	7
léčba	7
lístek	7
matematik	7
mazový	7
melodie	7
menšinový	7
meziosní	7
minimum	7
mluvenost	7
mléčný	7
mnohostranný	7
modifikace	7
modifikovat	7
moskevský	7
mouka	7
mykologický	7
myslitelný	7
myšlenkový	7
májový	7
máma	7
měnící	7
měšťanský	7
nabýt	7
nakoupit	7
naléhavě	7
namísto	7
napjatý	7
naplnit	7
nasazení	7
nasvědčovat	7
natočit	7
natáčet	7
nauka	7
nechť	7
nejasnost	7
nemocenský	7
nemocnice	7
nerovnost	7
nečistota	7
no	7
novodobý	7
náboženský	7
náležitě	7
námitka	7
národnost	7
násilný	7
násobek	7
názorně	7
někam	7
nůž	7
obdélný	7
obecenstvo	7
obecnost	7
objasňovat	7
objasňování	7
oblak	7
oblečení	7
obliba	7
obložení	7
obměna	7
obohacovat	7
obrys	7
obsluhovat	7
obydlí	7
obíhat	7
oběť	7
oceněný	7
odborář	7
odbyt	7
odebrat	7
odehrávat	7
odezva	7
odpovědně	7
odrazový	7
odstraňování	7
ohlásit	7
okamžitý	7
oktáva	7
olovo	7
omáčka	7
opakovaný	7
opakovatelný	7
opatrnost	7
opevnění	7
opoziční	7
opravna	7
organizování	7
originál	7
originální	7
osvobozování	7
osvojit	7
otrok	7
ozdoba	7
ozdobný	7
očistit	7
pachatel	7
padat	7
papírový	7
pavilón	7
pivovar	7
planetární	7
plavání	7
plánovat	7
plánovitý	7
pochyba	7
podepsat	7
podhorský	7
podnes	7
pohraniční	7
pojmový	7
pokročit	7
pokrytý	7
položení	7
polární	7
pominout	7
ponechávat	7
populace	7
poranění	7
porod	7
porozumění	7
porušit	7
posilovat	7
posilování	7
posouzený	7
pospolný	7
postradatelný	7
posádka	7
potah	7
potkat	7
potěšitelný	7
poukázat	7
povrchní	7
pozemní	7
početní	7
počkat	7
pořádně	7
pořídit	7
pořízený	7
prachový	7
prevence	7
prodejní	7
projekce	7
prosazování	7
proudový	7
prozaický	7
prvobytně	7
práh	7
psací	7
psaní	7
publicistika	7
publikovaný	7
píce	7
předběžný	7
předešlý	7
předvést	7
překračovat	7
přeměnit	7
přenést	7
přestávka	7
přetržitě	7
převládající	7
převodní	7
přibližný	7
přibýt	7
přijatelný	7
přijímání	7
radikální	7
rameno	7
reakční	7
realizmus	7
registrace	7
roub	7
rovnoměrný	7
rovnoměrně	7
rovnou	7
rozdělování	7
rozhodnutý	7
rozhodný	7
rozložený	7
rozmanitost	7
rozpoznat	7
rozptýlený	7
rozvíjející	7
rušit	7
ruština	7
rytmický	7
rádiový	7
sdělovat	7
sekyra	7
severovýchodní	7
shodnout	7
shromážděný	7
situační	7
sjednotit	7
sklep	7
sklidit	7
sklonek	7
skýtat	7
slabě	7
sloh	7
slučování	7
služební	7
solidarita	7
souhrnný	7
souhvězdí	7
soupeř	7
sousedství	7
soutěžit	7
souřadnice	7
spokojit	7
spára	7
statečný	7
stavebnina	7
strategie	7
stíhaný	7
středoškolský	7
stříbrný	7
stříbro	7
subsystém	7
sudý	7
surový	7
svébytný	7
svépomocný	7
svěřený	7
sympózium	7
sólista	7
tabule	7
tepelně	7
tečna	7
tiskopis	7
trakce	7
transformační	7
trestní	7
tribunový	7
trikotýn	7
trojúhelník	7
tropomyosin	7
trpělivý	7
truhlík	7
trvající	7
tvoření	7
tvořivost	7
tvořící	7
tvrdnout	7
tíhový	7
týdenní	7
třešeň	7
tříletý	7
udržování	7
udělený	7
ujít	7
ukrajinský	7
upevnit	7
upozornění	7
utilita	7
uveřejněný	7
uvolnit	7
uzávěr	7
učebnice	7
vakuový	7
var	7
velvyslanec	7
venkovský	7
ventil	7
verš	7
vesnický	7
večeře	7
vlas	7
vlasový	7
vltavský	7
vodivostní	7
vodojem	7
vojín	7
volič	7
vpřed	7
vstříc	7
vyhledávat	7
vyhnout	7
vyhrát	7
vymezovat	7
vymyslet	7
vypočítat	7
vyrazit	7
vystihovat	7
vysvětlený	7
vyústit	7
vyšetřovaný	7
vzbudit	7
vzestupný	7
váhový	7
vánoce	7
vášeň	7
výhled	7
výhledově	7
výhrada	7
výpěstek	7
výstaviště	7
výzdoba	7
věstník	7
větrání	7
vůně	7
zachránit	7
zachycovat	7
zainteresovaný	7
zakoupit	7
zamyšlení	7
započítávat	7
zasetý	7
zasílat	7
začlenit	7
zařídit	7
zbarvení	7
zbavený	7
zdokonalení	7
zdokonalování	7
zednický	7
zemní	7
zevní	7
zhodnocený	7
zinek	7
zlepšovatelský	7
zlý	7
zmocněný	7
znamenitý	7
zpracovávaný	7
zpěvák	7
zpřesnění	7
zvedat	7
záběr	7
záchrana	7
záhy	7
záporně	7
zásobovat	7
zástavba	7
závadný	7
zúčastňovat	7
údobí	7
úklid	7
úměrně	7
úroda	7
ústava	7
ústředí	7
územní	7
Český	7
čelní	7
členství	7
čtvrtina	7
čí	7
řazení	7
řešitelný	7
Šternberk	7
Švihla	7
šroub	7
švihadlo	7
železářství	7
živina	7
Afrika	6
Američan	6
Angelika	6
Božetěch	6
Daneš	6
Dokulil	6
Ferdinand	6
Filipec	6
Gottwaldov	6
Gusev	6
Gustáv	6
Hora	6
Houštka	6
Jarda	6
KPÚ	6
KRB	6
Kanada	6
Kuchař	6
Křtitel	6
Londýn	6
Mohorovičićův	6
Máj	6
NSP	6
OBP	6
Octavia	6
PJ	6
Pasák	6
Pavlov	6
Polerady	6
Prešov	6
Přerov	6
RVT	6
Randa	6
Rusko	6
Slezsko	6
Somoza	6
Sparta	6
Struna	6
Sušice	6
Třešňák	6
Uhlířová	6
Utěšený	6
VVZ	6
Vaňo	6
Vysočany	6
Vyšehrad	6
Věra	6
Zbraslav	6
Zálabí	6
Zápotocký	6
absolutizace	6
agitace	6
algoritmus	6
amatérský	6
analyzovaný	6
automaticky	6
autonomní	6
balení	6
barevnost	6
biskup	6
bojovník	6
bortit	6
brada	6
branka	6
britský	6
bronz	6
budovatel	6
běžec	6
bříza	6
bůh	6
celonárodní	6
chemikálie	6
chlad	6
chlap	6
chovatelství	6
chudý	6
chutný	6
chvilka	6
citový	6
civilní	6
cysta	6
cílevědomě	6
dech	6
dechový	6
defekt	6
definitivní	6
deformovaný	6
desátý	6
devatenáctý	6
dielektrikum	6
diplom	6
distinktivní	6
distribuční	6
dlažba	6
dobývat	6
dochovaný	6
dochovat	6
dojivost	6
dokonalost	6
doktor	6
doložit	6
donorový	6
doporučení	6
dopouštět	6
dopředu	6
dostavit	6
dostačující	6
dotknout	6
dovezený	6
dozvědět	6
drenáž	6
druhově	6
družba	6
dubový	6
dvojitý	6
dvorec	6
dálkový	6
dědičnost	6
důrazně	6
ediční	6
elektronika	6
elektrospotřebič	6
elektrotechnický	6
eliptický	6
emocionální	6
energeticky	6
estetika	6
etnografie	6
exhalace	6
explicitně	6
exponát	6
fenotyp	6
feudální	6
figura	6
filtrační	6
formace	6
fylogeneticky	6
gardový	6
generativní	6
geodetický	6
gnoseologický	6
gram	6
hadice	6
hejno	6
hierarchie	6
hlavička	6
hlášení	6
hnací	6
hnojivo	6
hodnotící	6
hokejový	6
horizont	6
hospodařit	6
hospodařící	6
hospodárný	6
hostit	6
husa	6
hutnictví	6
hvězdárna	6
hybnost	6
imperializmus	6
indexování	6
instinkt	6
institut	6
interpretovat	6
inventurní	6
investovat	6
inženýrství	6
ionizační	6
ionizovaný	6
jadrný	6
jedenáct	6
jednoduchost	6
jednotkový	6
jednotlivě	6
jehla	6
jez	6
jihočeský	6
jáma	6
kachna	6
kandík	6
kapitalista	6
kartáč	6
katastrofa	6
katedra	6
kinematografie	6
kladívko	6
klimatizace	6
klín	6
knižnice	6
koberec	6
kolikrát	6
komponent	6
konkrétum	6
kopec	6
korelace	6
koróna	6
kriminalita	6
kropení	6
kropit	6
krystalografický	6
krádež	6
krátce	6
kult	6
kvalifikační	6
kvalitně	6
kvantitativně	6
kvádr	6
kvůli	6
křemíkový	6
křivost	6
let	6
litovat	6
lokální	6
lom	6
léčebna	6
léčivý	6
límec	6
magnetosféra	6
maloměšťácký	6
malovýroba	6
manželství	6
marně	6
materál	6
mateřství	6
mezilidský	6
mimoškolní	6
mlčky	6
modulátor	6
monarchie	6
monopolní	6
monumentální	6
morfém	6
motoristický	6
moudrý	6
mozkový	6
muzika	6
myofibrila	6
míchat	6
míč	6
mýdlový	6
mýtus	6
měna	6
měřící	6
nafta	6
najevo	6
namnoze	6
namáhavý	6
naplnění	6
naplněný	6
napájený	6
napřed	6
narozený	6
nastínit	6
naturalistický	6
naukový	6
navrhovaný	6
nazvaný	6
neopozitivizmus	6
nepravidelnost	6
nesený	6
nesnáz	6
nezaměstnanost	6
nezávislost	6
nežli	6
nikterak	6
normálně	6
nos	6
nábytek	6
nádherný	6
náhoda	6
nárazový	6
náskok	6
nástěnný	6
návrat	6
návyk	6
názornost	6
nářek	6
několikaletý	6
obilovina	6
oblý	6
obohacený	6
obojí	6
obranný	6
obrna	6
obrysový	6
observatoř	6
obstarat	6
obsáhlý	6
obtížně	6
obětavost	6
oceán	6
oddělovací	6
oddělovat	6
odevzdaný	6
odhalení	6
odlišení	6
odolnost	6
odpočívat	6
odsouhlasený	6
odvodňovací	6
odvětvový	6
odznak	6
okupant	6
olomoucký	6
omluvený	6
opomenout	6
oprávnění	6
opřít	6
orientační	6
ostrůvek	6
osvědčený	6
osvědčit	6
otřes	6
označující	6
ošetření	6
pacient	6
paleta	6
panel	6
patřičný	6
peněžní	6
periodicita	6
placený	6
plavecký	6
pleťový	6
plodina	6
plynulost	6
pláž	6
pochlubit	6
pochybný	6
pochybovat	6
podceňovat	6
podepsání	6
podkladový	6
podlaží	6
podmíněnost	6
podmínění	6
podnikatel	6
podtrhovat	6
pojmenování	6
pokoj	6
pomník	6
ponechaný	6
posloupnost	6
postel	6
postindustriální	6
postižení	6
postrádat	6
posuvný	6
pot	6
potlačení	6
potrat	6
potvrzený	6
poukázka	6
poučit	6
poučný	6
pouštět	6
povodeň	6
pověrečný	6
pověsit	6
povšechný	6
pozitron	6
poznamenávat	6
pozorovatel	6
pozvolný	6
pozůstatek	6
pořadový	6
pošta	6
pracný	6
predispozice	6
premiéra	6
principiální	6
probírat	6
prodavač	6
produkční	6
programový	6
prohlašovat	6
prohlášení	6
projektant	6
projíždět	6
prokázaný	6
promluva	6
promluvit	6
promítnout	6
pronikání	6
propaganda	6
propagátor	6
propojení	6
propracovaný	6
prosadit	6
prospět	6
protichůdný	6
protikladný	6
prototyp	6
protáhlý	6
prázdniny	6
prášek	6
průjezd	6
průkopník	6
průvod	6
psofometr	6
pudr	6
pulsní	6
pájka	6
páteř	6
páčka	6
písčitý	6
pětadvacet	6
přebytek	6
předměstí	6
představující	6
předávat	6
přejímání	6
překonaný	6
překračování	6
překrásný	6
překvapený	6
přerušený	6
přestávat	6
přesčas	6
přetvářet	6
převedení	6
převodovka	6
přidržovat	6
přihláška	6
přiměřeně	6
připojení	6
přivlastňovat	6
přírodovědecký	6
příznivec	6
pšenice	6
působivý	6
půvab	6
radečský	6
ramínko	6
ražení	6
redukcionizmus	6
rehabilitace	6
reprografický	6
reálně	6
rovnost	6
rovnovážný	6
rozdílnost	6
rozebírat	6
rozklad	6
rozlišit	6
rozpadat	6
rozpustný	6
rozvodný	6
rozvojový	6
rtuť	6
rukavice	6
rybí	6
rychlený	6
rámový	6
rýsovat	6
různit	6
sada	6
samoobsluha	6
sankce	6
sazba	6
sbližovat	6
sbírat	6
schod	6
schůzka	6
scénka	6
sdělit	6
sebrat	6
selektivní	6
sestra	6
shora	6
signalizovat	6
skelný	6
skladiště	6
skladovaný	6
skončený	6
skvělý	6
slabika	6
slabina	6
sladký	6
slepý	6
sloupek	6
slábnout	6
směrový	6
socha	6
soda	6
sokolovský	6
solidní	6
sondování	6
soudržnost	6
soutěžní	6
sovět	6
spin	6
spontánně	6
sporák	6
srovnaný	6
srovnat	6
srovnatelný	6
srovnávací	6
srážka	6
stabilizovat	6
stahovat	6
statečnost	6
stavbař	6
stavit	6
stavitel	6
stejnosměrný	6
stimulovat	6
stlačený	6
stolek	6
stoprocentní	6
strategický	6
strukturalizmus	6
strávit	6
stráž	6
stupnice	6
stupínek	6
stáj	6
stálost	6
stěží	6
sušení	6
svatý	6
sváteční	6
svěřit	6
syrový	6
sádra	6
tep	6
teplárenský	6
termínovaný	6
tisíciletí	6
toužit	6
transpirace	6
trolejbus	6
trvalka	6
turistika	6
tušit	6
táborový	6
tělovýchova	6
těsnění	6
třídně	6
ubytovna	6
udržení	6
ukončit	6
uložení	6
uplynout	6
urychlený	6
uspokojení	6
uspokojivě	6
usuzovat	6
učitelka	6
užitečnost	6
vaření	6
vdovský	6
vektor	6
venku	6
ves	6
veselý	6
vitamín	6
vkus	6
vlastnický	6
vloha	6
vládce	6
vnitro	6
vpředu	6
vrtačka	6
vráska	6
vydělit	6
vydělovat	6
vyhlazovací	6
vyhlášený	6
vyhodnocený	6
vyhotovení	6
vyhrazený	6
vyložit	6
vylámaný	6
vymizet	6
vynaložit	6
vynikat	6
vynálezce	6
vyplatit	6
vyplňování	6
vypouštět	6
vypovídat	6
vyprávění	6
vyrovnaný	6
vysloveně	6
vysokopecní	6
vystavovatel	6
vysílání	6
vytrvalost	6
vytýčit	6
vytčený	6
vyučený	6
vyvinout	6
vyvrcholení	6
vyvstávat	6
vyzvat	6
vyzvednout	6
vyšetření	6
vzadu	6
vzdělávat	6
vzácně	6
výslovnost	6
výtěžek	6
vědomost	6
vřelý	6
zabraňovat	6
zachycený	6
zahajovat	6
zakrýt	6
zamyslet	6
zamýšlet	6
zaměstnavatel	6
zaměstnávat	6
započatý	6
zastupitelský	6
zatížený	6
zaznamenávat	6
zdařilý	6
zdlouhavý	6
zdokonalený	6
zdržovat	6
zdůraznění	6
zdůvodnění	6
zdůvodněný	6
zeleň	6
zesílení	6
zhotovení	6
zjistitelný	6
zkažený	6
zkoušení	6
zkoušečka	6
zkratka	6
zkrácení	6
znakový	6
znečištěný	6
zničit	6
zodpovědnost	6
zprostředkování	6
zrušit	6
zrádce	6
ztotožnit	6
zužovat	6
záhyb	6
zájmeno	6
zákonný	6
záloha	6
zářič	6
zúčastněný	6
zřetelný	6
úbytek	6
úplet	6
úpravna	6
úsporný	6
úterý	6
úvazek	6
ČOS	6
ČSN	6
Čína	6
čaj	6
čekací	6
čerpat	6
čerpání	6
čtvrtek	6
číselný	6
řehole	6
Šalda	6
Šumava	6
šablona	6
šachový	6
šatna	6
šelma	6
šestidenní	6
školák	6
škůdce	6
šroubek	6
Angela	5
Asingr	5
BLR	5
Bartoš	5
Baum	5
Beneš	5
Brežněv	5
Břevnov	5
Davisová	5
Duha	5
Důl	5
EHS	5
FFP	5
Gorkij	5
Hranice	5
Itálie	5
Janský	5
John	5
Josefův	5
Kolín	5
Kostelec	5
Krausová	5
Kroměříž	5
Křimice	5
LZ	5
Letná	5
Lipník	5
Litvínov	5
Lužický	5
Lužnice	5
MNV	5
Mathesius	5
Matoušek	5
McNeillův	5
Milan	5
MěNV	5
Neumann	5
Nový	5
Orava	5
Oskar	5
Ostravsko	5
Pilný	5
Richard	5
Rudolf	5
Shockleyův	5
Slovan	5
Slávia	5
Smolík	5
Strunová	5
Sumer	5
Svazarm	5
Szurkowski	5
TOS	5
Tokyo	5
Tomáš	5
Třeboň	5
Uhry	5
Ukrajina	5
VDR	5
Vaněk	5
Varnsdorf	5
Vašek	5
Venuše	5
Veselková	5
Vratislav	5
Weissův	5
ZK	5
absence	5
abstrahovat	5
abstraktně	5
abstraktum	5
adekvátně	5
adverbium	5
agitační	5
agregát	5
akceptorový	5
akumulace	5
akustika	5
algebra	5
alpský	5
ambit	5
anizotropní	5
anketa	5
anticipační	5
aplikační	5
apologetika	5
architekt	5
asanace	5
asimilace	5
asociace	5
ateliér	5
autentický	5
autobusový	5
autorův	5
balkón	5
barevně	5
basiliánský	5
bavlna	5
bazén	5
beletrizovaný	5
bezpodmínečně	5
biologicky	5
borovice	5
botanický	5
brzdění	5
buzení	5
bytí	5
celosvětový	5
cent	5
chaos	5
chodec	5
chytání	5
cihlářský	5
citovaný	5
cukrovar	5
cvik	5
cvičitel	5
cítění	5
dalekohled	5
dalekosáhlý	5
dar	5
definitivně	5
dekret	5
deník	5
detektivka	5
difúzní	5
disponovat	5
distribuce	5
dlaň	5
dláto	5
dobro	5
docílený	5
dodatek	5
dodavatelův	5
dodržení	5
dodávající	5
dojet	5
dole	5
dominantní	5
doplňování	5
doplňující	5
doposud	5
dopravně	5
doprovod	5
dorozumívací	5
dosahovaný	5
dosvědčovat	5
dotovaný	5
dotčený	5
dovědět	5
dočasně	5
dočíst	5
dořešení	5
duše	5
dvoudveřový	5
dvouletý	5
dárek	5
dík	5
dělo	5
děrování	5
důkladně	5
důslednost	5
edice	5
ekologický	5
ekvivalentní	5
elastický	5
elektricky	5
emoce	5
empirie	5
empirizmus	5
estetickovýchovný	5
eventuální	5
eventuálně	5
existenční	5
exponovaný	5
fakticky	5
faktický	5
falešný	5
filharmonie	5
fixace	5
fonon	5
formulování	5
fosfát	5
fotoelektrický	5
frekventovaný	5
generál	5
genotyp	5
geografický	5
gesto	5
golf	5
gramofonový	5
gumový	5
hasnice	5
hladový	5
hlediště	5
hlídat	5
hnízdění	5
hnědnutí	5
hoblování	5
hodlat	5
hornický	5
hornina	5
hospodárnost	5
hořák	5
hořčík	5
hranol	5
hrd	5
hrdý	5
hromadit	5
hrubě	5
hudebník	5
hudebně	5
humanitní	5
huť	5
hájit	5
házet	5
hřbet	5
hřbitov	5
hůl	5
imanentní	5
imitance	5
indium	5
indukovaný	5
inflace	5
inovační	5
insitní	5
inspirovaný	5
instalatérský	5
instruktáž	5
integrační	5
internacionalizmus	5
internista	5
izomer	5
jaksi	5
japonský	5
jasan	5
jmenovitý	5
jíl	5
kalkulovaný	5
kalorický	5
kamzičí	5
karbid	5
kaskáda	5
kavárna	5
kazit	5
kbelík	5
klad	5
klidně	5
klidový	5
kněz	5
kolega	5
kolegium	5
kolej	5
kombajn	5
kombinovat	5
kometa	5
komitét	5
komutace	5
koncentrovaný	5
koncept	5
koncipovat	5
konfliktní	5
konsolidace	5
konstatovaný	5
konstitutivní	5
kontinuita	5
kontraktilní	5
konvenční	5
konvertor	5
konverze	5
konzumní	5
koníček	5
kopyto	5
korpus	5
kosmetický	5
kostým	5
koukat	5
kouřit	5
kočka	5
kočárek	5
kořist	5
košile	5
kreslit	5
kriminální	5
kroužení	5
krystalografie	5
krytina	5
krásně	5
krátit	5
krátící	5
kukuřice	5
kupříkladu	5
kvantita	5
kvarteto	5
kyselý	5
kóta	5
křišťálový	5
lavička	5
leckdy	5
letecký	5
lexikologie	5
lešení	5
lichý	5
literárněhistorický	5
literárněkritický	5
ložisko	5
léčit	5
líbivý	5
mající	5
marxista	5
mazání	5
mechanicky	5
menšina	5
metafyzický	5
metastabilní	5
meziplanetární	5
milimetr	5
minerální	5
minout	5
mistrovský	5
mladoboleslavský	5
mluva	5
mluvčí	5
mnohonásobný	5
mnohotvárný	5
mocnost	5
modřín	5
monografie	5
morálně	5
mozaika	5
mořský	5
mrak	5
mravně	5
mužský	5
myosinový	5
máslo	5
míchání	5
mísa	5
mířit	5
měděný	5
měřicí	5
měšťácký	5
nabídnout	5
nadějný	5
naftový	5
nahrávat	5
naivní	5
nakladatelství	5
nanejvýš	5
naplňování	5
napájení	5
napájet	5
napříště	5
navenek	5
navázání	5
nejistota	5
nemocnost	5
nenávist	5
nesvoboda	5
nezměněný	5
neznalost	5
nitro	5
nosní	5
novost	5
novátorský	5
nukleon	5
náhlý	5
námořník	5
námětový	5
náraz	5
následný	5
následovně	5
náčelník	5
níže	5
obdivuhodný	5
obhájce	5
obkládání	5
obnovený	5
obohacení	5
obohatit	5
oboustranný	5
obratel	5
obsazený	5
obstarávat	5
obstát	5
obtížnost	5
oběžník	5
oběžný	5
obřad	5
ocelárna	5
ochotnický	5
odborářský	5
odebraný	5
odeslat	5
odhadovat	5
odjakživa	5
odkapní	5
odložený	5
odmítnutí	5
odolat	5
odpočinout	5
odpuzovat	5
odrazit	5
odsouzený	5
ohnutý	5
ohýbat	5
ohřívání	5
okénko	5
omítání	5
opakující	5
operační	5
opodstatněný	5
oponentský	5
opravený	5
opylování	5
organizačně	5
organizátorský	5
osmý	5
osnova	5
osový	5
ostravský	5
osvětlovat	5
otočný	5
otáčení	5
otáčet	5
ovládnout	5
ovocný	5
ozvat	5
očkování	5
památník	5
pamětník	5
panství	5
papoušek	5
parkování	5
parta	5
pasivita	5
patka	5
patrový	5
patřící	5
pařížský	5
paže	5
pec	5
perský	5
personální	5
pletený	5
pletivo	5
plodit	5
plotýnka	5
plynule	5
pociťovat	5
pocítit	5
podrobený	5
podtrhnout	5
podřizovat	5
podřídit	5
poetika	5
pohledávka	5
pohodlí	5
pohybující	5
pojímání	5
poklesnout	5
polarita	5
polesí	5
pololidový	5
polévka	5
pomale	5
popel	5
porovnávání	5
portál	5
posila	5
postoupit	5
postřeh	5
postřik	5
posudkový	5
posunout	5
potkávat	5
potěšení	5
potřebí	5
pouto	5
poučka	5
použitelný	5
povinně	5
povrchově	5
povídat	5
povídka	5
pozdravit	5
pozitivně	5
poznamenat	5
poznaný	5
počínání	5
počítaný	5
poškozovat	5
praporčík	5
prase	5
pravidelnost	5
pravítko	5
precese	5
privilegovaný	5
problematický	5
prodaný	5
prodavačka	5
profesionál	5
profilovaný	5
programátor	5
prohlubeň	5
prokazovat	5
promyšlený	5
proměnlivý	5
pronikavý	5
pronikavě	5
propadnout	5
propustný	5
proslulý	5
protierozní	5
protifašistický	5
protokol	5
prověřování	5
prozradit	5
prošlý	5
prožitek	5
průsmyk	5
průvodní	5
ptačí	5
publikovat	5
publikum	5
pásmový	5
pérový	5
pěstovaný	5
pětina	5
přebytečný	5
předchůdce	5
předek	5
předpověď	5
předpěstování	5
představenstvo	5
předstírat	5
předávací	5
předčit	5
překvapující	5
přerušovaný	5
přesahující	5
přesouvat	5
přestěhovat	5
přesvědčivý	5
převažovat	5
převládnout	5
převratný	5
převyšovat	5
převzetí	5
převádět	5
přibližovat	5
přidělený	5
přihlášený	5
přihlédnout	5
přikládat	5
přikročit	5
přilba	5
přinejmenším	5
připadnout	5
připisovat	5
připomínající	5
připoutat	5
připustit	5
přirážka	5
přiváděný	5
přivézt	5
přiznaný	5
přiznat	5
přizpůsobený	5
přádelna	5
příjemně	5
příkon	5
přípojka	5
přírodovědný	5
racionalita	5
razit	5
rašelina	5
reaktor	5
reciproký	5
referent	5
reflex	5
regulovat	5
rekord	5
rekultivace	5
relaxace	5
reliéf	5
rentabilita	5
repertoár	5
reprezentovaný	5
revizní	5
režný	5
rodný	5
rozepsat	5
rozjezd	5
rozkrádání	5
rozpadlý	5
rozpočet	5
rozvedený	5
rozvést	5
rozvíjený	5
rybář	5
rychlostní	5
rádio	5
sad	5
sborník	5
sběrač	5
schematicky	5
schvalování	5
scénář	5
sebraný	5
sediment	5
sedmnáct	5
sednout	5
sekvence	5
sekání	5
seno	5
sepsat	5
sepětí	5
seriál	5
shromažďování	5
siločára	5
sinusový	5
situovaný	5
skladovat	5
skladový	5
skládaný	5
sklízet	5
skutek	5
slavit	5
slibovat	5
slitinový	5
smalt	5
smečka	5
snižování	5
snídaně	5
sobecký	5
sobotní	5
souběžně	5
soudce	5
soudní	5
soužití	5
spatřit	5
speciálně	5
spis	5
spojující	5
spolkový	5
spolupůsobit	5
spontánní	5
spotřebovaný	5
spálený	5
spát	5
srovnatelně	5
srovnávání	5
srážet	5
standardní	5
staročeský	5
staveniště	5
stavěný	5
stejnocenný	5
stejnorodý	5
stimul	5
stoupenec	5
strakatý	5
stropní	5
stručnost	5
strážný	5
stupňovitý	5
stylistický	5
stylizovaný	5
stánek	5
stárnout	5
stěžejní	5
střetávání	5
střídání	5
subjektivně	5
sud	5
sugestivní	5
sui	5
svisle	5
svérázný	5
svíčková	5
svědectví	5
světlý	5
symbolický	5
sypaný	5
sériový	5
tamní	5
tankodrom	5
technokratický	5
tekutý	5
temeno	5
termodynamika	5
textilie	5
tkalcovna	5
tlumený	5
tmel	5
torzo	5
totalita	5
tribuna	5
trioda	5
triáda	5
trojpoměr	5
trouba	5
trvanlivost	5
tráva	5
tunel	5
turistický	5
turnaj	5
tučný	5
tvarovaný	5
tvarově	5
tvrdost	5
tvárnice	5
tyč	5
táta	5
tíha	5
těžba	5
těžkost	5
třešně	5
uchopení	5
uhlík	5
ujmout	5
uniformita	5
unikátní	5
uprchlý	5
upínat	5
upřesněný	5
usměrňovat	5
utrpět	5
utvářet	5
utíkat	5
uvádění	5
uvěřit	5
uzávěrka	5
učiněný	5
učivo	5
užitý	5
val	5
vavřín	5
vařit	5
velení	5
velmoc	5
ven	5
venkov	5
vertikální	5
vidění	5
vitro	5
vklad	5
vlastník	5
vlnočet	5
vlněný	5
vlákénko	5
vnímat	5
vodivý	5
vodíkový	5
volnost	5
vozík	5
vpravdě	5
vrch	5
vrt	5
vskutku	5
vychovat	5
vycházka	5
vyhazovat	5
vyhledat	5
vyhodnocování	5
vykázat	5
vynesený	5
vypočíst	5
vypínání	5
vypěstovaný	5
vypěstovat	5
vypůjčit	5
vyskytující	5
vyslechnout	5
vyslovovat	5
vystavovat	5
vystihnout	5
vysvětlovaný	5
vytvářející	5
vyvozovat	5
vyvrcholit	5
vyvážený	5
vyčistit	5
vyčleněný	5
vyřadit	5
vyřizovat	5
vyřízení	5
vzatý	5
vzdělanost	5
vzhůru	5
vznícení	5
vzrušující	5
válcovaný	5
víno	5
víra	5
vítaný	5
vítěz	5
výborně	5
východočeský	5
výplň	5
výrazový	5
výtah	5
včleňovat	5
vědění	5
větvička	5
všímat	5
vůdce	5
vžitý	5
vžít	5
zabezpečování	5
zabudovaný	5
zabírat	5
zadržený	5
zahraničně	5
zajet	5
zakládání	5
zakrývat	5
zalesněný	5
zalévat	5
zaměstnanecký	5
zaměňovat	5
zanechat	5
zapomenutý	5
započetí	5
zas	5
zaslaný	5
zasloužilý	5
zastavovat	5
zastupovat	5
zastánce	5
zasunout	5
zaujetí	5
zavazadlový	5
zavolat	5
zaznívat	5
zažít	5
zdarma	5
zdejší	5
zdokonalovat	5
zdravotně	5
zděný	5
zeměkoule	5
zjevný	5
zkrat	5
zkrátit	5
zkvalitnit	5
zlidovělý	5
zmenšení	5
znamení	5
znaménko	5
zneužití	5
zobecnit	5
zobecnění	5
zorganizovat	5
zpravodaj	5
zprostředkovat	5
zpáteční	5
způsobilost	5
způsobilý	5
zrno	5
ztracený	5
ztvrdnout	5
zvolna	5
zvyklý	5
zvát	5
zvážit	5
zvědavý	5
zálivka	5
západočeský	5
záslužný	5
zásobní	5
závorka	5
zúrodňování	5
Újezd	5
úhrn	5
úmluva	5
úmysl	5
úsekový	5
úsudek	5
účelně	5
úředník	5
ČSČK	5
Čech	5
Čedok	5
časopisecký	5
černobílý	5
čisticí	5
čistírna	5
členit	5
čtenářský	5
čtvrt	5
Řím	5
řemeslnický	5
řemeslný	5
řemeslo	5
říkávat	5
řízek	5
šachta	5
šev	5
škodit	5
šlechtický	5
štika	5
štáb	5
šumový	5
švec	5
šíření	5
Žacléř	5
železobetonový	5
železárna	5
životně	5
živě	5
žně	5
žídkův	5
žíla	5
Adygejec	4
Alexandr	4
Alois	4
Anna	4
Asyřan	4
Basov	4
Bellugiová	4
Benešov	4
Bernard	4
Bohuslav	4
Brown	4
Buch	4
Bydžov	4
Břetislav	4
CP	4
Chandlerův	4
Dalibor	4
Dixon	4
Dvořákův	4
FS	4
Fischer	4
Fourierův	4
Foustková	4
Francouz	4
Gaussův	4
Hamburk	4
Heil	4
Holandsko	4
Hostinné	4
Hůrková	4
Ivan	4
Jana	4
Janáček	4
Jirka	4
Jirotka	4
Jiránek	4
Jičín	4
Jugoslávie	4
Jůna	4
KU	4
Kablo	4
Kamenice	4
Kamil	4
Karviná	4
Katz	4
Kaucká	4
Kašperský	4
Kejzlar	4
Klad	4
Klumbies	4
Kosmas	4
Kracíková	4
Krnov	4
Kutná	4
Kučera	4
LPK	4
Ladislav	4
Laurin	4
Lhota	4
Lhotský	4
Lidice	4
Lilienfeldův	4
Mars	4
Matyáš	4
Max	4
Michalovce	4
Miloslav	4
Mood	4
Moravan	4
NATO	4
Nebeská	4
Nejedlý	4
Nevada	4
Nil	4
Nitra	4
Novotný	4
Náchod	4
Parker	4
Pastorek	4
Paul	4
Pennigerová	4
Pepíček	4
Plamen	4
Planckův	4
Poděbrady	4
Popovice	4
Posázaví	4
Poříčí	4
Pražan	4
Přemysl	4
Radeč	4
Rakovník	4
Repš	4
Rozvoj	4
Rus	4
SAPO	4
SRPŠ	4
SaS	4
Sedlčany	4
Sima	4
Staatsův	4
TJ	4
Tatra	4
Tatramat	4
Tatry	4
Trabant	4
Tábor	4
Třebíč	4
VKJ	4
VS	4
Vach	4
Veselý	4
Vlková	4
Vysočina	4
VÚ	4
Vít	4
VČVAK	4
absentér	4
absolutně	4
akademik	4
akceptor	4
aktivační	4
aktivizovat	4
aktomyosin	4
aktualizovat	4
akulturace	4
akvizice	4
alpínka	4
amatér	4
aminokyselina	4
amoniakální	4
amorfní	4
anatomický	4
angažovat	4
anorganický	4
antický	4
aproximovaný	4
argumentace	4
argumentovat	4
atlet	4
automatizovaný	4
axiomatický	4
babička	4
bahňák	4
bazilika	4
behavioristický	4
berlínský	4
berylium	4
bezpříspěvkový	4
blahodárný	4
blížící	4
bomba	4
botanik	4
box	4
bramborový	4
brk	4
brousit	4
bróm	4
buržoazně	4
byrokratický	4
bát	4
břemeno	4
břit	4
cestovat	4
cestování	4
chaotický	4
chirurgicky	4
chirurgický	4
chronický	4
chřipka	4
cihelný	4
cyklický	4
cyklistika	4
das	4
dav	4
daň	4
debut	4
definování	4
dehet	4
destrukce	4
devatenáct	4
dialog	4
difundovat	4
diskutovat	4
dlaždice	4
dobrovolně	4
dobytek	4
docházka	4
dodací	4
dodatečný	4
dohledný	4
dokola	4
dokumentační	4
dolarový	4
doložený	4
dolů	4
dominovat	4
donutit	4
dopad	4
doplňkový	4
dopravce	4
doprovázený	4
dopustit	4
dopřát	4
dorost	4
dosadit	4
doskok	4
dotvářet	4
doutnavka	4
dovnitř	4
dovršit	4
doznat	4
doznívat	4
dočasný	4
došlý	4
drift	4
družební	4
družstevník	4
držadlo	4
držený	4
dusíkatý	4
duševně	4
dvanáctina	4
dálka	4
dálnice	4
dálnopis	4
dámský	4
dírka	4
dýchat	4
dřík	4
dřít	4
dříví	4
důchodově	4
důstojník	4
důvěrně	4
eklektický	4
ekonom	4
elektrikář	4
elektronický	4
elektrostatický	4
eliminovat	4
emancipace	4
etapový	4
exaktní	4
excerpce	4
exportní	4
extrakce	4
fantazie	4
festivalový	4
filamentum	4
fluktuace	4
folklorizovaný	4
fondový	4
fonetika	4
fonoamatér	4
fotbal	4
fotbalista	4
fretka	4
fundovaný	4
funkcionál	4
galaxie	4
generis	4
genotypický	4
geofyzika	4
geografie	4
geometricky	4
globulární	4
gyrátor	4
hadr	4
hadřík	4
havíř	4
hedvábí	4
historickosrovnávací	4
hladce	4
hladkost	4
hladítko	4
hlasitě	4
hlučně	4
hmotnostní	4
hniloba	4
hodinky	4
hojně	4
honba	4
horečka	4
hotovost	4
houbařský	4
houslista	4
houževnatý	4
hrabě	4
hradiště	4
hraní	4
hrdinství	4
hromada	4
hráz	4
hrůza	4
humor	4
humánní	4
hydrát	4
házení	4
identifikace	4
ideolog	4
ignorovat	4
iluze	4
indukčnost	4
informovaný	4
iniciativně	4
iniciátor	4
inspirace	4
inspirovat	4
instalovaný	4
instalovat	4
institucionální	4
intelektuál	4
intelektuálský	4
interdisciplinární	4
internalizace	4
investičně	4
ionosféra	4
irelevantní	4
izočára	4
jalový	4
jařmový	4
jednobarevný	4
jednofázový	4
jehličnatý	4
jenomže	4
ječmen	4
jeřáb	4
jihovýchodní	4
jihozápadní	4
jiskření	4
junior	4
kalendář	4
kalorie	4
kampaň	4
kamzice	4
kanadský	4
kanalizační	4
kapela	4
kaple	4
katodový	4
keltský	4
kilogram	4
kladení	4
klenec	4
klesající	4
klinický	4
klouzat	4
kmitání	4
kodifikovanost	4
kolektivně	4
kolektor	4
kolmý	4
koloidní	4
kolébka	4
kombinatorický	4
kombinát	4
komedie	4
komora	4
komplet	4
kompozice	4
komín	4
kondenzační	4
kondenzovaný	4
konfrontovat	4
kongres	4
konsolidující	4
konstruovaný	4
kontextový	4
konto	4
kontrast	4
konvence	4
konzervativní	4
konzervovaný	4
konzultační	4
konání	4
kooperující	4
koordinační	4
korejský	4
korigovaný	4
kosočtverečný	4
kostka	4
kouř	4
kořeněný	4
kožený	4
krajinný	4
krajně	4
kreace	4
kreslený	4
krutost	4
krysař	4
krystalický	4
krystalograficky	4
krácení	4
kterýkoli	4
kuchyňský	4
kulatý	4
kupodivu	4
kupé	4
kuře	4
květinový	4
kybernetika	4
kybernetizace	4
kytara	4
kód	4
křeslo	4
křesťanský	4
křečový	4
křivý	4
křížit	4
kůlový	4
kůstka	4
labský	4
lak	4
lapidárně	4
laskavý	4
lazebník	4
leccos	4
leckde	4
led	4
ledacos	4
ledový	4
lektor	4
lesklý	4
letenský	4
letka	4
letmý	4
lež	4
lhostejný	4
ligový	4
logaritmus	4
logickometodologický	4
logicky	4
lokalizace	4
loutkář	4
luxusní	4
létající	4
lípa	4
líčení	4
lůžko	4
lžíce	4
magnetizmus	4
malostranský	4
manifestace	4
manuální	4
masívní	4
matematicky	4
mazanina	4
mentální	4
metabolizmus	4
meziresortní	4
mezopotámský	4
mikrofon	4
milióntina	4
miláček	4
mimořádnost	4
miniaturní	4
mladík	4
mluvnický	4
mládežník	4
mocný	4
modelový	4
modifikovaný	4
mokrý	4
montovaný	4
mosazný	4
mrzet	4
myslivost	4
mytí	4
médium	4
míchačka	4
mínit	4
mísení	4
místopředsedkyně	4
mýlit	4
měnný	4
měrový	4
mříž	4
nadbytečný	4
nadcházející	4
nadměrně	4
nadpis	4
nadtřídní	4
nahrazovaný	4
nakolik	4
namátkou	4
namátkový	4
namítnout	4
naměřený	4
napadnout	4
napojit	4
napájecí	4
narození	4
narušený	4
narůstající	4
narůstání	4
nastolení	4
nastupující	4
natrvalo	4
natáčený	4
navrhující	4
navštěvovaný	4
navždy	4
nazírání	4
nažina	4
nedaleko	4
nedostatkový	4
nedůvěra	4
negativně	4
nemovitost	4
neopozitivistický	4
nepochopení	4
nepusto	4
nepřeberný	4
nepřetržitý	4
nerozhodnost	4
nerozlučně	4
nesmírný	4
nespokojenost	4
nesčetný	4
nevěsta	4
neúnavný	4
nitka	4
normál	4
novelizace	4
novátor	4
nováček	4
nukleonový	4
nulovací	4
nulování	4
nábřeží	4
nádech	4
nános	4
nápadně	4
nápor	4
národopisný	4
nástavba	4
nástupní	4
názorový	4
názvosloví	4
nížinný	4
někdejší	4
několikanásobný	4
několikerý	4
němčina	4
obalový	4
obdiv	4
obdivovatel	4
objektiv	4
objevný	4
obloha	4
obr	4
obrazec	4
obrazovka	4
obrazový	4
obruba	4
obrubník	4
obrácený	4
obránce	4
obrátka	4
obrážet	4
obviněný	4
obzor	4
obzvláště	4
obávat	4
obíhající	4
obětavě	4
ocas	4
ochuzený	4
odcizit	4
oddělit	4
oddělitelný	4
odebíraný	4
odhalený	4
odhodlání	4
odjet	4
odklad	4
odkrýt	4
odkázaný	4
odlitek	4
odlišující	4
odnož	4
odolávat	4
odpadový	4
odpracování	4
odsouhlasení	4
odstraňovaný	4
odvaha	4
odvoz	4
odvádět	4
odvážný	4
ofenzíva	4
ohnisko	4
ohodnocení	4
ohřívací	4
okrsek	4
oltář	4
omezenost	4
omezovaný	4
onomastika	4
opak	4
opatřovat	4
operátor	4
oplátka	4
opona	4
oportunista	4
opracování	4
opravář	4
oprátka	4
optika	4
optimistický	4
opětovný	4
organicky	4
osel	4
oslavovat	4
osmdesát	4
osvojení	4
osvětlovač	4
osvětový	4
otazník	4
otevřeně	4
otočit	4
otrava	4
ovce	4
ovládnutí	4
oznámený	4
očištění	4
ošetřovat	4
padesátka	4
paleomagnetický	4
palička	4
palčivý	4
panující	4
parcela	4
pardubický	4
parťák	4
pasažér	4
pasný	4
patnáctiletý	4
patronátní	4
pařeniště	4
peeling	4
penzijní	4
periferní	4
periférie	4
perlička	4
petrohradský	4
plast	4
platina	4
plavba	4
plemenářský	4
plno	4
plsť	4
plynárenství	4
plíseň	4
poctivě	4
podezdívka	4
podkládat	4
podlahový	4
podložený	4
podnikat	4
podnikatelský	4
podnož	4
podporovaný	4
podpořit	4
podruhé	4
podržet	4
podržovat	4
podávání	4
poetický	4
pohlaví	4
pohlcovat	4
pohotovost	4
pojmenovaný	4
pojmout	4
pokolení	4
polemika	4
policie	4
poloprovozní	4
polotovar	4
polymer	4
popud	4
popálenina	4
poradenský	4
porazit	4
porota	4
porovnat	4
porážka	4
posilovaný	4
postranice	4
postřikový	4
posvátný	4
potenciálový	4
potud	4
potěšit	4
poustevník	4
povel	4
povolaný	4
povolený	4
povolit	4
povolovat	4
povětrnostní	4
pověřit	4
povšimnutí	4
pozadu	4
pozastavit	4
pozměněný	4
poznamenaný	4
poznamenání	4
pozorný	4
pozvání	4
pozůstalost	4
početně	4
počít	4
požádaný	4
pragmatika	4
pramenit	4
pravicově	4
precesní	4
predikační	4
preference	4
preparát	4
prestiž	4
prezídium	4
principiálně	4
problémový	4
probraný	4
prodleně	4
prodloužený	4
produkovat	4
prodávaný	4
prognóza	4
prohloubený	4
projednávaný	4
prokrvení	4
prokuratura	4
promýšlet	4
proniknutí	4
propracovat	4
protažený	4
protipožární	4
protisocialistický	4
protonový	4
protáhnout	4
prověřený	4
prověřit	4
prověřovat	4
prozkoumat	4
prut	4
pružnost	4
prvňáček	4
pryč	4
pryžový	4
práškový	4
průhledný	4
průtok	4
průvodce	4
psychika	4
psychoanalytický	4
ptáčnice	4
publicista	4
pud	4
pusto	4
putovat	4
pístový	4
pít	4
předběžně	4
předejít	4
předložka	4
přednášet	4
předpěstovávat	4
představitelně	4
předsudek	4
předurčený	4
předurčovat	4
předzvěst	4
předák	4
přehlédnout	4
přejíždět	4
překvapivý	4
překážet	4
přemístit	4
přemístění	4
přemýšlet	4
přenesený	4
přenosný	4
přerušit	4
přeskočit	4
přesvědčovat	4
přesáhnout	4
přesčasový	4
převzatý	4
přezkoušet	4
přežít	4
přežívající	4
přidání	4
přiložený	4
přimět	4
přinesený	4
připevnit	4
připojovat	4
připočíst	4
přistát	4
přivedený	4
přivítat	4
přiznání	4
přizpůsobovat	4
přičítat	4
příslib	4
příslovce	4
přístřešek	4
přítelkyně	4
přívodní	4
přívětivý	4
příznak	4
příčka	4
příčně	4
půjčka	4
půlstoletí	4
radiátor	4
radnice	4
rafinovaný	4
raketa	4
rampa	4
raně	4
rašple	4
recentní	4
recept	4
redakční	4
regulující	4
reklama	4
rekombinace	4
rekonstruovat	4
renesance	4
respektování	4
ret	4
revidovaný	4
režijní	4
riskantní	4
rod	4
rodičovský	4
rodící	4
rohovina	4
rohovka	4
rota	4
rovnoběžnostěn	4
rovnoprávnost	4
rovnostranný	4
rozcházet	4
rozdílně	4
rozdělat	4
rozebrat	4
rozepisovat	4
rozkládat	4
rozkvět	4
rozloučit	4
rozmnožit	4
rozpočtový	4
rozpracovanost	4
rozpracovávat	4
rozprava	4
rozvázání	4
rubrika	4
ručička	4
rušený	4
rušný	4
rýha	4
rčení	4
růžový	4
savec	4
sbíhat	4
schovávat	4
scházet	4
sdružování	4
sedlatý	4
sehnat	4
sekera	4
sekretář	4
selekce	4
semenářský	4
senilní	4
senát	4
sestavovat	4
sesychání	4
seznámený	4
sféricky	4
shon	4
shrnutý	4
shromáždit	4
signifiant	4
silový	4
sjednat	4
sjednocení	4
sjednocený	4
sjednávaný	4
sjezdový	4
skalnatý	4
skalnička	4
skládka	4
skromný	4
skákat	4
skříňka	4
slavistický	4
slavistika	4
slepice	4
sleva	4
slib	4
slohový	4
sloupový	4
sloučení	4
slovesnost	4
sluha	4
slušet	4
slušný	4
slíbit	4
smetana	4
smluvně	4
smrkový	4
smát	4
směle	4
smělý	4
snažení	4
sněhový	4
sněmovna	4
soběstačnost	4
sodík	4
sokl	4
sortimentní	4
soudržný	4
souhlasně	4
souhrnně	4
soupiska	4
součinitel	4
sova	4
spadající	4
spadat	4
spadnout	4
spalovna	4
spartakiáda	4
specifičnost	4
splývat	4
spojenec	4
spolehlivě	4
spoluvytvářet	4
spona	4
spotřebovávat	4
spočívající	4
spořit	4
sprcha	4
spád	4
spálení	4
spánkový	4
spěchat	4
srpnový	4
srst	4
stabilizace	4
stanoviště	4
starobylý	4
staroměstský	4
startovat	4
status	4
stejnoměrný	4
sterilní	4
stisknout	4
stranickost	4
strašně	4
strašák	4
stromek	4
struska	4
studentský	4
studentstvo	4
studánka	4
stvol	4
stáhnout	4
stáž	4
středa	4
středně	4
střídavě	4
stříhat	4
suk	4
sušený	4
svalstvo	4
svolat	4
svízelný	4
svěřovat	4
svěžest	4
svěží	4
symbolicky	4
sympatický	4
synchronie	4
systemizace	4
sáhnout	4
takhle	4
taška	4
tažný	4
telefon	4
tematicky	4
temný	4
teoretickometodologický	4
teplomet	4
teploměr	4
teplonosný	4
terasa	4
teritoriální	4
teritoriálně	4
test	4
testovat	4
testování	4
textil	4
tlačítko	4
tlouci	4
totální	4
tož	4
tramvajový	4
transformacionalista	4
transformacionalistický	4
transfúze	4
transfúzní	4
transmise	4
transportní	4
trhlina	4
trofej	4
trojmocný	4
trojí	4
trám	4
trápit	4
trávit	4
tržba	4
tuhnout	4
tuzemsko	4
tužka	4
typicky	4
typologie	4
typový	4
tyristorový	4
táboření	4
tělesně	4
třebas	4
ubývat	4
udržovaný	4
udávaný	4
ujasnit	4
ukládání	4
um	4
umírat	4
unikat	4
uniknout	4
upevněný	4
uplatněný	4
upoutat	4
urychlovat	4
usadit	4
uskutečnitelný	4
usměrňovač	4
usnout	4
uspokojený	4
ustavit	4
usínání	4
utéci	4
uvažování	4
uvolňování	4
uvěřitelný	4
uvěřitelně	4
uzamykatelný	4
uznat	4
užitek	4
vahadlo	4
variabilita	4
variační	4
varovný	4
varšavský	4
vegetace	4
velkoobchodní	4
velkorysý	4
velvyslanectví	4
vesnička	4
vestavěný	4
vinohradský	4
violista	4
viset	4
vkládat	4
vlakový	4
vlastenecký	4
vnitrostranický	4
vnášet	4
vnést	4
vně	4
vodárenský	4
vodítko	4
voltmetr	4
vonět	4
vrcholit	4
vrstevník	4
vrut	4
vrácený	4
vstřikování	4
vybojovat	4
vychladnout	4
vychovatel	4
vydávání	4
vyhašený	4
vyhlazený	4
vyhodnocovat	4
vyhodnotit	4
vyhraněný	4
vyjadřování	4
vyjasnit	4
vyjet	4
vykládat	4
vykonávaný	4
vymezovaný	4
vymáhat	4
vyměřovat	4
vynakládat	4
vynaložení	4
vynucovat	4
vynutit	4
vyplácený	4
vypnout	4
vypočítaný	4
vysazovat	4
vyslovovaný	4
vyslání	4
vysokofrekvenční	4
vysokotlaký	4
vystavit	4
vystavět	4
vystupující	4
vysvětlování	4
vytahovat	4
vytyčit	4
vyvodit	4
vyvolání	4
vyvrátit	4
vyzdvihovat	4
vyznat	4
vyznavač	4
vyznačení	4
vyznačit	4
vyznít	4
vyústění	4
vyúsťovat	4
vyčerpávající	4
vyřazení	4
vyžadující	4
vzdát	4
vzorkovaný	4
vztažený	4
vztáhnout	4
vzácnost	4
vzápětí	4
václavský	4
váhat	4
vápenatý	4
váček	4
víkend	4
výboj	4
výbušný	4
výchovně	4
výdej	4
výjev	4
výkladový	4
výkop	4
výkyv	4
výlet	4
vývin	4
vývojově	4
vývozní	4
výzbroj	4
včela	4
včerejší	4
vědeckoorganizační	4
věrohodný	4
vězeň	4
vřele	4
všestranně	4
zabarvení	4
zabezpečovaný	4
zahajovací	4
zahnutý	4
zahradnický	4
zahrádkářský	4
zahřátý	4
zakončený	4
zakotvit	4
zakoupený	4
zakrytý	4
zanedbat	4
zaniknout	4
zanikání	4
zaoblený	4
zaplnit	4
zaplněný	4
započít	4
zapustit	4
zarazit	4
zasadit	4
zasahující	4
zasazení	4
zasedat	4
zasklený	4
zasloužený	4
zastavěný	4
zastudena	4
zastupitelný	4
zazpívat	4
začátečník	4
začínající	4
zařazovaný	4
zařazování	4
zbytkový	4
zbýt	4
zdokonalit	4
zdolat	4
zděř	4
zefektivnění	4
zemnění	4
zemřelý	4
zesílený	4
zformovat	4
zjednodušený	4
zjednodušeně	4
zjednodušit	4
zkontrolovat	4
zkvalitňování	4
zlepšovací	4
zlobit	4
zloděj	4
zlomit	4
zločin	4
zmetek	4
zmírnit	4
znalec	4
známka	4
znázorňovat	4
zobrazení	4
zpevněný	4
zpracovanost	4
zprostředkovaně	4
zpátky	4
zpětnovazební	4
způsobovaný	4
zrada	4
zralý	4
zrcadlo	4
zrání	4
ztížený	4
ztělesnění	4
zvrat	4
zvulgarizovaný	4
zvyšující	4
zábavný	4
zájmenný	4
základový	4
záminka	4
záměrně	4
zánět	4
západoevropský	4
západoněmecký	4
zásobovaný	4
zásobující	4
zástup	4
závaží	4
závitnice	4
závitový	4
zářit	4
zřizovat	4
úmrtí	4
únosný	4
úrazovost	4
úrodný	4
útlý	4
útočit	4
útočný	4
účelový	4
účelově	4
účinkovat	4
úžasný	4
ČSD	4
ČSTV	4
Černý	4
čekaný	4
čekárna	4
čelit	4
čelákovický	4
čerstvě	4
česky	4
čestnost	4
četba	4
čilý	4
členitý	4
čtrnáct	4
čtyřdveřový	4
čtyřletý	4
čtyřpólový	4
řezaný	4
Šmíd	4
šachista	4
šestinedělka	4
šestnáct	4
šikmo	4
šikmý	4
široce	4
šití	4
škodlivina	4
školený	4
šlechta	4
šodó	4
štukový	4
štíhlý	4
štěpení	4
šupina	4
švédský	4
šťavnatý	4
žabí	4
živel	4
živit	4
živitelka	4
živičný	4
živočich	4
žádaný	4
žízeň	4
AV	3
AZNP	3
Alšův	3
Amica	3
Anton	3
Atlantik	3
Azur	3
Babylón	3
Bardeen	3
Baštová	3
Belveder	3
Benešovsko	3
Beroun	3
Boban	3
Borovičková	3
Bradlo	3
Brattain	3
Bretaň	3
Brusel	3
Burgas	3
Bystrica	3
Chabrolův	3
Cheb	3
Combi	3
Comptonův	3
Consul	3
DKP	3
Defa	3
Dejvice	3
Dermacol	3
Diracův	3
Diviš	3
Dobříš	3
Dolina	3
Drak	3
Dyk	3
Dříň	3
Elite	3
FMZVŽ	3
FSČ	3
Fittipaldi	3
Franta	3
Frenštát	3
Frigerit	3
Frýdek	3
Gerasimov	3
Glazar	3
Gustav	3
GŘBP	3
Hanning	3
Hanuš	3
Hauy	3
Henryk	3
Heymaey	3
Hjelmslev	3
Hlahol	3
Hoffmann	3
Horák	3
Jaroš	3
Jednota	3
Ježdík	3
Jindřich	3
Jiroutová	3
Jirouš	3
Jiráskův	3
KO	3
KTO	3
Karminský	3
Kazachstán	3
Kačírek	3
Kelt	3
Keplerův	3
Kim	3
Kinský	3
Koh	3
Komenský	3
Kosík	3
Kovaříková	3
Kořenský	3
Košíře	3
Krasnodar	3
Kravaře	3
KÚNZ	3
LM	3
Lagrangeův	3
Lamprecht	3
Laplaceův	3
Lasak	3
Leningrad	3
Lenárt	3
Leoš	3
Liegrová	3
Lipnice	3
Ludmila	3
Majkop	3
Malecká	3
Mariánský	3
Markovův	3
Massachusetts	3
Maxim	3
Mazanka	3
Maďar	3
Maťko	3
Mendělejevův	3
Mercierová	3
Meziříčí	3
Mezopotámie	3
Michel	3
Mills	3
Miloslava	3
Milotice	3
Miroslava	3
Montecarlo	3
Moseley	3
Most	3
Mostek	3
Mowrerův	3
Místek	3
NVMČ	3
NVP	3
Nedbal	3
Nesměrák	3
Ninive	3
Nisa	3
Nobelův	3
OTE	3
Okrouhlice	3
Olbrichová	3
Opava	3
Orlice	3
Otto	3
PAM	3
PLR	3
PVC	3
Palacký	3
Parzen	3
Parzenův	3
Pavlovův	3
Pech	3
Perry	3
Plzeňsko	3
Podolsk	3
Podolí	3
Popper	3
Popular	3
Portugalsko	3
Potštát	3
Počernice	3
Právo	3
PŘ	3
Příbram	3
RV	3
Rapid	3
Rena	3
Rokycany	3
Romatic	3
Rubín	3
Rudý	3
Rumunsko	3
SMS	3
SNDR	3
SS	3
SVI	3
Sabina	3
Schreiber	3
Sedláček	3
Skinnerův	3
Slovák	3
Slávie	3
Smidary	3
Sofie	3
Staats	3
Stanislav	3
Stokvis	3
Szebehely	3
SÚJV	3
Sázavan	3
TN	3
Termo	3
Texlen	3
Toušeň	3
UK	3
UVTEI	3
Union	3
Urbánek	3
Urxův	3
VHJ	3
VSS	3
Vacík	3
Valašský	3
Vančurův	3
Varholík	3
Varna	3
Vavřinec	3
Vejprty	3
Veselá	3
Viktor	3
Vilém	3
Vrchlický	3
Vrátný	3
Vyškov	3
VŠ	3
VŽKG	3
Weber	3
Zlatovláska	3
Zruč	3
Zábřeh	3
absorpční	3
adaptační	3
adenosindifosfát	3
adept	3
adresovaný	3
agrotechnický	3
akomodace	3
akutní	3
alej	3
analogicky	3
analyticky	3
analyzátor	3
antiideologický	3
antimon	3
antropologie	3
anténa	3
aplikovaný	3
arbitráž	3
archaický	3
arkáda	3
aspirant	3
aspirovat	3
astrofyzika	3
atlantický	3
atrakce	3
atraktivní	3
automobilizmus	3
autoprovoz	3
autorka	3
avantgarda	3
azalka	3
azbestový	3
balvan	3
bankovní	3
baron	3
barytonista	3
baterie	3
bavlnářský	3
bašta	3
bdění	3
benediktin	3
benediktinský	3
bezbarvý	3
bezdůvodně	3
bezpartijní	3
bezstarostný	3
bezvědomý	3
bilanční	3
binární	3
biochemický	3
biologie	3
biologizující	3
bipední	3
blaho	3
blahopřát	3
blejzr	3
bloudit	3
bláto	3
bobtnat	3
bodový	3
bojiště	3
bojovnost	3
bolivijský	3
borec	3
borový	3
bourat	3
bouře	3
brankář	3
bratislavský	3
bulletin	3
bydlící	3
bílkovinný	3
býk	3
běhat	3
bělavý	3
cela	3
celní	3
celostátně	3
charakterizační	3
charakterizující	3
charakterový	3
chemik	3
chladný	3
chlazení	3
cholesterol	3
choulostivý	3
chovaný	3
chronologický	3
chróm	3
chybovat	3
chybějící	3
chytat	3
chůze	3
cibule	3
civil	3
cosi	3
coulomb	3
cukrovarnický	3
cvičiště	3
dalece	3
datovaný	3
datovat	3
debata	3
deformační	3
degenerace	3
deklinace	3
dekáda	3
delimitační	3
demografický	3
desetiletý	3
desetina	3
desetitisíc	3
deskový	3
destrukční	3
detailně	3
deštivý	3
diachronie	3
diamant	3
dieselový	3
diferenciační	3
diferencovat	3
diferenční	3
difúze	3
dimenzování	3
diskrepance	3
diskrétní	3
diskusní	3
diskutovaný	3
disperzní	3
disponovanost	3
disproporce	3
diverze	3
dlouhoperiodický	3
dlužný	3
dneska	3
dobrodružství	3
dobrosrdečný	3
dobýt	3
doceněný	3
docházející	3
docilovat	3
dogma	3
dohad	3
doktrína	3
dominanta	3
dominující	3
donor	3
doplňovaný	3
dopravovat	3
doprovodit	3
dorostový	3
dosahování	3
dosazení	3
dospívající	3
dostačovat	3
dostupnost	3
dotazovat	3
dotyčný	3
dovážející	3
dovézt	3
dovídat	3
dořešený	3
dožínky	3
dožívat	3
drezúra	3
driftový	3
drobnost	3
drsný	3
druhotný	3
družina	3
družný	3
drátek	3
drátěnka	3
dráždit	3
dráždivý	3
duplicita	3
dvaatřicet	3
dvířka	3
dynamicky	3
dávaný	3
dávkování	3
dílec	3
dílenský	3
dýchání	3
děd	3
dědeček	3
dělítko	3
děrný	3
dřep	3
dřevina	3
dřevní	3
důstojně	3
elegantní	3
elita	3
elitářství	3
emigrace	3
empiricky	3
energicky	3
energický	3
energizovat	3
epický	3
epidemie	3
epizoda	3
eschscholtzia	3
etika	3
exemplář	3
exkurze	3
expert	3
expertízní	3
exploze	3
exponent	3
expozitura	3
faktografický	3
fandit	3
federace	3
fibrilární	3
fieldistor	3
finský	3
finále	3
finální	3
fixovat	3
fixování	3
fluoroplast	3
folkloristika	3
fonický	3
formalizmus	3
formulář	3
formálnost	3
fotograf	3
fotografický	3
frekvenčně	3
fungující	3
fučíkovský	3
fylogenetický	3
fyzicky	3
fyziolog	3
fázický	3
fóliový	3
galium	3
generálplukovník	3
geneticky	3
genetický	3
geniální	3
geodézie	3
geologie	3
golfový	3
gradace	3
graficky	3
grafém	3
gramofon	3
grilovací	3
gymnastika	3
halenka	3
harfa	3
harmonicky	3
hasicí	3
hasit	3
hektarový	3
hezky	3
hitlerovec	3
hitlerovský	3
hlasování	3
hlazení	3
hlinitý	3
hloupý	3
hluchý	3
hlučnost	3
hlučný	3
hmotně	3
hnát	3
hoch	3
hod	3
hodnotitel	3
hojný	3
holandský	3
homeostáza	3
homogennost	3
horník	3
hospodářsky	3
hostující	3
houkačka	3
houževnatost	3
hovor	3
hořící	3
hrabavý	3
hranolek	3
hraný	3
hrdinka	3
hrdinný	3
hrnkový	3
hrozba	3
hrozný	3
hrudník	3
hruškový	3
hrách	3
hrádek	3
humus	3
hutný	3
hypnotizérův	3
hypotetický	3
hýbat	3
hřídel	3
identický	3
ilustrace	3
ilustrovat	3
imaginární	3
imitační	3
individualita	3
individualizmus	3
industrializace	3
informatický	3
inklinace	3
inspekce	3
inspirační	3
instinktivní	3
instrukce	3
instruktor	3
integrující	3
integrál	3
interferenční	3
interní	3
interpretační	3
intrinzický	3
invence	3
invertor	3
inverze	3
ion	3
ionizovat	3
izolovaně	3
jamka	3
jedenáctý	3
jedle	3
jednající	3
jednaný	3
jednička	3
jednomocný	3
jednomyslně	3
jednorozměrný	3
jednosměrný	3
jednostrannost	3
jednostranně	3
jednotící	3
jižně	3
jmenovka	3
juniorský	3
játra	3
jícen	3
jímání	3
kabelovna	3
kabina	3
kabinet	3
kalcit	3
kaluž	3
kamenec	3
kameninový	3
kapacitní	3
kapitán	3
karb	3
kartotéka	3
katastrofální	3
kauzální	3
kauzálně	3
kavalír	3
každodenně	3
kdekdo	3
kdekoliv	3
kdepak	3
kelvinův	3
keř	3
kg	3
klasifikovat	3
klasik	3
klempířský	3
klenutý	3
klimatický	3
klobouk	3
kloub	3
kmitat	3
kohout	3
kolagenní	3
kolejnice	3
kolejový	3
kolektivnost	3
kolmo	3
koloběh	3
kolonie	3
kolonizace	3
koloniální	3
kolovat	3
kološvárský	3
koláč	3
kolík	3
kombinování	3
komentovat	3
kompenzovat	3
kompetence	3
komplexnost	3
komuna	3
komunikant	3
koncentrační	3
konev	3
konfigurace	3
konkretizace	3
konsola	3
konstatování	3
konstrukt	3
konstruovat	3
kontraktační	3
kontrarevoluční	3
kontrolovatelný	3
konvergence	3
konzerva	3
konzervatizmus	3
konzultace	3
konzultovat	3
konzument	3
konzumovat	3
kopaný	3
koprodukce	3
korespondence	3
koryto	3
kostěný	3
koupaliště	3
koupání	3
kouření	3
kořenový	3
koření	3
kořínek	3
košíkář	3
kožešina	3
krabička	3
krajkový	3
krajový	3
kritizovaný	3
krmit	3
krmítko	3
kromlech	3
kroužit	3
králův	3
kubík	3
kulový	3
kupředu	3
kvadratický	3
kvalifikovat	3
kvantifikace	3
kvartér	3
kvartérní	3
kvítek	3
kvóta	3
kyjevský	3
kárný	3
křehký	3
křečovitě	3
křik	3
křičet	3
kříženec	3
laciný	3
ladem	3
lahůdka	3
laický	3
laktace	3
lanthanid	3
latina	3
lavice	3
lední	3
legendární	3
lehčený	3
lekce	3
lemovaný	3
lepenkový	3
lesknout	3
letmo	3
letopis	3
letopočet	3
libovolně	3
librační	3
libreto	3
likvidovat	3
lineament	3
listnatý	3
listovat	3
litinový	3
litý	3
lišící	3
loket	3
lovec	3
lupič	3
lyžařský	3
lákavý	3
létat	3
líčit	3
lžička	3
magnetofonový	3
magnetopauza	3
majoritní	3
malebný	3
maličkost	3
maloměšťák	3
malíř	3
markantní	3
masově	3
mastaba	3
masážní	3
materiálně	3
mejkap	3
menhir	3
meta	3
metafora	3
metafyzika	3
metropole	3
mezistátní	3
mezitím	3
mikrometr	3
milia	3
minimalizovat	3
minimálně	3
minotaur	3
mitochondrie	3
mlha	3
mládenec	3
mlčet	3
mnohostranně	3
mnohostěn	3
mnohotvárnost	3
mocenství	3
modální	3
modřínový	3
monoenergetický	3
monolitický	3
monopol	3
mosaz	3
motocyklový	3
motorista	3
moudrost	3
mrtvola	3
munice	3
muzikant	3
muzikál	3
muška	3
myšlený	3
málokdo	3
málokterý	3
mávnout	3
mírný	3
mísit	3
místně	3
měnový	3
měnírna	3
městečko	3
měřidlo	3
měřitelný	3
měřič	3
mřížový	3
nabíječ	3
nacistický	3
nadaný	3
nadbytek	3
nadmořský	3
nadneseně	3
nadto	3
nadvláda	3
nadzvukový	3
nadšený	3
nahodilý	3
nahoře	3
nahrazující	3
nahrávací	3
nahrávání	3
naložení	3
nalít	3
namáhaný	3
namáčení	3
namíchat	3
nanesený	3
nanést	3
napadat	3
napadení	3
naplňovat	3
napodobení	3
napomoci	3
napovídat	3
napustit	3
napůl	3
narazit	3
narušení	3
narušit	3
narušovaný	3
nasadit	3
nasednout	3
nastavení	3
nastavený	3
nastavit	3
nastavovaný	3
nastavovat	3
nastávající	3
nasákavost	3
natažený	3
nativistický	3
navazování	3
navlhčený	3
navození	3
navázaný	3
nažloutlý	3
nedbalost	3
nedodržení	3
nedokonalost	3
nedostatečnost	3
nedělní	3
negace	3
nehybný	3
neklid	3
nekonečno	3
nemožnost	3
nemálo	3
neolit	3
neplnění	3
nepořádek	3
nepřeskok	3
nepřesnost	3
nepříjemnost	3
nerezový	3
nesmysl	3
nesoucí	3
nestabilita	3
nevolník	3
nezdar	3
neštěstí	3
niklový	3
nikotin	3
ničení	3
nominativ	3
nomogram	3
nonius	3
noor	3
normativ	3
nosník	3
numericky	3
nutace	3
nádobí	3
nádvoří	3
nájemné	3
nápomocný	3
nápravný	3
náramek	3
nárůst	3
nástin	3
nástupce	3
nátěrový	3
návěští	3
návštěvnost	3
názvoslovný	3
náčiní	3
nářeční	3
nízkotlaký	3
několikadenní	3
němý	3
obchodník	3
obcházet	3
obdělávat	3
obhospodařování	3
objasněný	3
objednávat	3
objevování	3
obklopený	3
obklíčení	3
oblečený	3
oblékání	3
obnovení	3
obnovit	3
obnovovat	3
oboustranně	3
obratnost	3
obrazně	3
obrození	3
obráběcí	3
obrábění	3
obálka	3
občasný	3
obědvat	3
obžalovaný	3
obživa	3
ocasní	3
ocelář	3
ochotně	3
ochoz	3
odbojový	3
odbornost	3
oddálit	3
oddílový	3
odedávna	3
odehnat	3
odeslaný	3
odeslání	3
odjezd	3
odjišťovat	3
odkládat	3
odklápěcí	3
odkrytý	3
odkrývat	3
odložit	3
odmítaný	3
odměněný	3
odměňovaný	3
odnášet	3
odnímat	3
odpadnout	3
odražený	3
odsoudit	3
odvolat	3
odvození	3
odvozování	3
odvážit	3
odvézt	3
oděvní	3
odříznout	3
odůvodněný	3
oficiálně	3
ohlašovat	3
ohleduplný	3
ohánět	3
ohřev	3
ojediněle	3
okolo	3
olejový	3
olešnický	3
olupování	3
olympiáda	3
omluva	3
omítaný	3
ontologický	3
opakovaně	3
opatrný	3
opice	3
opomíjet	3
oponent	3
oportunistický	3
oportunizmus	3
opotřebení	3
opotřebovaný	3
opracovávat	3
oproštěný	3
oprávněně	3
optimalizace	3
opustit	3
opřený	3
orchestrální	3
orchidea	3
ordinace	3
osamělý	3
oscilace	3
osetý	3
oslabení	3
oslabování	3
osmnáctý	3
ostatek	3
osten	3
ostří	3
osvobozovat	3
osvědčení	3
osvěta	3
osvětlovací	3
osídlování	3
otiskovat	3
otištěný	3
otravovat	3
otrokář	3
otrokářství	3
ovlivňující	3
ovocnářský	3
ověřený	3
ověřovaný	3
oznamovat	3
očista	3
ořech	3
ošetřený	3
ošetřit	3
ošetřující	3
ožít	3
padlý	3
palivový	3
památný	3
panika	3
panoráma	3
panovat	3
par	3
paradesantní	3
paradigmatický	3
paradox	3
parkoviště	3
parlamentní	3
pastelový	3
pastva	3
pasáž	3
pedagogicky	3
penetrační	3
penále	3
perfektní	3
peripieninský	3
permanentně	3
pesimizmus	3
petrolej	3
pigment	3
pilina	3
pilota	3
pisatelka	3
pivní	3
plantáž	3
plasticita	3
platba	3
platforma	3
plavec	3
plavky	3
plavý	3
plemenitba	3
plnovýznamový	3
plot	3
plošina	3
plošný	3
plynovod	3
plánek	3
plánovitě	3
pobesedovat	3
pobírání	3
pobřeží	3
pochvalovat	3
pocta	3
poctivost	3
poddimenzovaný	3
podezřelý	3
podešev	3
podmíněně	3
podmět	3
podnebí	3
podnikání	3
podnítit	3
podolský	3
podotknout	3
podplukovník	3
podráždění	3
podsystém	3
podúkol	3
poděkování	3
pohlavní	3
pohledný	3
pohostinnost	3
pohotově	3
pohroma	3
pohánět	3
pohřbený	3
pojištěný	3
pojmosloví	3
pojímaný	3
pokaždé	3
pokračovaný	3
pokračující	3
pokrytí	3
pokryv	3
pokrýt	3
pokuta	3
poledne	3
polemizovat	3
polomastný	3
poloměr	3
poloviční	3
polyester	3
polykarbonát	3
polymerní	3
polyuretanový	3
polínko	3
políčko	3
polštář	3
pomluva	3
popovídat	3
popraskaný	3
populační	3
popírat	3
popírání	3
popření	3
poradní	3
porozumět	3
portrét	3
porušování	3
porůznu	3
posezení	3
poskytnutí	3
poslaný	3
poslech	3
posléze	3
postačovat	3
posuzovaný	3
posílit	3
potlačený	3
potlačit	3
potní	3
potomek	3
potřetí	3
poutaný	3
poučovat	3
pouť	3
použitelnost	3
povodí	3
povážlivě	3
povést	3
pověření	3
povšimnout	3
pozdrav	3
pozitivistický	3
pozorně	3
počítačový	3
počítání	3
pořadatel	3
pořizovat	3
požitek	3
požití	3
poživatelný	3
pracnost	3
pracně	3
pracovně	3
praskat	3
pravice	3
prašný	3
preferovat	3
prezentovaný	3
primárně	3
priorita	3
probíraný	3
procedura	3
prodat	3
prodlení	3
prodlený	3
prodloužení	3
programování	3
prohlubující	3
projekční	3
projet	3
prokurátor	3
proletět	3
proložený	3
promyšlení	3
proměnit	3
pronikající	3
pronést	3
propadat	3
propagovat	3
propojený	3
proporcionální	3
propracování	3
prospekt	3
prosperita	3
protažení	3
protilehlý	3
protínat	3
proužek	3
provozovat	3
prozatímní	3
prožívání	3
prsten	3
prvenství	3
prvně	3
pryskyřice	3
prémiový	3
průkazně	3
ptactvo	3
pult	3
pumpa	3
pustý	3
putovní	3
pálit	3
pánský	3
párový	3
pásák	3
pátrat	3
pátrání	3
pískovcový	3
pískovec	3
pór	3
pěchování	3
pěstební	3
přebíjení	3
přeceňovat	3
přeceňování	3
předjet	3
předjíždění	3
předlohový	3
předmluva	3
předmostí	3
předsevzetí	3
představitelka	3
předsíň	3
předvedený	3
předvečer	3
předvádět	3
předválečný	3
předčasně	3
přehazování	3
přehlednost	3
přehlížet	3
přehodnocení	3
překonatelný	3
překontrolovat	3
překročení	3
překrývat	3
překvapovat	3
přeložit	3
přemísťování	3
přeměňovat	3
přenášení	3
přenášený	3
přepis	3
přeplatek	3
přepsat	3
přepážka	3
přepínač	3
přesunovat	3
převažující	3
převracet	3
převýšit	3
přečin	3
přečtení	3
přeřazený	3
přijímací	3
přikládání	3
přiléhat	3
přimíšenina	3
přináležet	3
připevněný	3
přislíbit	3
přisuzovat	3
přitahovaný	3
přiznávat	3
přizvaný	3
přičinit	3
přiřazovat	3
příbuznost	3
příhoda	3
příjemce	3
příkladný	3
přímočaře	3
přípora	3
přírodovědec	3
přístavek	3
přísudek	3
přísun	3
přívěsek	3
přízeň	3
půjčovat	3
půjčovna	3
půlnoc	3
původce	3
radiální	3
radovat	3
rajský	3
rasa	3
rasista	3
rasový	3
reagování	3
reaktivní	3
realistický	3
redaktor	3
redundantní	3
referenční	3
referovat	3
reformizmus	3
regresívní	3
regulovaný	3
regulátor	3
regál	3
rejstřík	3
rekonstituovaný	3
rekonstruovaný	3
relativita	3
renovace	3
renta	3
reorganizační	3
reprodukční	3
respekt	3
retikulární	3
rezavějící	3
rezonance	3
reálnost	3
rhamphotheca	3
rizikový	3
rododendron	3
rodový	3
rolnictvo	3
rostlinka	3
rotační	3
roura	3
rovinný	3
rovnající	3
rovnocenný	3
rovnoměrnost	3
rozejít	3
rozeznat	3
rozhled	3
rozhořčený	3
rozjímání	3
rozloha	3
rozloučení	3
rozpornost	3
rozporný	3
rozpouštět	3
rozptýlení	3
rozpálený	3
rozpínat	3
rozrůstat	3
roztřídění	3
rozvádět	3
rozvážet	3
rozčleněný	3
rozšiřující	3
rub	3
rudný	3
rukopisný	3
rukáv	3
rychlík	3
ryzí	3
ráj	3
rámek	3
rýdovací	3
rýže	3
salám	3
salátový	3
samec	3
samice	3
samostatnost	3
samovolný	3
samoúčelný	3
saponát	3
saponátový	3
sartorium	3
satelit	3
sblížení	3
sbírání	3
sběratel	3
schovat	3
science	3
sdělování	3
sebemenší	3
sebevědomí	3
sed	3
segment	3
sekat	3
sekce	3
sektor	3
semaforský	3
senážní	3
seskupení	3
sestavení	3
sestupný	3
sesychat	3
setrvávat	3
severovýchod	3
severozápadní	3
sevillský	3
sevřený	3
sezónní	3
sešit	3
seškrabovat	3
sférický	3
shluk	3
shrnutí	3
siláž	3
sirkárna	3
sirotčí	3
sjednocování	3
sjednávat	3
sjednávání	3
skladovací	3
sklizňový	3
skloněný	3
skládající	3
skládání	3
sklářský	3
skoba	3
skokový	3
skupinka	3
slabost	3
slaný	3
sled	3
slečna	3
slibný	3
slina	3
slinutý	3
sliznice	3
slovníkový	3
slovnědruhový	3
složitě	3
sluchový	3
slunko	3
slupovací	3
slučitelný	3
smaltovaný	3
smažení	3
smetanovský	3
smiřitelný	3
smrk	3
smrštění	3
smyčka	3
smyčkový	3
směňovat	3
snášenlivý	3
snídat	3
sníst	3
socialisticky	3
sondáž	3
sopka	3
souběžný	3
soupeřit	3
sousedka	3
souvisící	3
součin	3
spacistor	3
spalovací	3
specializovat	3
specifikace	3
specifikovat	3
specifikum	3
spektroskopie	3
spekulace	3
spekulativní	3
spinový	3
spiritualistický	3
splatný	3
splňující	3
spodina	3
spojenecký	3
spokojenost	3
společník	3
spolupracující	3
spoluúčast	3
spoléhat	3
sportovat	3
spárování	3
spící	3
spínací	3
sraz	3
srazit	3
stanout	3
stanovy	3
starověk	3
statika	3
stařenka	3
stažení	3
stejnopis	3
stelární	3
stihnout	3
stimulační	3
stokoruna	3
stokrát	3
storno	3
stratifikace	3
strmě	3
strmělka	3
strnulý	3
strohý	3
strojovna	3
strukturace	3
struskoportlandský	3
strádání	3
stráň	3
stuha	3
stání	3
stárnoucí	3
stěhovat	3
středoškolák	3
střelba	3
střelec	3
střelecký	3
střet	3
střetávat	3
střevní	3
subjektivita	3
sušit	3
svatební	3
svazový	3
svačina	3
svrchu	3
svršek	3
svržení	3
svázaný	3
svářeč	3
svírat	3
svítidlo	3
svítící	3
svíčka	3
svědomitý	3
symbolika	3
symptom	3
synovec	3
sypký	3
sádlo	3
sílící	3
síra	3
taktický	3
takříkajíc	3
tapeta	3
tavenina	3
tavení	3
tavit	3
tažení	3
technickoorganizační	3
telegram	3
tense	3
tepna	3
terminovaný	3
termoplast	3
termostat	3
termální	3
tetanus	3
ticho	3
tisícovka	3
titan	3
titulní	3
tiše	3
tlakový	3
tlačící	3
tlumení	3
tlumočit	3
toaletní	3
token	3
tolerovat	3
topeniště	3
topol	3
točivost	3
trafostanice	3
transcendentní	3
tranzitní	3
traťový	3
tričko	3
trocha	3
trojnásobně	3
trojúhelníkový	3
trolej	3
trosky	3
trošku	3
trpělivost	3
trpělivě	3
truhlářský	3
trup	3
trávicí	3
trénovat	3
tulipán	3
tvarování	3
tvor	3
tvrdnutí	3
type	3
typizace	3
tyčka	3
tížnice	3
týlní	3
těžce	3
těžit	3
těžní	3
třešňový	3
třinecký	3
třídící	3
ublížení	3
ubytovací	3
ubytování	3
ubírat	3
uchopit	3
uchovaný	3
uchovat	3
uchování	3
uchovávat	3
ucházet	3
udržovací	3
udržující	3
udání	3
udát	3
udělení	3
uhašený	3
uhličitý	3
ukazující	3
uklidnit	3
ukončovat	3
ukradnout	3
umocňovat	3
umytí	3
umělcův	3
uniforma	3
universitní	3
univerzum	3
upozorněný	3
upravující	3
upřesnit	3
upřímně	3
upřít	3
urbanistický	3
usilující	3
uskladněný	3
uskladňovat	3
uskutečňovaný	3
usmívat	3
usměrňování	3
usměvavý	3
usnadnění	3
uspořit	3
uspávací	3
ustaraný	3
ustavení	3
ustavený	3
ustupovat	3
ustálit	3
utlačovaný	3
utrpení	3
utvořit	3
uvařit	3
uveřejňovat	3
uvážený	3
uvážlivý	3
uvědoměle	3
uvědomělost	3
uzavírací	3
uzavírající	3
uzavíraný	3
uzenina	3
uzákoněný	3
uživatelský	3
vakuum	3
valný	3
vanička	3
variantnost	3
varieta	3
vařený	3
vdova	3
vegetativní	3
velkolepý	3
velkoplodý	3
veselohra	3
veterinární	3
veřejně	3
vhod	3
vhodnost	3
vidlice	3
viola	3
vitalita	3
vizmut	3
vjezd	3
vkladní	3
vkusný	3
vlahý	3
vlastenec	3
vlastenectví	3
vlastnit	3
vlaštovka	3
vleklý	3
vlnění	3
vloupání	3
vláčný	3
vlézt	3
vnitrostátní	3
vnímaný	3
vnímání	3
vodováha	3
vojevůdce	3
volání	3
vosk	3
vrata	3
vražda	3
vrchní	3
vrstvička	3
vrtání	3
vrub	3
vsazený	3
vtip	3
vtisknout	3
vtělený	3
vulgarizační	3
vulgární	3
vybízet	3
vyběhnout	3
vydatně	3
vyhlazení	3
vyhledávání	3
vyhlídka	3
vyhnanství	3
vyhořet	3
vyhrocený	3
vyhýbat	3
vyjadřovací	3
vyjadřovaný	3
vyjmenovaný	3
vyjímat	3
vykonávání	3
vykořisťovaný	3
vykázaný	3
vylepšování	3
vyloučení	3
vyložený	3
vyluhování	3
vylučování	3
vymanit	3
vymezování	3
vymykat	3
vymáchat	3
vynechat	3
vynechávat	3
vyobrazení	3
vyplacený	3
vyplňovat	3
vypovědět	3
vypořádat	3
vyprostit	3
vyprázdnění	3
vypsaný	3
vypuknutí	3
vypustit	3
vypínat	3
vypětí	3
vyrobení	3
vyrovnanost	3
vyrůstající	3
vyskytnout	3
vyslat	3
vyslovování	3
vysněný	3
vysoušení	3
vyspělost	3
vystavěný	3
vysvítat	3
vysychat	3
vysévat	3
vytištěný	3
vytlačit	3
vytoužený	3
vytáhnout	3
vytýkat	3
vytříbený	3
využívající	3
vyvolený	3
vyvolávající	3
vyvozený	3
vyvracet	3
vyvážet	3
vyvíjející	3
vyzkoušený	3
vyznačující	3
vyznání	3
vyzrálý	3
vyčerpat	3
vyčerpání	3
vyčištění	3
vyčíst	3
vyřazený	3
vyřizování	3
vyšehradský	3
vyškovský	3
vyždímat	3
vyžádaný	3
vzbuzovat	3
vzdalovat	3
vzdělaný	3
vzorně	3
vzrůstající	3
vztahující	3
václavka	3
vápenec	3
vápnobojný	3
vézt	3
vítkovický	3
vítězit	3
východoslovenský	3
výhledový	3
výhradní	3
výhybka	3
výkresový	3
výkup	3
výlučnost	3
výměníkový	3
výplňový	3
výpůjční	3
výrobna	3
výrobně	3
výsev	3
výstižně	3
výřez	3
včleněný	3
vědro	3
věstit	3
větrat	3
větrný	3
většinový	3
věznice	3
věčně	3
všednost	3
vštěpovat	3
wolfram	3
zabrat	3
zabsolutňování	3
zabít	3
zachraňovat	3
zacházení	3
zadržet	3
zahradní	3
zahradník	3
zahrát	3
zahřívat	3
zainteresovanost	3
zajetí	3
zakazovat	3
zaklenutý	3
zakládaný	3
zakotvení	3
zakoupení	3
zakódovaný	3
zakřivený	3
zamyslit	3
zamýšlený	3
zaměnitelný	3
zanedlouho	3
zaostalý	3
zaostávající	3
zaostávat	3
zapisovat	3
zapnout	3
zapojovat	3
zapojování	3
zapomenutelný	3
zaprášený	3
zapínat	3
zapůjčený	3
zaručený	3
zaručit	3
zasazený	3
zasažený	3
zasedací	3
zasmát	3
zastavený	3
zastávat	3
zastínit	3
zastřený	3
zatracovat	3
zavlažování	3
zaváděný	3
zavírat	3
zavěsit	3
zavěšený	3
zavřít	3
zaútočit	3
začleněný	3
začleňovat	3
zblízka	3
zbrojení	3
zdobený	3
zdobit	3
zdržet	3
zdůrazňovaný	3
zdůrazňování	3
zdůrazňující	3
zdůvodňovat	3
zeleně	3
zeměpisný	3
zemřít	3
zesilovací	3
zevnějšek	3
zezadu	3
zhlédnout	3
zhoršit	3
zhášecí	3
zinkovaný	3
zjednodušující	3
zjev	3
zkalený	3
zkracovat	3
zkracování	3
zkreslovat	3
zkruhovaný	3
zkušebnictví	3
zlepšovatelství	3
zlo	3
zlom	3
zlomek	3
zlomový	3
zmenšený	3
zmenšování	3
zmiňovat	3
zmocnit	3
znemožňovat	3
znečišťování	3
znárodnění	3
znárodněný	3
znázornit	3
znázornění	3
zobecněný	3
zobrazit	3
zodpovědět	3
zoologický	3
zopakovat	3
zotavená	3
zoufale	3
zpochybňovat	3
zpochybňování	3
zpívání	3
zpěvačka	3
zraněný	3
zrychlit	3
ztěžovat	3
zvenku	3
zveřejnit	3
zveřejňovat	3
zvolat	3
zvyklost	3
zvířecí	3
zvětšený	3
zábradlí	3
záchranný	3
záchyt	3
záda	3
zájezdový	3
záludný	3
zámečník	3
záměna	3
zásobení	3
zásobený	3
zástrčka	3
záviděníhodný	3
závidět	3
závist	3
závozník	3
závěs	3
zázračný	3
zářez	3
zářivka	3
zřícenina	3
éra	3
úhelník	3
úhrnný	3
úhyn	3
újma	3
úpatí	3
úporný	3
úrodnost	3
úryvek	3
úsměv	3
ústit	3
ústrojí	3
útlak	3
úvěr	3
ČOZS	3
ČSROH	3
Čertovka	3
Červený	3
čekaně	3
černostrakatý	3
červenohnědý	3
četa	3
čistící	3
členstvo	3
čtenářka	3
čtyřboký	3
čtyřicátý	3
čtyřmocný	3
Řecko	3
Řimice	3
řetězec	3
řečnický	3
řešitelský	3
řídce	3
římský	3
Šimek	3
Škodův	3
Šorm	3
Šrot	3
Šrámek	3
Štěpánek	3
Šustr	3
Švýcarsko	3
šedivý	3
šedý	3
šestiletý	3
šestina	3
šikovný	3
široko	3
škodlivost	3
škodovka	3
šlechtitelský	3
špalek	3
špalík	3
štola	3
štěpit	3
štěrk	3
šíje	3
šítkovský	3
šířený	3
šířící	3
Žilina	3
žalovat	3
žebřík	3
žehlení	3
ženevský	3
žhavý	3
židle	3
žilka	3
žilní	3
živice	3
žlučník	3
žrát	3
žákyně	3
žánrový	3
žárupevný	3
žíhání	3
žížala	3
ABC	2
AGP	2
Adorno	2
Akkad	2
Alain	2
Albena	2
Alena	2
Alžír	2
Andreu	2
Anděl	2
Angličan	2
Ariadna	2
Aristoteles	2
Arnold	2
Aron	2
Bailey	2
Baník	2
Bartelettův	2
Bassa	2
Becker	2
Beethovenův	2
Bell	2
Belmondo	2
Benešová	2
Benešův	2
Berg	2
Berounsko	2
Berta	2
Beseda	2
Beskydy	2
Biermann	2
Blanka	2
Bohr	2
Boris	2
Boroš	2
Bořivoj	2
Brabcová	2
Brod	2
Broucke	2
Bruntál	2
Brusnice	2
Buckna	2
Budapešť	2
Buddha	2
Budvar	2
Bukač	2
Burian	2
Buridanův	2
Buzuluk	2
Bušek	2
Bystrozraký	2
Bystřice	2
Bělidlo	2
Bělorusko	2
Cabora	2
Calais	2
Carlo	2
Cavendishův	2
Cařihrad	2
Centrotex	2
Chalupa	2
Chetita	2
Chlumec	2
Chodov	2
Chotiměř	2
Chovanec	2
Chrudimsko	2
Cidlina	2
Corn	2
Crha	2
Dalton	2
Dana	2
Davies	2
Delon	2
Dlouhý	2
Dobrovský	2
Dosoudil	2
Dostálová	2
Drahuška	2
Dunaj	2
Dunajovec	2
Dušek	2
Dán	2
Ebashi	2
Egypťan	2
Einsteinův	2
Eleanora	2
Eliška	2
Emanuel	2
Emil	2
Engelsův	2
Ertl	2
Eva	2
Evropan	2
F	2
FKS	2
FKSP	2
FMVS	2
FZ	2
Favorit	2
Fejfar	2
Filip	2
Firbas	2
Fiľakovo	2
Fišer	2
Ford	2
Francín	2
Frankfurt	2
Freud	2
Frymeta	2
Fujáček	2
Fučíková	2
Geoffrey	2
George	2
Goethe	2
Gouldner	2
Grečko	2
Grmelová	2
Gusta	2
Gíza	2
HDP	2
HPÚ	2
Haken	2
Hana	2
Hanoj	2
Hansonová	2
Havelka	2
Havlíček	2
Havlíčkův	2
Havránek	2
Havířov	2
Hebb	2
Heiderová	2
Heisenbergův	2
Hejná	2
Hekrla	2
Helsinky	2
Hindemith	2
Hlavsa	2
Hlinsko	2
Hoangvanhoan	2
Horažďovice	2
Horvai	2
Houdková	2
Hrady	2
Hradčany	2
Hruška	2
Hybš	2
Hájek	2
Iljič	2
Impretex	2
Impuls	2
Ind	2
Ingstav	2
Innsbruck	2
Inter	2
Ir	2
Irák	2
Ital	2
JRD	2
Jablonec	2
Jabušita	2
Jakub	2
Janovice	2
Janus	2
Jarmila	2
Jaromír	2
Jasan	2
Jasénka	2
Jaška	2
Jeník	2
Jerzy	2
Jeseník	2
Ječmínek	2
Jeřábek	2
Jimram	2
Jindra	2
Jindřichův	2
Josefov	2
Judin	2
Juraj	2
Ján	2
KG	2
KKP	2
KLDR	2
KPP	2
KS	2
KSMP	2
KSS	2
KSVK	2
Kadičová	2
Kajetánka	2
Kampa	2
Kanaďan	2
Karlštejn	2
Karnak	2
Kavanová	2
Kačerov	2
Kecal	2
Kirchhoffův	2
Kirov	2
Kisch	2
Kladensko	2
Kleinsorge	2
Kliment	2
Kluž	2
Kodaň	2
Kohout	2
Kombi	2
Komárno	2
Konstruktiva	2
Korea	2
Kosmův	2
Kostěj	2
Kovařovic	2
Kovosmalt	2
Kretschmer	2
Kretschmerův	2
Kroupová	2
Krumlov	2
Kryzánek	2
Krčín	2
Kršková	2
Kuba	2
Kvasiny	2
Kühnův	2
Křivánková	2
Kšír	2
Labín	2
Lennebergův	2
Liblice	2
Liboc	2
Libčany	2
Lichačev	2
Lichtág	2
Lipsko	2
Ludvík	2
Ludvíková	2
Luděk	2
Luxor	2
Lykie	2
Lábus	2
MDŽ	2
MLVH	2
MN	2
MP	2
MS	2
MVO	2
Magda	2
Manche	2
Marsh	2
Martinů	2
Mařenka	2
Mašková	2
Melantrichův	2
Melbourne	2
Melchiorův	2
Mencl	2
Mendělejev	2
Merkuria	2
Metalex	2
Metra	2
Metrostav	2
Milena	2
Milhaud	2
Millův	2
Milán	2
Minsk	2
Mirek	2
Mistrík	2
Mohamed	2
Moho	2
Momotombo	2
Mowrer	2
Mořic	2
Muzeum	2
Naděžda	2
Nehoda	2
Neruda	2
Netolický	2
Nežárka	2
Nicaragua	2
Nixonův	2
Nusle	2
Nárožný	2
Nýrsko	2
OH	2
OSN	2
OZS	2
Ob	2
Olga	2
Olomoucko	2
Olšanský	2
Ondava	2
Ondráček	2
Ondráčková	2
Ondřej	2
Orata	2
Otík	2
Ozvěny	2
OÚNZ	2
PFUK	2
PN	2
POV	2
Panagjurište	2
Pavlík	2
Peirce	2
Peluněk	2
Perla	2
Petera	2
Philip	2
Pleskot	2
Pleven	2
Plovdiv	2
Podkrkonoší	2
Polák	2
Popelka	2
Pospíšilová	2
Praga	2
Pramen	2
Pravda	2
Prchal	2
Procházka	2
Prokopův	2
Průhonice	2
Pucnoha	2
Purkyně	2
Pánek	2
Přibyl	2
Příbramsko	2
Příkop	2
RF	2
RLR	2
RSFSR	2
Radka	2
Radnice	2
Raskon	2
Repke	2
Robert	2
Roháč	2
Roissy	2
Rosana	2
Rosenberger	2
Rott	2
Roudnice	2
Roudný	2
Rožnov	2
Rutherford	2
Rutherfordův	2
SCZT	2
SET	2
SNP	2
STS	2
SVÚM	2
Sakkara	2
Sanok	2
Sasko	2
Saussurův	2
Semrád	2
Sen	2
Sergius	2
Sevan	2
Shakespeare	2
Sibiř	2
Sigmund	2
Silona	2
Sklo	2
Slezan	2
Sliven	2
Slobin	2
Slovany	2
Slovnaft	2
Smiřice	2
Sobota	2
Sojka	2
Sokolov	2
Soňa	2
Stalingrad	2
Standish	2
Starý	2
Straubův	2
Stropkov	2
Strunův	2
Stránčice	2
Studnice	2
Stupno	2
Suchdol	2
Suchumi	2
Super	2
Supertatramat	2
Svatopluk	2
Sviták	2
Svitákův	2
Svobodová	2
Svojanovský	2
Szczepanski	2
Sádek	2
Tachov	2
Tejnor	2
Telephone	2
Textilana	2
Theodor	2
Thompsonův	2
Théby	2
Tigrid	2
Tille	2
Titan	2
Tix	2
Tolstý	2
Tonička	2
Trenin	2
Trias	2
Triumph	2
Trnková	2
Trávníček	2
Týnec	2
UML	2
UTI	2
Umlauf	2
Ural	2
Urban	2
Urbánková	2
VTM	2
VUSTE	2
Valašsko	2
Varšava	2
Vendulka	2
Večeřa	2
Vinohrady	2
Vlk	2
Vodička	2
Vrba	2
Vršovice	2
Vsetín	2
Vyskočil	2
VÚLHM	2
Václavek	2
Vávrová	2
Váňa	2
Vítkovice	2
Vševěd	2
Welch	2
Young	2
Zdena	2
Zdravomyslov	2
Zeiss	2
Zenit	2
Zeyer	2
Zuna	2
Zvonice	2
Záblatí	2
Zábrodský	2
absolvování	2
absorbovat	2
abstrakce	2
ad	2
adaptovaný	2
adenosintrifosfátáza	2
aditivní	2
administrativa	2
adresní	2
adresát	2
adygejský	2
agentura	2
agrese	2
akceptovat	2
aktivace	2
aktivizace	2
aktualizace	2
aktuálnost	2
akumulační	2
akumulátorový	2
akvadukt	2
akát	2
albinotický	2
album	2
alegorický	2
almužna	2
alpinka	2
alpínkář	2
alternace	2
alternativně	2
alžírský	2
amnézie	2
analyzování	2
anděl	2
anihilační	2
ansámbl	2
antibiotikum	2
anticipace	2
antidialektický	2
antikarb	2
antikomunistický	2
antikomunizmus	2
antikorozní	2
antiparalelní	2
antisocialista	2
antisocialistický	2
antropocentrický	2
antropologický	2
anémie	2
aparatura	2
apozice	2
aprioristický	2
apriorní	2
aproximovat	2
apsida	2
aranžmá	2
archeolog	2
archeologicky	2
argon	2
aromatický	2
arterioskleróza	2
artikulační	2
asfaltérský	2
asistentka	2
aspirace	2
asyrský	2
aterom	2
atestační	2
atrofovat	2
audiovizuální	2
autenticky	2
autogram	2
autokros	2
automatizovat	2
automechanik	2
automobilní	2
autoservis	2
azbest	2
azbestocementový	2
babylónský	2
babí	2
bagatelizace	2
balet	2
balit	2
banský	2
bariéra	2
barvit	2
barvivo	2
bavlněný	2
bažant	2
bedna	2
behaviorální	2
besedovat	2
besídka	2
bezdůvodný	2
bezedný	2
bezejmenný	2
bezkapotový	2
bezkontaktní	2
bezmocný	2
bezmocně	2
bezmála	2
bezplatně	2
bezpochyby	2
bezpracně	2
bezprašný	2
bezradný	2
bezrozdílný	2
beztak	2
bezvědomí	2
bezúčelný	2
bilancování	2
bioprogram	2
blatník	2
blaze	2
blokový	2
bobtnání	2
bochník	2
bohémský	2
bojovný	2
boleslavský	2
bolestivý	2
bolet	2
bombardovat	2
bombardování	2
bombardér	2
bor	2
boritý	2
bouřkový	2
bouřlivý	2
boxer	2
bočný	2
božstvo	2
brambor	2
branný	2
bratrství	2
brestský	2
brigádnicky	2
bromélie	2
bruska	2
brusný	2
brzdový	2
bubnový	2
bubák	2
budka	2
buk	2
bulač	2
bulharština	2
burza	2
buďto	2
bystrý	2
bytostný	2
bájeslovný	2
báječný	2
báseň	2
básníkův	2
bíle	2
bílek	2
bývale	2
běda	2
bělehradský	2
běžící	2
cař	2
celer	2
celník	2
celodenní	2
celoevropský	2
celoměstský	2
celovečerní	2
celozávodní	2
celoústavní	2
celtovina	2
celtový	2
cembalista	2
cementárna	2
cenit	2
cenově	2
ceník	2
ceněný	2
cesium	2
chatař	2
chemička	2
chirurg	2
chladicí	2
chladit	2
chladící	2
chladírenský	2
chlapský	2
chlup	2
chlór	2
chmelnice	2
choreografie	2
chovající	2
chovný	2
chození	2
choť	2
chválit	2
chytit	2
chytrý	2
chápající	2
chór	2
chřestítko	2
cibulka	2
cibulovina	2
cibulovitý	2
citelný	2
citelně	2
citoslovce	2
citronový	2
citát	2
cizozemec	2
cokoliv	2
cožpak	2
cross	2
ctít	2
cvičenka	2
cynizmus	2
céva	2
cévní	2
církev	2
církevněslovanský	2
císař	2
cívka	2
darování	2
databanka	2
debatovat	2
decibel	2
deformovat	2
degenerativní	2
dekorativní	2
dekrescence	2
dekódování	2
delphinium	2
demaskovat	2
demolice	2
demonstrovat	2
dermabraze	2
desetkrát	2
deskriptivní	2
despotický	2
destilát	2
desátníkův	2
determinovat	2
deviza	2
dešťový	2
diagnostický	2
diagnóza	2
dialektickomaterialistický	2
dialektologie	2
dialogičnost	2
didaktický	2
diencefalon	2
diferencovanost	2
differentia	2
dipyramida	2
diskofil	2
diskontinuita	2
diskotéka	2
diskriminace	2
diskrétně	2
disociace	2
dispergovaný	2
disperze	2
dispoziční	2
distance	2
distancovat	2
distální	2
divný	2
dizertační	2
dlouhodobě	2
dlouhotrvající	2
dlážděný	2
dobově	2
dobrodružný	2
dobrota	2
dodneška	2
dodržovaný	2
dodávkový	2
dohadovat	2
dohled	2
dohonit	2
dojednaný	2
dojíždění	2
dokdy	2
dokončovací	2
doktorský	2
dokumentaristický	2
dokumentarizující	2
dokumentující	2
dolmen	2
domněle	2
domyšlený	2
doména	2
donedávna	2
donosit	2
donáškový	2
donést	2
dopadat	2
doplatek	2
doplatit	2
doplňkově	2
dopodrobna	2
dopracovat	2
dopravit	2
dopravna	2
doprovodný	2
dopřaný	2
dorostenec	2
doručení	2
dosahující	2
dosedat	2
doskakovat	2
dospívání	2
dostoupit	2
dostání	2
dosušit	2
dotahovat	2
dotud	2
dotující	2
dotýkající	2
doušek	2
dovedený	2
dovršení	2
dovádět	2
dovážený	2
dozrávat	2
dořešit	2
doškolovací	2
dožadovat	2
dožívající	2
dramaturgie	2
draselný	2
draslík	2
drogerie	2
druhotně	2
dráp	2
dršťkový	2
drůbežářský	2
držitel	2
dualistický	2
dubnový	2
dusit	2
dutý	2
duální	2
dušení	2
dvaadvacetiletý	2
dvacetiletý	2
dvacetipětiletý	2
dvanáctiletý	2
dvanáctkrát	2
dvojhvězda	2
dvojjediný	2
dvojmocný	2
dvojnásob	2
dvojstranný	2
dvojvěžový	2
dvorek	2
dvorský	2
dvousměnný	2
dyftýn	2
dávkový	2
déletrvající	2
dýchací	2
dým	2
dědek	2
dědičný	2
dějiště	2
dějový	2
dělostřelectvo	2
děložní	2
děrnoštítkový	2
dřevitý	2
důkazní	2
důlek	2
důlní	2
důstojnost	2
důtklivý	2
důvtip	2
důvěrnice	2
důvěřovat	2
džbán	2
džezgymnastika	2
efektivně	2
efemerida	2
eklekticky	2
elaborát	2
elektrizovaný	2
elektroakustika	2
elektrofyziologický	2
elektroinstalace	2
elektrolýza	2
elektronoptický	2
elektronvolt	2
elipsoid	2
elpíčko	2
emancipační	2
embryo	2
emigrantský	2
emitorový	2
emulze	2
enkláva	2
eo	2
eranthis	2
eroze	2
eruditio	2
esej	2
estráda	2
estrádní	2
et	2
etnický	2
eutektikum	2
evakuace	2
evidenční	2
evidovat	2
evokace	2
evoluce	2
excellence	2
excitovat	2
expanze	2
explicite	2
explicitní	2
exponenciální	2
exponovat	2
expresivní	2
extenzívní	2
exteriér	2
externě	2
extrém	2
fabrikant	2
fajn	2
fakturace	2
fakturovat	2
falšovaný	2
fanoušek	2
fasáda	2
fenomenologický	2
fermež	2
feroslitina	2
fialový	2
fibrální	2
fiktivní	2
filiace	2
filmař	2
filologický	2
financovaný	2
finančně	2
finiš	2
fixní	2
folklorista	2
fonace	2
foniatrie	2
foramen	2
formaldehyd	2
formativní	2
formovací	2
formovaný	2
fotoaparát	2
francouzština	2
freska	2
froté	2
fréza	2
frézie	2
fuga	2
fundamentální	2
fundovanost	2
funkcionální	2
funkčně	2
fuška	2
fušér	2
fyziologie	2
fázovací	2
fázově	2
fénický	2
fí	2
galaktický	2
galantní	2
galejník	2
galvanický	2
gap	2
garant	2
garda	2
genealogie	2
generalizace	2
generativistický	2
genetika	2
genitál	2
genus	2
geofyzik	2
geofyzikálně	2
geoid	2
geologicky	2
geomagnetizmus	2
georadioaktivní	2
glaciální	2
globální	2
glosa	2
gnoseologie	2
goniometrický	2
gottwaldovský	2
grafikon	2
gramotný	2
granulovaný	2
granát	2
grupa	2
gáza	2
gól	2
habr	2
had	2
halový	2
haléř	2
handicap	2
hardtop	2
harmonie	2
hastrman	2
havarijní	2
havlíčkobrodský	2
hedvábný	2
hegemonní	2
helium	2
herecky	2
heuristický	2
hidradenom	2
hierarchicky	2
hierarchizovat	2
historiografie	2
historizmus	2
historka	2
hlasatel	2
hlasitý	2
hlasovat	2
hlasový	2
hlasující	2
hlinitanový	2
hliněný	2
hlodavec	2
hloubení	2
hluboko	2
hlávkový	2
hlídací	2
hnojení	2
hněv	2
hněvat	2
holubinka	2
holubářský	2
homo	2
horečný	2
horizontální	2
horko	2
horkovodní	2
hornictví	2
hospodyňka	2
hospodárně	2
hospodářskosprávní	2
hospůdka	2
hostinec	2
hostování	2
houbička	2
houbový	2
houština	2
hrací	2
hradit	2
hradní	2
hranolový	2
hraněný	2
hrazený	2
hrdinův	2
hrdě	2
hromosvod	2
hrotový	2
hrozící	2
humanizace	2
hutní	2
hučet	2
hybný	2
hydratační	2
hygienicky	2
hygienik	2
hynout	2
hypnabilita	2
hypnotizace	2
hypoteticky	2
hysterie	2
háček	2
hélium	2
hýřit	2
hřeb	2
hřebíček	2
hřát	2
hřídelka	2
idealisticky	2
identifikovat	2
identita	2
ideověvýchovný	2
ideálně	2
ikonický	2
ilegální	2
imanentně	2
imitanční	2
implicitně	2
imponovat	2
impregnační	2
impulsní	2
impulsový	2
impérium	2
indicie	2
indiference	2
indiferentní	2
individualistický	2
individualizace	2
indukce	2
inerciální	2
infantilní	2
infekce	2
infinitiv	2
informatik	2
informativní	2
informátor	2
infrazářič	2
inklinovat	2
inseminace	2
instalování	2
instance	2
integrální	2
integrátor	2
interakční	2
internacionalistický	2
interpunkce	2
intersticiální	2
intersubjektivní	2
interview	2
intimní	2
intonační	2
intrikovat	2
intuitivní	2
inventarizovaný	2
inventární	2
inventář	2
iontový	2
ipso	2
iracionalistický	2
iracionální	2
iterační	2
izolovanost	2
izolující	2
izomerie	2
izomerní	2
izotopový	2
jahoda	2
jakýpak	2
jas	2
javor	2
jed	2
jedenáctistovka	2
jedenáctičlenný	2
jednatelství	2
jednokvantový	2
jednoletý	2
jednolitost	2
jednoměsíční	2
jednorázově	2
jednotně	2
jednoznačnost	2
jednoúsekový	2
jehličnan	2
jemnost	2
jemnozrnný	2
jeskyně	2
jetel	2
ježdíkův	2
ježdění	2
jihoslovanský	2
jilm	2
jindřišský	2
jiskra	2
jistič	2
jmenný	2
jo	2
jídelní	2
jízdné	2
kabaret	2
kabela	2
kabelář	2
kabát	2
kadmium	2
kakao	2
kaktus	2
kamarádství	2
kamenina	2
kamení	2
kameník	2
kameraman	2
kampaňový	2
kamzíče	2
kamínek	2
kandidátský	2
kanonický	2
kapka	2
kapota	2
karafiát	2
karanténa	2
karbidový	2
karburátor	2
kardiologie	2
karlovarský	2
karmelitský	2
karotka	2
kartáček	2
karvinský	2
kasař	2
kasařský	2
katedrála	2
kaverna	2
kašel	2
každopádně	2
kdokoli	2
kdoví	2
kedluben	2
keratóza	2
keřík	2
kilowatthodina	2
klamat	2
klapka	2
klasicistní	2
klavír	2
klenební	2
klenot	2
klih	2
klinika	2
klouzavý	2
klášterní	2
klínek	2
kmín	2
knedlík	2
knihkupectví	2
knihovnický	2
knižně	2
knížecí	2
knížečka	2
koalice	2
kocour	2
koexistence	2
koexistující	2
kofein	2
kohoutek	2
kojenec	2
kojenecký	2
kokila	2
kolchoz	2
kolibřík	2
kolmice	2
kolonialista	2
kolování	2
kolový	2
kolísající	2
kombajnový	2
komentátor	2
komfort	2
komorový	2
komparativní	2
kompatibilita	2
kompenzační	2
komplementární	2
kompletace	2
kompletační	2
kompromisně	2
komsomolský	2
konající	2
koncentrovat	2
koncovka	2
konferenční	2
konfrontovaný	2
konkretizovaný	2
konkretizovat	2
konkurence	2
konsolidační	2
konsonant	2
konstruktivní	2
kontaktní	2
kontejner	2
kontinentální	2
kontrarevoluce	2
kontrasignovat	2
kontrastní	2
konturový	2
konvent	2
konzervovat	2
konzumentský	2
kooperační	2
koordinátor	2
kopat	2
kopolymer	2
kord	2
korektiv	2
korespondenční	2
kornatění	2
koroze	2
korpuskulární	2
korunový	2
kos	2
kosa	2
kosatec	2
kostkovaný	2
kostrční	2
kotelna	2
kotlina	2
kotva	2
koutek	2
kouzelný	2
kouzlo	2
kovohuť	2
kovoprůmysl	2
kovárna	2
kozlík	2
kočičí	2
kořenit	2
koš	2
koště	2
krach	2
krajinový	2
krajnice	2
krajnost	2
kratičký	2
krmivový	2
kropáč	2
kroucení	2
kroutit	2
kroužící	2
kružbový	2
králodvorský	2
královna	2
královnin	2
královédvorský	2
krápník	2
krást	2
krátkost	2
krédo	2
krémovat	2
krčit	2
krční	2
krůček	2
kuchař	2
kuchařka	2
kuchařský	2
kudy	2
kufr	2
kultovní	2
kutnohorský	2
kvantitatizovat	2
kvintet	2
květináč	2
kysličníkový	2
kyslíkový	2
kytice	2
kytička	2
kytka	2
kára	2
křehkost	2
křeč	2
křivit	2
křída	2
křídelní	2
křídlatý	2
křížení	2
křížovka	2
la	2
laděný	2
lahev	2
lahodný	2
lajdáctví	2
laminát	2
lano	2
laser	2
laserový	2
laureát	2
lebeční	2
leckterý	2
lednický	2
ledvina	2
lege	2
legie	2
legrace	2
lehkomyslnost	2
lehkomyslně	2
lekat	2
lemmatizace	2
lenost	2
lepení	2
lesník	2
letectvo	2
letištní	2
letorost	2
letoun	2
letovisko	2
letošek	2
letět	2
levně	2
lexikografický	2
lhostejnost	2
liberalizmus	2
lidospráva	2
lidovost	2
lidství	2
lignát	2
lihovina	2
limitovaný	2
limitující	2
limonáda	2
lineárně	2
linguistique	2
liniový	2
lipochromový	2
lis	2
lisovaný	2
lisování	2
listina	2
listnáč	2
listopadový	2
listový	2
listí	2
literárnost	2
lithium	2
litina	2
liturgie	2
litvínovský	2
liška	2
logaritmický	2
logickomatematický	2
logičnost	2
logopedie	2
londýnský	2
lopatka	2
loudat	2
louh	2
loupat	2
loupež	2
loučka	2
lovecký	2
lustr	2
lyrický	2
lyrika	2
lysý	2
lyžař	2
lyže	2
lákající	2
lákat	2
lámat	2
lán	2
láva	2
lávka	2
létání	2
léčebně	2
léčivo	2
líbezný	2
líc	2
lícní	2
líh	2
lít	2
líto	2
lůno	2
machr	2
magický	2
magistrát	2
magnet	2
magnetohydrodynamický	2
magneton	2
magnus	2
majetkový	2
makeup	2
maloobchodní	2
malost	2
malovaný	2
manažerství	2
mandl	2
mandlový	2
manipulační	2
manko	2
manufaktura	2
manufakturní	2
manuál	2
manévr	2
manévry	2
manšestr	2
manžeta	2
mapování	2
maratón	2
markantně	2
markýza	2
marxistickoleninský	2
maršál	2
masarykizmus	2
masovost	2
matematickofyzikální	2
matečný	2
mateřština	2
matička	2
maturita	2
maz	2
mačkat	2
mašinérie	2
mecenáš	2
mechanografický	2
med	2
mediační	2
medicína	2
medikament	2
memoriál	2
meritorní	2
metalurgie	2
meteorolog	2
metodicky	2
metrický	2
mezioborový	2
mezistaniční	2
mezičelistní	2
mikroorganizmus	2
mikulášský	2
miligram	2
milost	2
milostný	2
milovaný	2
mimika	2
mimochodem	2
mimoekonomický	2
mimopražský	2
minerál	2
minimalizace	2
minohledačka	2
minoritní	2
mizení	2
mladistvý	2
mladočeský	2
mletí	2
mlhavý	2
mluvení	2
mluvidlo	2
mluvní	2
mnohde	2
mnohonásobně	2
mnohostrannost	2
mnohoznačnost	2
mnohoúhelník	2
mnohočetný	2
mnutí	2
mobilizace	2
mochomůrka	2
mockrát	2
mocnina	2
mocnářství	2
modelování	2
modelář	2
modelářský	2
modernizovat	2
modulace	2
molekulárně	2
molybden	2
momentální	2
momentálně	2
monografický	2
monokrystal	2
monolitní	2
monologický	2
monopolistický	2
montér	2
mostecký	2
motivický	2
motorický	2
motorizmus	2
motto	2
movitý	2
močál	2
mramor	2
mramorový	2
mrazivý	2
mrazík	2
mrznout	2
multiplikátor	2
myslivec	2
mystifikace	2
mytologický	2
mzdově	2
máchání	2
málokde	2
míček	2
nabytý	2
nabídnutý	2
naběračka	2
nacionalizmus	2
nacizmus	2
nacvičovat	2
nadejít	2
nadhodnota	2
nadlidský	2
nadlouho	2
nadmíru	2
nadojit	2
nadprodukce	2
nadpřirozený	2
nadávat	2
nadělat	2
naděrovaný	2
nadřaděný	2
nadřazený	2
nadšenec	2
nadšeně	2
naftalín	2
nahlas	2
nahlédnout	2
nahlédnutí	2
nahlížet	2
nahraditelný	2
nahrazování	2
nahražení	2
nahromadit	2
nahromaděný	2
najisto	2
nakladatel	2
naklonit	2
nakreslený	2
nakreslit	2
nalepit	2
nalevo	2
naložit	2
naléhavost	2
namočený	2
namítat	2
nanometr	2
napjatost	2
naplocho	2
naplňovaný	2
napnutý	2
napodobit	2
napodobovat	2
napodobující	2
napojený	2
napojovat	2
naposled	2
naposledy	2
napovědět	2
napravo	2
napravovat	2
napíchnout	2
napínat	2
napínavý	2
napříč	2
narcis	2
narozeniny	2
naráz	2
narůst	2
nasazený	2
nasazování	2
nasbírat	2
nashromáždit	2
nashromážděný	2
naskýtat	2
naslouchat	2
nastartovat	2
nastojato	2
nastoupení	2
nastudovat	2
nasucho	2
nasycenost	2
natažení	2
naturální	2
natírat	2
navezený	2
navrhování	2
navrtat	2
navzdory	2
navážka	2
nařízený	2
naříznout	2
nažrat	2
nebozez	2
nebývalý	2
nechutný	2
nedorozumění	2
neduh	2
nedůslednost	2
nehledě	2
nehotovost	2
nejenže	2
nejinak	2
nekodifikovanost	2
nekrolog	2
nemačkavý	2
nemocenské	2
nenáviděný	2
neochvějný	2
nepochybný	2
nepohoda	2
neporušenost	2
nepozornost	2
neprospěch	2
nerostný	2
nerovnoměrnost	2
nerovnováha	2
nerozlučný	2
nesmlouvavý	2
nesnášenlivost	2
nesouhlas	2
nesplnění	2
nespokojený	2
nesprávnost	2
nestejnorodost	2
neuróza	2
neutrino	2
nevolnost	2
nevrlý	2
nevýhodnost	2
newton	2
neznámá	2
nezájem	2
neúprosně	2
nešika	2
nešvar	2
nihilistický	2
nihilizmus	2
niob	2
nivelační	2
nivelizace	2
nivelizační	2
ničit	2
nomenklatura	2
normalizační	2
norský	2
nouze	2
novela	2
novinový	2
novinářský	2
novobabylónský	2
novomlýnský	2
novoměstský	2
novorozenecký	2
novověk	2
noček	2
nožový	2
nu	2
nudista	2
nukleární	2
nuklid	2
numizmatický	2
náhodně	2
náhražka	2
nákladnost	2
nálet	2
nálevka	2
námezdní	2
náměstkyně	2
nápaditý	2
nápodoba	2
nápravně	2
národopisec	2
náročně	2
nároží	2
násilí	2
následování	2
násobení	2
násobený	2
násobit	2
nástrojový	2
náušnice	2
návykový	2
návštěvnice	2
náčrtek	2
nářaďovna	2
nízkofrekvenční	2
nízkotavitelný	2
něžnost	2
něžný	2
obapolně	2
obchodně	2
obdarovat	2
obdélník	2
obhajoba	2
objektivita	2
objektivizace	2
objektivizovat	2
objemný	2
objevení	2
objevitel	2
objevující	2
objímka	2
objíždění	2
obkladový	2
obklopovat	2
obkládat	2
oblek	2
obležený	2
obnovování	2
obohacování	2
obočí	2
obroda	2
obrozený	2
obsadit	2
obsazování	2
observace	2
obvinění	2
obývat	2
oběhový	2
obřadný	2
ocet	2
ochránit	2
ochuzovat	2
ocitat	2
ocitnout	2
octnout	2
odbočování	2
odbíjenkářka	2
odbírat	2
odběratelskododavatelský	2
odběrový	2
odcestovat	2
odchylovat	2
odchýlit	2
odcizení	2
oddalovat	2
oddaný	2
oddechnout	2
odděleně	2
oddělitelně	2
odehrát	2
odepsaný	2
odepřený	2
oderský	2
odevzdání	2
odiv	2
odizolovaný	2
odkapat	2
odkazovat	2
odklon	2
odklopení	2
odkládací	2
odkvetlý	2
odkázat	2
odlehčení	2
odlet	2
odlišený	2
odloučit	2
odmlčet	2
odmítání	2
odměňovat	2
odpadek	2
odpis	2
odpočivný	2
odpůrce	2
odrušení	2
odrušovací	2
odrůdový	2
odsouzení	2
odstupňovaný	2
odstřeďování	2
odsud	2
odsunout	2
odtok	2
odtržený	2
odumírání	2
odumření	2
odvedenec	2
odvedený	2
odvozovací	2
odvysílat	2
odzadu	2
odzbrojit	2
odzkoušený	2
odřený	2
odštěpovat	2
of	2
ohlédnout	2
ohoblovaný	2
ohoblovat	2
ohodnotit	2
ohon	2
ohyb	2
ohýbací	2
ohýbání	2
ohřátý	2
ohřívaný	2
ohřívat	2
ohřívač	2
okopanina	2
okouzlující	2
okružní	2
oktant	2
okřídlený	2
olše	2
omak	2
omýt	2
omývat	2
onehdy	2
ontogenetický	2
op	2
opakovatelnost	2
opalování	2
opačně	2
opel	2
operovat	2
opilovat	2
opis	2
opisování	2
oplocení	2
opodál	2
opomenutý	2
opomíjený	2
opozice	2
opracovat	2
opravdovost	2
opravovaný	2
opravňovat	2
optimisticky	2
optimálně	2
opukový	2
opuštěný	2
opál	2
opírající	2
opěra	2
opěrný	2
opětný	2
oranžový	2
ordinář	2
organizovanost	2
orný	2
ortoepie	2
orýsovat	2
osamocený	2
osamostatnění	2
osazený	2
osazovat	2
osev	2
osidlo	2
osivo	2
oslovovat	2
osmiletka	2
osmium	2
osmyslení	2
osobitost	2
ostroh	2
ostění	2
ostře	2
ostřikovač	2
osudný	2
osvobodit	2
osvojený	2
osvětlovaný	2
osvětlování	2
osádka	2
osázený	2
otcovský	2
otištění	2
otočení	2
otroctví	2
otrokářský	2
otruby	2
otužilý	2
otužovat	2
otvírat	2
otřást	2
ovace	2
ovlivnění	2
oválný	2
ověřovatel	2
oxidativní	2
ozdravení	2
ozdravný	2
ozimý	2
oznámení	2
ozvěna	2
ozářený	2
ozón	2
ozývat	2
ozřejmit	2
očkovací	2
oříšek	2
ošacení	2
ošizený	2
ožívat	2
pakt	2
palácový	2
paměťový	2
panenka	2
panonský	2
pantofel	2
paosten	2
paprika	2
papírna	2
paradoxní	2
paragraf	2
paralelně	2
parazit	2
partitura	2
partnerka	2
partnerský	2
partyzánský	2
parádní	2
pasový	2
pastýř	2
pata	2
patnáctičlenný	2
patník	2
patřičně	2
pauperizovaný	2
pavlovský	2
pažitka	2
pekař	2
peklo	2
pelichat	2
peněžitý	2
percepce	2
percepční	2
perfektně	2
perihel	2
periodikum	2
perleť	2
pernice	2
personalizace	2
personál	2
perzekuce	2
pestrost	2
petrochemický	2
petrochemie	2
petrolejka	2
petržel	2
pečení	2
pečený	2
pigmentace	2
pigmentový	2
piha	2
pilně	2
pilovat	2
pilový	2
pinzeta	2
pirát	2
pití	2
pivovarník	2
pivčo	2
plachetnice	2
plachta	2
plakat	2
plakát	2
plamínek	2
planina	2
planý	2
plasticky	2
plastikový	2
plastičnost	2
platidlo	2
platový	2
plaz	2
plazmatický	2
plechový	2
plemenný	2
pletení	2
pletárenský	2
pletárna	2
plicní	2
plisovaný	2
plnící	2
plodnost	2
plynovodní	2
plynárna	2
plytký	2
plážový	2
plést	2
plísňový	2
plýtvat	2
plžatka	2
pneumatika	2
pobočný	2
pochvala	2
pochvalně	2
podceňovaný	2
podceňování	2
podchycený	2
podepisovat	2
podinterval	2
podivný	2
podivně	2
podivuhodný	2
podjezd	2
podkladní	2
podloudnictví	2
podléhající	2
podmiňovaný	2
podmiňující	2
podnapilý	2
podprůměrný	2
podpěra	2
podpůrný	2
podrážka	2
podstavec	2
podstoupit	2
podstupovat	2
podtext	2
podvečer	2
podvědomý	2
podzemí	2
podávací	2
podélně	2
poetizmus	2
pohladit	2
pohlcení	2
pohltit	2
pohlédnout	2
pohlížet	2
pohmat	2
pohon	2
pohonný	2
pohostinsky	2
pohostinství	2
pohotovostní	2
pohotový	2
pohovořit	2
pohoří	2
pohrozit	2
pohybování	2
pohádkoslovný	2
pohřební	2
pojednaný	2
pojit	2
pojišťovací	2
pojímat	2
pojízdný	2
pojíždění	2
pokladní	2
pokleslý	2
poklice	2
pokládaný	2
pokládání	2
pokojný	2
pokračovatel	2
pokrývat	2
pokulhávat	2
pokuřovat	2
pokřik	2
polaritní	2
polední	2
polemický	2
poletovat	2
politickoekonomický	2
politickoorganizátorský	2
političnost	2
pologrupa	2
polohový	2
poloninský	2
poloprach	2
polovinový	2
polyetylén	2
polygrafický	2
polymerizace	2
polypropylenový	2
polypropylén	2
polyuretan	2
polívčička	2
pomníček	2
pomíjet	2
ponejvíce	2
ponižující	2
ponořit	2
poodhalit	2
popadnout	2
popelka	2
popelnice	2
popelník	2
popisování	2
poplatek	2
popudlivý	2
popularizace	2
popularizovat	2
popíjet	2
popěvek	2
popřát	2
porce	2
porostlý	2
porotce	2
porovnávat	2
portugalský	2
portulaka	2
poruchový	2
poručit	2
porušovat	2
porážet	2
posadit	2
poschodí	2
posilující	2
poslankyně	2
poslušnost	2
posměch	2
pospolitost	2
pospíchat	2
pospíšit	2
postačující	2
postgraduální	2
posthypnotický	2
postižitelný	2
postoupený	2
postranní	2
postulovat	2
postát	2
postřehnout	2
posunovat	2
posunutí	2
posuzovací	2
posílaný	2
potence	2
potencionální	2
potenciálně	2
potlesk	2
potlučený	2
potravinový	2
potravinářství	2
potrestaný	2
potrestání	2
potrvat	2
potvrzování	2
potýkat	2
potěr	2
potěšující	2
pouliční	2
poustevnický	2
poutat	2
poutavý	2
pouzdro	2
poučený	2
poušť	2
povyšovat	2
povzbuzení	2
povzbuzovat	2
povznesený	2
povážský	2
povědět	2
pověstný	2
povětrnost	2
povětšinou	2
povětšině	2
power	2
pozbýt	2
pozbývat	2
pozitivisticky	2
pozměňovat	2
pozvednout	2
pozvolna	2
pozítří	2
pozůstalý	2
poúrazový	2
počitatelný	2
počítací	2
pořekadlo	2
pořádkový	2
pořádání	2
poškozovaný	2
poškozování	2
poštovský	2
požehnání	2
poživatina	2
požírat	2
požít	2
pracovitý	2
pracování	2
pragmatický	2
pramenitý	2
pramenný	2
pravdivě	2
pravičák	2
pravopisný	2
pravosměrný	2
preciznost	2
predeterminovaný	2
prezentace	2
prezidentský	2
primátor	2
primář	2
principál	2
prkénko	2
problematicky	2
probojovat	2
probouzet	2
probrat	2
probírání	2
procentuální	2
procvičení	2
prodejnost	2
produktivně	2
prodělat	2
profilace	2
profilový	2
programově	2
progresivita	2
prohlubovaný	2
prohlédnutý	2
prohnilý	2
prohnout	2
prohra	2
prohrát	2
prohánět	2
projektovaný	2
projížďka	2
prokazatelný	2
prokazatelně	2
proklamovaný	2
proklamovat	2
prokládat	2
prokrvený	2
proložení	2
prolínání	2
promlouvat	2
proměření	2
pronajatý	2
pronájem	2
pronásledovat	2
propis	2
propletený	2
propocený	2
propojitelný	2
proporcionalita	2
propouštěcí	2
propracovávání	2
propustka	2
propustnost	2
propuštění	2
propůjčit	2
prosba	2
proslout	2
prosperovat	2
prostoj	2
prostředkovaný	2
prosátý	2
protest	2
protestovat	2
protidělnický	2
protispolečenský	2
protitlakový	2
protitradiční	2
protokolárně	2
protékat	2
protínající	2
proudění	2
proutěný	2
provaz	2
provenience	2
provinilec	2
provinilý	2
provinění	2
provizorní	2
provolání	2
provozovaný	2
provádějící	2
provázek	2
prověření	2
provždy	2
proximum	2
prozkoumaný	2
prošívaný	2
prsa	2
prvoligový	2
prádelní	2
právník	2
prázdninový	2
průbojník	2
průchozí	2
průkaznost	2
průkopnický	2
průplav	2
průprava	2
průsečík	2
průsvitný	2
průtokový	2
pseudoradikální	2
pseudovědecký	2
pstruh	2
psychiatr	2
psychiatrie	2
psycholingvistický	2
psychologizmus	2
ptačka	2
pterygoid	2
publikování	2
pucolánový	2
puma	2
punčocha	2
pupen	2
puška	2
pyramidální	2
párek	2
pásek	2
páčit	2
písemnost	2
pólovaný	2
pólování	2
pěna	2
pěst	2
pěstitelský	2
pětadvacetiletý	2
pětapadesát	2
pětimocný	2
pětimístný	2
pětinásobek	2
pětičlenný	2
pětkrát	2
pěšky	2
přeborník	2
přebíhání	2
přebíjet	2
přebírat	2
přecházející	2
předbíhat	2
předcházení	2
předjímat	2
předjíždějící	2
předjíždět	2
předmnichovský	2
předmětnost	2
přednostní	2
přednášející	2
předně	2
předozadní	2
předpovídat	2
předpovědět	2
předprostor	2
předstihnout	2
předvedení	2
předvolební	2
předváděný	2
předvídání	2
předávající	2
předávaný	2
předěl	2
přehodit	2
přehoustlý	2
přehánět	2
přejatý	2
přejímaný	2
překlenout	2
překonávání	2
překotný	2
překrytí	2
překrýt	2
přeložení	2
přeložený	2
přemrštěně	2
přemísťovat	2
přepisování	2
přeplnění	2
přeplněný	2
přepracovaný	2
přepravovaný	2
přepálený	2
přerod	2
přerůstat	2
přerůstání	2
přesadit	2
přesazovat	2
přesazování	2
přeskakování	2
přeskokový	2
přestoupit	2
přestěhování	2
přesunout	2
přesvědčivost	2
přetavit	2
přetváření	2
přetěžování	2
převlékat	2
převodový	2
převážit	2
přezrálý	2
přečkat	2
přeřazení	2
přežehlit	2
přežívat	2
přibitý	2
přibližování	2
přibližující	2
přibraný	2
přibíjet	2
přibývající	2
přicházející	2
přidružený	2
přidávání	2
přidělování	2
přihrádka	2
přihrát	2
přiklonit	2
přikrmovat	2
přikrývka	2
přilehnout	2
přinutit	2
připevňovat	2
připisovaný	2
připojování	2
připoutání	2
připočítat	2
přirovnat	2
přirovnání	2
přisednout	2
přisoudit	2
přispění	2
přisunout	2
přisvojovat	2
přisvojování	2
přitažlivost	2
přitáhnout	2
přivaděč	2
přivezený	2
přivlastnění	2
přivodit	2
přiřazení	2
přiřezávat	2
přátelsky	2
příbuzenský	2
přídavný	2
příkladně	2
přímkový	2
přímočarý	2
příměsový	2
přínosný	2
příplatek	2
přírodně	2
přírodopis	2
příruční	2
přísahat	2
přísloví	2
přístavba	2
přívrženec	2
příze	2
příčinný	2
pštros	2
půdorysný	2
půlkruhový	2
půlobrat	2
působený	2
r	2
racionalizovaný	2
racionálně	2
radar	2
radiační	2
radikál	2
radioaktivita	2
radiotechnika	2
radličný	2
radnický	2
radno	2
rajče	2
raketový	2
rallye	2
raport	2
raráš	2
razidlo	2
razítko	2
rašelinový	2
reagující	2
reakcionář	2
realizátor	2
recenze	2
recenzní	2
receptivní	2
receptář	2
recidiva	2
recitál	2
redaktorka	2
referendum	2
referentka	2
reflexní	2
reformační	2
reformistický	2
regest	2
regionálně	2
rehabilitační	2
rejdič	2
rejdy	2
reklamovaný	2
rekombinační	2
rekombinování	2
rekordní	2
rekreant	2
rekrutovat	2
rektorský	2
relevantní	2
reliéfní	2
reléový	2
remešský	2
reprezentující	2
reprodukovat	2
republikán	2
respektovaný	2
retardační	2
retrospektivní	2
revolucionář	2
revír	2
reziduum	2
rezignace	2
rezistence	2
rezonanční	2
reálie	2
reálno	2
rigorózní	2
ring	2
riskovat	2
rodička	2
rodičovství	2
rohový	2
romantický	2
romantizmus	2
ropa	2
rotující	2
rotunda	2
rouška	2
rovnoběžně	2
rovnoprávný	2
rovnoramenný	2
rovník	2
rozběhnout	2
rozdávat	2
rozdělovací	2
rozdělovník	2
rozepsaný	2
rozeschlý	2
rozestavěný	2
rozevřít	2
rozjet	2
rozkaz	2
rozkladný	2
rozkmit	2
rozkmitání	2
rozlehlý	2
rozlišování	2
rozmístění	2
rozmístěný	2
rozměrný	2
rozpadový	2
rozpoznání	2
rozprašovač	2
rozprostírat	2
rozptylovat	2
rozpuštěný	2
rozpínavý	2
rozrušit	2
rozrůst	2
rozrůzněný	2
rozstřikovat	2
rozsudek	2
roztahovat	2
roztomilý	2
roztočit	2
roztrhání	2
roztroušený	2
roztržený	2
roztřídit	2
roztříštěný	2
rozumně	2
rozvaha	2
rozvedení	2
rozvití	2
rozvodový	2
rozvrat	2
rozvrhnout	2
rozvržení	2
rozvětvený	2
rozštěpit	2
ročenka	2
roštěnka	2
rtuťnatý	2
rtěnka	2
rukopisně	2
rumunský	2
rusky	2
ruzyňský	2
ručení	2
ručit	2
ručník	2
rvačka	2
rybina	2
rybníkářství	2
rychlení	2
rychlíkový	2
rychlírna	2
rytmizace	2
ryzlink	2
rádce	2
résumé	2
rétorika	2
réva	2
rýma	2
rýnský	2
různoběžný	2
různoměrný	2
různorodost	2
růžově	2
sakristie	2
samet	2
samonosný	2
samoobslužní	2
samoúčel	2
sanita	2
saský	2
sauna	2
sazeč	2
sbormistr	2
sbíječka	2
sběratelský	2
sběrna	2
scandium	2
schematický	2
schematizmus	2
schnout	2
schránka	2
schválně	2
schůdný	2
scintilační	2
sdílet	2
sdělený	2
sdělný	2
sebedokonalejší	2
sebeuspokojení	2
sebevědomý	2
sebevědomě	2
seboroický	2
sedací	2
sedlina	2
sedlák	2
sedmdesátimilimetrový	2
sedmdesátka	2
sedmkrát	2
segedínský	2
sehraný	2
seismika	2
sekulární	2
sekunda	2
semafor	2
semilogaritmický	2
sepisovat	2
seskupit	2
seskupování	2
sestoupit	2
sestrojení	2
sestrojený	2
sestupovat	2
sestávat	2
setrvačnost	2
sevanský	2
severně	2
severoatlantický	2
severojižní	2
sevření	2
sex	2
sexuální	2
sečítat	2
seřadit	2
seřízený	2
seříznutý	2
shledaná	2
shledávat	2
shromažďovat	2
shánět	2
signalizace	2
signifié	2
silnoproudý	2
silážní	2
simulace	2
simultánní	2
singen	2
sitár	2
sjednocovací	2
sjednocovat	2
sjednání	2
skalničkář	2
skepse	2
skeptický	2
sklenka	2
skleníkový	2
sklepní	2
sklovitost	2
sklovitý	2
skluz	2
skládací	2
sklánět	2
skotský	2
skočit	2
skrytě	2
skrz	2
skrčmo	2
sladění	2
slap	2
slavnostně	2
sledovač	2
sledující	2
slepec	2
slepecký	2
slepený	2
slepit	2
slibně	2
slovně	2
složit	2
sluch	2
slunný	2
slučovací	2
slučovat	2
slušnost	2
služebně	2
služka	2
slza	2
slévárna	2
slíbený	2
smyk	2
smyslově	2
smysluplný	2
smíchat	2
smíchovský	2
smířit	2
směrný	2
směsice	2
směska	2
směňovaný	2
sochař	2
socializovaný	2
sociokulturní	2
sociolingvistický	2
sociolingvistika	2
sociálněekonomický	2
sodný	2
sokolský	2
somatický	2
sonáta	2
souboj	2
souběh	2
soudnost	2
soudělný	2
souhra	2
soukolí	2
soukromí	2
soumrak	2
sourozenec	2
soutěživost	2
současník	2
sovchoz	2
spartak	2
spatřovaný	2
speaker	2
specifikovaný	2
speciál	2
spektroskop	2
spisový	2
spletený	2
splynout	2
splácení	2
splátka	2
spodkový	2
spojitě	2
spokojeně	2
společenskost	2
spoluodpovědnost	2
spolurozhodovat	2
spontánnost	2
sporadicky	2
spouštěcí	2
spouštět	2
spočítat	2
spořitelna	2
spravedlivě	2
spravovaný	2
spravovat	2
správce	2
správní	2
spustit	2
sputnikový	2
spuštěný	2
spáchat	2
spájecí	2
spět	2
srdečný	2
srdečně	2
srostlice	2
srp	2
srážkový	2
srůstat	2
stacionární	2
stagnace	2
stagnovat	2
standarta	2
stanování	2
staronový	2
starověký	2
starožitnost	2
statisticky	2
statusquo	2
statut	2
stavebně	2
stavení	2
stařec	2
stařeček	2
stažlivost	2
stejnojmenný	2
stejnolehlý	2
stinný	2
stoj	2
stojatý	2
stolní	2
stopka	2
stopový	2
stoprocentně	2
stoupání	2
stranový	2
strast	2
stravitelný	2
stravovací	2
stravovat	2
strašný	2
strmý	2
strojek	2
strukturalista	2
strukturalistický	2
strukturovaný	2
strávník	2
strýček	2
stržený	2
studentka	2
stvořit	2
stydět	2
stylisticky	2
stylistika	2
styren	2
státník	2
státně	2
stávkovat	2
stéblo	2
stínění	2
středový	2
středozemní	2
střela	2
střevíc	2
střevíček	2
střešní	2
střih	2
stříbřitý	2
střídačka	2
stříhaný	2
střízlivý	2
subfragment	2
subtilní	2
suchost	2
sudice	2
supranaturalistický	2
supranaturální	2
surovinový	2
suverenita	2
sušický	2
sušárenský	2
suť	2
svazeček	2
svetr	2
svinovací	2
svolání	2
svorkovnice	2
svorkový	2
svádět	2
svárovský	2
svépomoc	2
svést	2
svézt	2
svítilna	2
svítiplyn	2
svítivost	2
svěcení	2
svěrákový	2
světadíl	2
světle	2
světlost	2
světlík	2
světodějný	2
sykavka	2
symbolizovat	2
symetrie	2
symfonie	2
synapse	2
synchronický	2
synonymický	2
synonymum	2
syntagmatický	2
systémově	2
sytý	2
sádka	2
sázení	2
sérum	2
sídelně	2
sídlit	2
síťový	2
sója	2
tabelovaný	2
tachogram	2
taktika	2
taktovka	2
taktéž	2
tanečnice	2
tantal	2
tatínek	2
tchoř	2
technickohospodářský	2
technokratizmus	2
technology	2
telefonicky	2
telefonizace	2
telefonní	2
telekomunikace	2
telekomunikační	2
tendenčnost	2
tendenční	2
tenis	2
tenorista	2
tepenný	2
teplický	2
teplokrevný	2
teplovodní	2
tepláky	2
terapie	2
teritorium	2
term	2
termoset	2
tesařský	2
tesil	2
testovací	2
textilačka	2
tečka	2
theory	2
tiskový	2
tisíckrát	2
tisící	2
titulek	2
tkvící	2
tlačený	2
tleskat	2
tlustostěnný	2
tmavě	2
tolikrát	2
tonický	2
tonus	2
topič	2
topologický	2
topologie	2
totožnost	2
toulat	2
trabant	2
tradování	2
traktorista	2
trans	2
transformovat	2
transformovna	2
translační	2
transmutovat	2
transparent	2
transponovaný	2
travnatý	2
travní	2
trhlinka	2
trio	2
trnout	2
trofotropní	2
trojice	2
trojitý	2
trojlodní	2
trojlodí	2
trojnásobek	2
trojsměnný	2
trolejbusový	2
trolejový	2
troponin	2
tropus	2
trošíčku	2
trpící	2
trpěný	2
trubice	2
trubička	2
trumf	2
trutnovský	2
trávník	2
tržní	2
tuhnutí	2
tukový	2
tupý	2
turbulentní	2
tvarovat	2
tvarovka	2
tvořivě	2
tvárný	2
typologický	2
tyčinka	2
tábořící	2
tázat	2
tížit	2
túje	2
týdeník	2
týl	2
tělocvikář	2
těsto	2
třepenitka	2
třeň	2
třešnička	2
třicetiletý	2
třináct	2
tříbit	2
třídit	2
třídička	2
třífázový	2
třísměnný	2
třít	2
ublížit	2
ubytovat	2
uchránit	2
uctívaný	2
udat	2
udeřit	2
udivit	2
udržitelný	2
udusit	2
udělaný	2
uhynout	2
ujet	2
ujišťovat	2
ujíždět	2
ukazování	2
uklidit	2
uklidnění	2
uklidňovat	2
ukládaný	2
uklízečka	2
ukojení	2
ukradený	2
ukrytý	2
ukrást	2
ukázaný	2
ukázněnost	2
ulehčit	2
uležet	2
uliční	2
ulpívat	2
uléhat	2
umisťovat	2
umožnění	2
umísťovat	2
umývárna	2
umělecky	2
uměnověda	2
unavený	2
unavit	2
unie	2
unipolární	2
univerzálie	2
univerzálnost	2
upadnout	2
upnout	2
upomínka	2
upoutávat	2
upsat	2
upustit	2
upřesnění	2
upřesňování	2
uran	2
urgence	2
urovnaný	2
urovnání	2
urputný	2
urychlovaný	2
urážet	2
určenost	2
určitost	2
uschnout	2
usilovně	2
usměrnit	2
usnutí	2
usoudit	2
uspokojující	2
ustavičně	2
ustavovat	2
ustavující	2
ustoupit	2
ustálení	2
ustávat	2
utahovat	2
utkat	2
utlačovatel	2
utopit	2
utopizmus	2
utvrzovat	2
uvážení	2
uvědomovaný	2
uzavírka	2
uzený	2
uzlový	2
uznaný	2
učebnicový	2
učenec	2
učenka	2
učitelský	2
učitelstvo	2
uškodit	2
ušlechtilost	2
užitečně	2
užívající	2
vagónka	2
vajíčko	2
vak	2
vakance	2
valník	2
variabilní	2
variant	2
variantní	2
vazební	2
vařící	2
vcházet	2
vděčnost	2
vděčný	2
vejprtský	2
vektorový	2
velikán	2
velkokapitál	2
velkoměsto	2
velmožský	2
veranda	2
veruka	2
veršovaný	2
veršík	2
vesele	2
veskrze	2
veslo	2
vesmír	2
vesmírný	2
vetřít	2
vichřice	2
vidina	2
vihara	2
vinice	2
virtuózní	2
viskozita	2
viskózní	2
vitamínový	2
vlastnění	2
vlhkoměr	2
vlnařský	2
vlnitý	2
vlys	2
vláknitý	2
vnikat	2
vnitroodborový	2
vnitropodnikový	2
vnitropolitický	2
vnitřek	2
vnějšek	2
vodák	2
vojna	2
vokální	2
volant	2
volitelný	2
vonící	2
voskový	2
vozový	2
vrah	2
vrba	2
vrstevnatý	2
vrtat	2
vrácení	2
vsedě	2
vstoje	2
vstupenka	2
vstupné	2
vstávat	2
vstřikovací	2
vsítit	2
vtažený	2
vtlačit	2
vtáhnout	2
vtěsnat	2
vybalit	2
vybavovat	2
vybočení	2
vybíhající	2
vyběhnutí	2
vychladlý	2
vychovatelka	2
vydatnost	2
vydavatel	2
vydírání	2
vydělat	2
vydělávat	2
vyfukování	2
vyhasit	2
vyhazování	2
vyhašení	2
vyhledávaný	2
vyhlédnout	2
vyhmátnout	2
vyhnutelný	2
vyhnutelně	2
vyhodit	2
vyhodnocovaný	2
vyhotovit	2
vyhradit	2
vyhranit	2
vyhraněně	2
vyhrazovat	2
vyhraňovat	2
vyhrotit	2
vyjasněný	2
vyjmout	2
vyjmutí	2
vyklenutý	2
vyklápěcí	2
vykonat	2
vykopaný	2
vykoupat	2
vykoupený	2
vykořisťovatel	2
vykořisťující	2
vykupovaný	2
vylepšovat	2
vylámat	2
vylíčit	2
vymizení	2
vymlouvat	2
vymyšlený	2
vymýšlet	2
vyměnitelný	2
vynalézavý	2
vynasnažit	2
vyniknout	2
vynořovat	2
vynálezcovství	2
vynálezecký	2
vynášet	2
vyobrazený	2
vypadnout	2
vypařovat	2
vyplnit	2
vyplout	2
vypnutí	2
vypnutý	2
vypomoci	2
vypomáhat	2
vypouštění	2
vypočítavost	2
vypočítávat	2
vypořádání	2
vypraný	2
vyprat	2
vypravit	2
vypravovat	2
vypravěč	2
vyprazdňování	2
vyprávěný	2
vyprávěčský	2
vypsat	2
vypuknout	2
vypuštění	2
vypuštěný	2
vyrozumění	2
vyrozumět	2
vyrábějící	2
vyrážet	2
vysadit	2
vysazený	2
vyslaný	2
vyslechnutý	2
vysokoteplotní	2
vysoušet	2
vysoušeč	2
vystrčit	2
vystřelený	2
vysunout	2
vysunutý	2
vysvětlená	2
vysvětlivka	2
vysázení	2
vysázet	2
vysílačka	2
vytahování	2
vytažený	2
vytesaný	2
vytknout	2
vytrvalý	2
vytrvat	2
vytržení	2
vytyčení	2
vytyčovat	2
vytyčování	2
vytápěný	2
vytěžit	2
vyučovat	2
využitelný	2
vyvářet	2
vyzbrojený	2
vyzdobený	2
vyzděný	2
vyznamenaný	2
vyztužený	2
vyzvedávat	2
vyzvedávání	2
vyzářit	2
vyzývat	2
vyčerpatelný	2
vyčerpávat	2
vyčíslitelný	2
vyřízený	2
vyříznout	2
vyšetřovat	2
vyšetřovatel	2
vyškolený	2
vyškrtnout	2
vyšlapaný	2
vzdálit	2
vzhledový	2
vznesený	2
vzorkovnice	2
vzpažení	2
vzpomenutý	2
vzrušeně	2
vztahovaný	2
vztažný	2
vztyčený	2
válcování	2
váleček	2
vánek	2
vápencový	2
vápenocementový	2
vápnomilný	2
vážení	2
vážící	2
vévodit	2
vídaný	2
vídat	2
víla	2
víření	2
vířivý	2
výbava	2
výbojka	2
výběžek	2
východokarpatský	2
výcvikový	2
výdrž	2
výhonek	2
výhra	2
výjezd	2
výkonnost	2
výlov	2
výmluva	2
výmysl	2
výměnný	2
výpad	2
výpar	2
výplatní	2
výpovědní	2
výpravčí	2
výpůjčka	2
výrůstek	2
výsadní	2
výslednice	2
výstavka	2
výstižný	2
výstraha	2
výstražný	2
výstroj	2
výtahový	2
výtažek	2
výtlačný	2
výtrus	2
výtržník	2
výuční	2
vývar	2
výzkumně	2
významově	2
výškový	2
výživný	2
věcně	2
vědeckopopularizační	2
věnec	2
věrně	2
věrohodně	2
vězeňský	2
věštit	2
vřazování	2
všelidový	2
všemožně	2
všeplenární	2
x	2
xantelazma	2
xenon	2
yttrium	2
zabalit	2
zabetonovaný	2
zabezpečovací	2
zabezpečující	2
zabitý	2
zabroušený	2
zabrzdění	2
zabránění	2
zabráněný	2
zabydlet	2
zachvátit	2
zachycování	2
zacvičit	2
zadržení	2
zadávaný	2
zahloubený	2
zahrnovaný	2
zahrocený	2
zahuštěný	2
zajatý	2
zajisté	2
zajíždět	2
zakalený	2
zakončit	2
zakotvovat	2
zakouřený	2
zakrátko	2
zakřivení	2
zalíbení	2
zalít	2
zamezovat	2
zamilovaný	2
zamoření	2
zamrzat	2
zaměřenost	2
zaměřující	2
zanechávat	2
zanedbání	2
zanesený	2
zaniklý	2
zanášet	2
zaokrouhlovací	2
zaopatření	2
zapadnout	2
zapalovat	2
zaplavat	2
zaplavený	2
zapnutí	2
zapnutý	2
zapomenutí	2
započíst	2
zapuklý	2
zapuštěný	2
zapálení	2
zapálený	2
zapálit	2
zapřisáhlý	2
zarážení	2
zasazovat	2
zaschnutí	2
zasolení	2
zasouvat	2
zastarat	2
zastat	2
zastavování	2
zastihnout	2
zastihovat	2
zastíněný	2
zastírat	2
zastřít	2
zasunutí	2
zasunutý	2
zatahovat	2
zatlačený	2
zatlačit	2
zatloukat	2
zatáčka	2
zatékat	2
zatížit	2
zavinit	2
zavlažovací	2
zavítat	2
zavřený	2
zazářit	2
začleňování	2
začátečnický	2
zaťatý	2
zažívací	2
zbouraný	2
zbožně	2
zbrojnice	2
zbrusu	2
zbudovaný	2
zbudovat	2
zbytečnost	2
zdatný	2
zdařile	2
zdola	2
zdravě	2
zdržení	2
zdržovaný	2
zdvořile	2
zdárný	2
zdědit	2
zděděný	2
zdůvodnit	2
zelenavý	2
zeleninový	2
zelinářství	2
zemnič	2
zemědělskopotravinářský	2
zenitový	2
zeslabený	2
zeslabování	2
zespolečenštění	2
zesílit	2
zevrubně	2
zezdola	2
zfilosofičtění	2
zformulovat	2
zhasnout	2
zhluboka	2
zhoršování	2
zhospodárnění	2
zhostit	2
zhotovovat	2
zhroucení	2
zhrubělý	2
zikkurat	2
zintenzivnění	2
zirkonium	2
zjednat	2
zjednodušovat	2
zjevení	2
zjišťovaný	2
zkrmovat	2
zkrocení	2
zkráceně	2
zkáza	2
zkřížený	2
zlepšující	2
zletilý	2
zlidšťování	2
zlost	2
zmocňovat	2
zmrazení	2
změnový	2
změřený	2
změřit	2
znamenitě	2
znatelný	2
znatelně	2
značení	2
značený	2
značkový	2
znechucený	2
znehodnocovaný	2
znemožnit	2
znesnadňovat	2
zneutralizovat	2
znevažovat	2
znova	2
zobecňovat	2
zobecňující	2
zobrazovat	2
zobrazování	2
zootechnik	2
zornice	2
zostřovat	2
zostřující	2
zoufalství	2
zpestření	2
zpestřovat	2
zpomalovat	2
zpopulárnělý	2
zpožďování	2
zpracovatel	2
zpracovatelnost	2
zpronevěřit	2
zprostředkovávat	2
zprostředkující	2
zpěvácký	2
zpřesnit	2
zpřesňovat	2
zpřesňování	2
zpříjemnit	2
zpřístupnit	2
zrakový	2
zralost	2
zranění	2
zrcadelně	2
zrcadlit	2
zrcadlový	2
zrnitost	2
zrnko	2
zrohovatělý	2
zrychlení	2
zrychlený	2
zrychleně	2
zrychlovat	2
ztlumit	2
ztroskotat	2
ztrátový	2
ztuchlý	2
zubní	2
zvelebovací	2
zvelebování	2
zvenčí	2
zveřejňovaný	2
zvlnění	2
zvonek	2
zvonění	2
zvratný	2
zvučný	2
zvýraznit	2
zvýrazněný	2
zvěřina	2
zábavní	2
záblesk	2
záhadný	2
zákonitě	2
zápal	2
zápasník	2
zápisek	2
zápolení	2
zárodečný	2
zásaditý	2
zásobník	2
zásobovací	2
zástupkyně	2
zásuvkový	2
zátka	2
závaznost	2
závazně	2
závažnost	2
závitek	2
závitník	2
závodit	2
závodění	2
závora	2
zázrak	2
záď	2
zářivkový	2
zářící	2
zúčtovací	2
zúžení	2
zúžit	2
zřeknout	2
zřizovaný	2
zřítit	2
zůstatek	2
ÚGG	2
ÚNS	2
ÚTZCHT	2
ÚVOS	2
ÚVSH	2
Úpa	2
Úpice	2
ÚÚF	2
árie	2
údajně	2
údržbář	2
údržbářský	2
úděl	2
úhledný	2
úlomek	2
úmrtnost	2
úpadek	2
úpravárenský	2
úpský	2
úskalí	2
úspornost	2
ústavodárný	2
ústraní	2
ústup	2
ústupek	2
úterní	2
útočník	2
útěk	2
úzkostlivě	2
úzus	2
účelnost	2
účetnictví	2
účin	2
účtenka	2
účtárna	2
úřednický	2
úřední	2
úředně	2
ČPS	2
ČSAD	2
ČSM	2
ČST	2
ČSVD	2
ČTK	2
ČVUT	2
Čajka	2
Čechura	2
Čejkovice	2
Čermák	2
Čistov	2
Číla	2
Čížek	2
čalouněný	2
časování	2
černohnědý	2
černě	2
čerpací	2
čertův	2
českobudějovický	2
českomoravský	2
česnek	2
čichový	2
čile	2
činka	2
čirý	2
čirůvka	2
čistič	2
čitatel	2
členěný	2
človíček	2
člověčina	2
čokoláda	2
čtvereční	2
čtvrtletní	2
čtyřikrát	2
čtyřkolový	2
čtyřválcový	2
čínský	2
číslovka	2
čítající	2
čítanka	2
číšnice	2
Řek	2
Řezáč	2
Říman	2
řadicí	2
řadový	2
ředitelský	2
řepa	2
řev	2
řezník	2
řezný	2
řečiště	2
řidičský	2
řádka	2
římsa	2
řítit	2
říční	2
Šafařík	2
Šebor	2
Široký	2
Šoupal	2
Špinarová	2
Šroll	2
Štúr	2
Štětí	2
Švestka	2
Švéd	2
Švédsko	2
Šítkovský	2
šach	2
šicí	2
širokoúhlý	2
škodlivě	2
škodná	2
škrabák	2
škrob	2
škrtnout	2
šok	2
špice	2
špičatý	2
špína	2
šrot	2
šrucha	2
štafeta	2
štafetový	2
štípací	2
štípat	2
štítek	2
štěpnost	2
štětinový	2
šumět	2
švestka	2
švindlovat	2
švýcarský	2
šálek	2
šátek	2
šéfredaktor	2
šíp	2
šťastně	2
ťuhýk	2
Žabčík	2
Žabčíkovec	2
Žane	2
Žebrákovský	2
Železný	2
Židlochovice	2
Žurek	2
žacléřský	2
žadatel	2
žal	2
ždímat	2
žebrácký	2
žehrat	2
železoportlandský	2
želízko	2
ženatý	2
žito	2
živitel	2
živný	2
životopisný	2
životospráva	2
živořit	2
žloutek	2
žlutě	2
žumpa	2
žurnalistický	2
žíněnka	2
žír	2
žíznivý	2
A	1
AFIAP	1
ASAP	1
Aarne	1
Aarseth	1
Abrahámová	1
Abrhám	1
Abydos	1
Abú	1
Achajmenovec	1
Adam	1
Adamov	1
Adamson	1
Adidas	1
Adleita	1
Adolf	1
Adrian	1
Adygejka	1
Afričan	1
Agnes	1
Agroprojekt	1
Aguero	1
Aišmanová	1
Akvitánie	1
Albert	1
Albánie	1
Aldorf	1
Alexandrov	1
Alexej	1
Alfriend	1
Alfréd	1
Alice	1
Alit	1
Allan	1
Almaviva	1
Altaj	1
Amarancie	1
Amarna	1
Ambrož	1
Amenhotep	1
Anastásie	1
Anastázio	1
Anatole	1
Andrew	1
Angelin	1
Angyal	1
Anička	1
Anker	1
Anne	1
Anochin	1
Ansimov	1
Antimův	1
Antonacopoulos	1
Antonio	1
Antverpy	1
Aoki	1
Arab	1
Aram	1
Ariadnin	1
Armandová	1
Arménie	1
Arnoldová	1
Arpa	1
Arthur	1
Arturo	1
Artysz	1
As	1
Astoria	1
Astrid	1
Atalla	1
Athos	1
Auersperg	1
Austrálie	1
Avion	1
Avogadrův	1
BAV	1
BIH	1
BPGŘ	1
BPO	1
BRP	1
Babinský	1
Babka	1
Babylóňan	1
Bachir	1
Bachův	1
Bairdův	1
Bakešová	1
Bakov	1
Balík	1
Banga	1
Banzer	1
Baracchi	1
Baranov	1
Barber	1
Barcelona	1
Bardeenův	1
Barker	1
Barnet	1
Bartali	1
Bartolo	1
Bartoníček	1
Bartáková	1
Bartók	1
Barwinek	1
Barány	1
Basi	1
Basil	1
Basilio	1
Basilius	1
Bavorsko	1
Bazika	1
Baškircev	1
Bechyně	1
Beethoven	1
Belet	1
Belgafjel	1
Belgie	1
Bellův	1
Bendl	1
Bendlův	1
Benedek	1
Benzina	1
Berjozka	1
Berka	1
Bernheim	1
Bernátková	1
Besko	1
Bettis	1
Bezno	1
Bezroukův	1
Bezuchov	1
Biała	1
Bibliographie	1
Bielas	1
Bierkeland	1
Biermannův	1
Bikava	1
Bing	1
Bitýška	1
Biľak	1
Bjala	1
Blahoslav	1
Blansko	1
Blatná	1
Blažková	1
Blecha	1
Blodek	1
Bloomová	1
Bloxamův	1
Blüml	1
Bo	1
Bob	1
Bode	1
Bodláková	1
Bohdalec	1
Bohman	1
Bohnice	1
Bohumil	1
Bohunice	1
Boltzmannův	1
Bolzano	1
Borek	1
Borkovický	1
Born	1
Bornerie	1
Borodin	1
Borovec	1
Boston	1
Botana	1
Botas	1
Boubelová	1
Bouček	1
Bouřil	1
Bozis	1
Boček	1
Božetěchův	1
Brady	1
Brahe	1
Brahmsův	1
Braine	1
Bramsch	1
Brattainův	1
Brdy	1
Brenmanová	1
Brest	1
Bretfeld	1
Bretonec	1
Brigitte	1
Brina	1
Británie	1
Brixen	1
Brněnsko	1
Brownův	1
Brozovič	1
Brož	1
Brunclík	1
Brych	1
Bryknar	1
Bráník	1
Brátová	1
Brňan	1
Bubeneč	1
Bucek	1
Buchtelová	1
Budeč	1
Bugatti	1
Buhlerův	1
Bukurešť	1
Bumba	1
Burda	1
Busch	1
Busoni	1
Bystrovany	1
Bystrá	1
Bystřicko	1
Bystřina	1
BÚ	1
Bártová	1
Bébel	1
Bílý	1
Bóbrka	1
Böhmen	1
Bürgelův	1
Běchovice	1
Bělgorod	1
Bělokozy	1
Bělokoň	1
Břasy	1
Březina	1
Březnice	1
Břeň	1
Bříza	1
CKM	1
CTX	1
CVCVCV	1
Cain	1
Cannon	1
Capulet	1
Carda	1
Carl	1
Carreno	1
Castro	1
Cehnice	1
Celsius	1
Celá	1
Cemetery	1
Centroprojekt	1
Chabařovice	1
Chabrole	1
Chadwick	1
Chakurate	1
Chalabala	1
Charcotův	1
Charles	1
Chefrenův	1
Cheopsův	1
Chile	1
Chinon	1
Chlebek	1
Chlum	1
Chmelnice	1
Chobot	1
Chod	1
Chodos	1
Chodsko	1
Chomutovsko	1
Chorsabád	1
Chorvatsko	1
Chotkův	1
Chotouň	1
Chrabrany	1
Chrabrovickij	1
Chrudim	1
Churchill	1
Chvalčov	1
Chvál	1
Chýňava	1
Chřibská	1
Chřiby	1
Cimrmanová	1
Cinybulka	1
Cinérevue	1
Claude	1
Claudio	1
Clube	1
Cobb	1
Cohen	1
Collegium	1
Commissiona	1
Comte	1
Comtonův	1
Concordia	1
Confortiová	1
Cooley	1
Copilit	1
Coriolisův	1
Corriere	1
Corsi	1
Coulombův	1
Cucuccio	1
Cukrák	1
Curieová	1
Czatlošová	1
Císař	1
Císařův	1
DOS	1
DP	1
Dacey	1
Dagoberto	1
Dahrendorf	1
Dahrendorfův	1
Dalbert	1
Daltonův	1
Dambořice	1
Daniil	1
Dante	1
Dantův	1
Dar	1
Darwinův	1
Das	1
David	1
Davle	1
Dačicko	1
Dašková	1
Debayle	1
Deckerová	1
Decourt	1
Dedeko	1
Dejaiffe	1
Delapatelliere	1
Demeč	1
Denis	1
Denver	1
Denys	1
Descartes	1
Deutscher	1
Deyl	1
Dešenice	1
Diblík	1
Dietzgen	1
Dillí	1
Dimitri	1
Dimitrij	1
Dimitrovův	1
Dinaridy	1
Dionýsos	1
Dluhoš	1
Dmitrijevič	1
Dobner	1
Dobytčí	1
Dobřenice	1
Dojetřice	1
Dokučajev	1
Dolejšek	1
Dolejší	1
Doležel	1
Dolníčková	1
Dolomity	1
Dolík	1
Donald	1
Doněck	1
Doněcko	1
Dostál	1
Douglas	1
Douglasův	1
Doupovský	1
Drahanský	1
Drahuš	1
Drancy	1
Dreiser	1
Drobný	1
Drude	1
Drážďany	1
Dublovice	1
Dubno	1
Dubová	1
Dubowitz	1
Dubošin	1
Duisburg	1
Duma	1
Dupanda	1
Dvorsko	1
Dvory	1
Dvořiště	1
Dvořáková	1
Dynamo	1
Dědic	1
Děthard	1
Dětmar	1
Děčínsko	1
DŠ	1
Džóserův	1
EC	1
EEG	1
EK	1
EKG	1
EPO	1
ESČ	1
Ebenhoh	1
Ebermann	1
Edfo	1
Edgar	1
Edison	1
Edsall	1
Eduard	1
Egon	1
Einstein	1
Elefteriadu	1
Elektrotechnika	1
Elit	1
Elitex	1
Eliáš	1
Elková	1
Ellwood	1
Elsa	1
Emerson	1
Emspoma	1
Endo	1
Engelhardt	1
Eohippus	1
Erban	1
Erich	1
Erik	1
Ermitáž	1
Ernst	1
Erotissimo	1
Ervín	1
Etagril	1
Ettore	1
Eufrat	1
Eugen	1
Eugenie	1
Eulerův	1
Evangelista	1
Evans	1
Evička	1
Evreinová	1
Exner	1
Explorer	1
Eysenck	1
FCI	1
FFUK	1
FMD	1
FMPSV	1
FMTIR	1
FMTS	1
FMZO	1
FN	1
FO	1
FRR	1
FSS	1
FV	1
Fajjúm	1
Fajmonová	1
Falenty	1
Falstaff	1
Falta	1
Fanouš	1
Fantíková	1
Fassbaenderová	1
Faust	1
Fedinův	1
Felicia	1
Fenn	1
Fero	1
Ferrucio	1
Fesenmayer	1
Feťková	1
Fibich	1
Fic	1
Fick	1
Fidel	1
Fiedlerová	1
Fierlinger	1
Fink	1
Fisichelli	1
Fitzgerald	1
Fišera	1
Flajšhansův	1
Flandern	1
Flegel	1
Flek	1
Flocor	1
Florenc	1
Foerster	1
Foersterův	1
Foerstrová	1
Fojtl	1
Fojtík	1
Forel	1
France	1
Francouzka	1
Franková	1
Františkův	1
Frančík	1
Frelimo	1
Frenkel	1
Frenkelův	1
Fricke	1
Frieman	1
Friml	1
Frisko	1
Fromm	1
Fronta	1
Fruit	1
Frídl	1
Fudžijama	1
Fulton	1
Funes	1
Furneaux	1
Fáberův	1
Fénicie	1
Féničan	1
Fína	1
Gabin	1
Gabriela	1
Gabriella	1
Gabrov	1
Gabrovo	1
Gage	1
Galaxie	1
Gate	1
Gavenda	1
Gebhart	1
Geiger	1
Gelasius	1
Gergely	1
Gerstner	1
Giacaglia	1
Giacomo	1
Gidding	1
Gill	1
Ginsberg	1
Gioacchino	1
Giraltovce	1
Gita	1
Giuseppe	1
Gladfelter	1
Glěb	1
Godardův	1
Goillé	1
Goldman	1
Goldstucker	1
Golonová	1
Golonův	1
Gora	1
Gordini	1
Gordon	1
Gorenje	1
Goris	1
Gott	1
Graus	1
Gravier	1
Gregor	1
Grieg	1
Griffiths	1
Grimm	1
Grunberg	1
Grundův	1
Grunfeld	1
Gubergricův	1
Guchmanová	1
Gugliemi	1
Guillermin	1
Guiraud	1
Gulla	1
Gumplowicz	1
Gurtner	1
Gusevův	1
Góra	1
Görlitz	1
Göteborg	1
GŘJ	1
HS	1
HSV	1
HV	1
Habartov	1
Halikarnas	1
Hall	1
Hallerův	1
Halleyův	1
Hammel	1
Hampel	1
Handl	1
Hanes	1
Hanka	1
Hannover	1
Hans	1
Hanson	1
Hanč	1
Harrapa	1
Harrisův	1
Harta	1
Hartl	1
Harvey	1
Hasištejnský	1
Hasselbach	1
Hastings	1
Hathora	1
Hattala	1
Havránkův	1
Haš	1
Hašek	1
Hedvika	1
Hefaistos	1
Hegel	1
Hegelův	1
Heggie	1
Heidenhein	1
Heinrici	1
Heinz	1
Hele	1
Helga	1
Helmholtzův	1
Hemingway	1
Hentzsche	1
Henzl	1
Herdan	1
Herlikovice	1
Herossovec	1
Hertzsprungův	1
Herálec	1
Heš	1
Hieronymus	1
High	1
Hilgard	1
Hill	1
Hillary	1
Hindemithův	1
Hladíková	1
Hlavatá	1
Hlaváč	1
Hlaváček	1
Hlinka	1
Hloubětín	1
Hluboká	1
Hlubočepy	1
Hlávkův	1
Hodan	1
Hodač	1
Hodková	1
Hodonín	1
Hoffmeister	1
Hofstein	1
Hofstutter	1
Holoubkov	1
Hopp	1
Horedt	1
Horkheimer	1
Horký	1
Horský	1
Horvátová	1
Hostivař	1
Hostýn	1
Hovora	1
Hovorka	1
Hošek	1
Hrabal	1
Hrabov	1
Hracholusky	1
Hradisko	1
Hradiště	1
Hrinkančin	1
Hrochová	1
Hronová	1
Hrozný	1
Hrubín	1
Hrubínův	1
Hrušovský	1
Hryzely	1
Hrádek	1
Hrůzův	1
Hubený	1
Hubálek	1
Hugh	1
Hull	1
Hulme	1
Huml	1
Hurdis	1
Hus	1
Husserlův	1
Husův	1
Huxleyův	1
Huyghens	1
Huňka	1
Hybeš	1
Hydroprojekt	1
Hynšt	1
Hyrowa	1
Hála	1
Hálek	1
Háta	1
Hélios	1
Hýbl	1
Hřebíčková	1
Hřivno	1
Hůlová	1
IGUP	1
IMUZ	1
ITMA	1
Ib	1
Ignác	1
Igra	1
Ilja	1
Illustrierte	1
Indický	1
Indonésie	1
Indočína	1
Indra	1
Indulona	1
Inessa	1
Infante	1
Inka	1
Interkosmos	1
Intermóda	1
Internacionál	1
Invex	1
Irany	1
Irwin	1
Irán	1
Island	1
Islands	1
Isoldin	1
Ivana	1
Ivanovice	1
Ivanovič	1
Ivanovskaja	1
Ivres	1
Izrael	1
Izvestija	1
Iževská	1
Jablonex	1
Jack	1
Jackiv	1
Jakl	1
Jakobson	1
Jakubovský	1
James	1
Jandová	1
Janet	1
Janeček	1
Janička	1
Janoušek	1
Janovic	1
Janáčková	1
Janáčkův	1
Janík	1
Jarka	1
Jarolímková	1
Jaroslavna	1
Jaroušek	1
Jas	1
Jaures	1
Javorka	1
Javíra	1
Jawa	1
Jazykovedný	1
Jaškovská	1
Jefferys	1
Jelínek	1
Jelínkův	1
Jelčany	1
Jena	1
Jenda	1
Jeng	1
Jens	1
Jeníček	1
Jenůfa	1
Jepišev	1
Jeruzalém	1
Jessua	1
Jetřichovice	1
Jezerka	1
Jihlava	1
Jihočech	1
Jindřichohradecko	1
Jiroušová	1
Jiskra	1
Jitka	1
Jizera	1
Jiřina	1
Jiříček	1
Joergensen	1
Johanes	1
Johnson	1
Jonesův	1
Jonášová	1
Joy	1
Jozef	1
Juan	1
Judita	1
Juilland	1
Julietta	1
Julián	1
Juliš	1
Jungman	1
Jungmann	1
Juřinková	1
Jáchym	1
Jánská	1
Jílové	1
Jína	1
Jíra	1
Jürgen	1
JČ	1
Jůn	1
KFS	1
KH	1
KLR	1
KOR	1
KP	1
KPVS	1
KVOS	1
KVP	1
KWIC	1
KWOC	1
Kabrhelová	1
Kahng	1
Kahuda	1
Kahun	1
Kakuta	1
Kalantarov	1
Kalmykov	1
Kalofer	1
Kaly	1
Kamenický	1
Kamiš	1
Kane	1
Kaolar	1
Kapek	1
Kapitanov	1
Kapoun	1
Karas	1
Karie	1
Karlov	1
Karlovo	1
Karol	1
Kasai	1
Kasavin	1
Kauders	1
Kautsky	1
Kavkaz	1
Kavkův	1
Kazanlak	1
Kazimierz	1
Kaňka	1
Kašpar	1
Kašparová	1
Kbely	1
Kekkonen	1
Kelvin	1
Kenn	1
Kennyová	1
Kepler	1
Kerguelen	1
Kerner	1
Keszeli	1
Kielce	1
Kiell	1
Kijev	1
Kikuliš	1
King	1
Kinoautomat	1
Kirimiz	1
Kitabo	1
Klamoš	1
Klan	1
Klatovan	1
Klatovsko	1
Kleinewefers	1
Kleinsorg	1
Klementův	1
Klicpera	1
Klimková	1
Klubko	1
Klumbiesův	1
Klus	1
Klíma	1
Klímová	1
Kmínek	1
Kniplová	1
Kněžna	1
Kobylany	1
Kobylniky	1
Kodama	1
Kodeš	1
Kodýtková	1
Kohlmünzer	1
Kohoutek	1
Kokotek	1
Kokurin	1
Kolaříková	1
Kollár	1
Kolmogorov	1
Kolowrat	1
Kolínsko	1
Komada	1
Komořany	1
Komárnik	1
Komárov	1
Komín	1
Kondurar	1
Konečný	1
Konstantin	1
Konstantinův	1
Konvit	1
Koněv	1
Kooperativa	1
Kopal	1
Kopalův	1
Kopecká	1
Kopecký	1
Kopernik	1
Kopist	1
Kopřiva	1
Kopřivnice	1
Koranda	1
Korcová	1
Korda	1
Korejovce	1
Koritarovová	1
Korn	1
Kornel	1
Koroljov	1
Korsakov	1
Korčák	1
Kostjakov	1
Kostějův	1
Kosův	1
Kouba	1
Koubek	1
Kouřim	1
Kouřimsko	1
Kozlovský	1
Kozojedy	1
Kozák	1
Kočí	1
Koňský	1
Kořínek	1
Koš	1
Koščák	1
Košťálov	1
Košťálová	1
Kožešník	1
Kožinová	1
Krag	1
Krajinová	1
Krajná	1
Krakonoš	1
Kravčenko	1
Krkoška	1
Krno	1
Krog	1
Krombholc	1
Kronfeld	1
Krosno	1
Kročehlavy	1
Krušina	1
Krušný	1
Krym	1
Král	1
Královice	1
Krásnohorská	1
Kráčmarová	1
Kráčmerová	1
Krössing	1
Krčínův	1
Krška	1
Kubelík	1
Kubisová	1
Kublov	1
Kublukjan	1
Kubr	1
Kubátová	1
Kubínův	1
Kubíček	1
Kudrnáč	1
Kuhnová	1
Kuklík	1
Kunčice	1
Kurka	1
Kursk	1
Kutný	1
Kutz	1
Kuča	1
Kušakov	1
Květa	1
Kyoto	1
Kypr	1
Kyros	1
Kysela	1
Kysúce	1
Kyzylkum	1
Kyšická	1
Kácov	1
Káhira	1
Kája	1
Kámen	1
Kühne	1
Křelinová	1
Křikavová	1
Křiklánová	1
Křička	1
Křižánkovy	1
Křižík	1
Křtiny	1
Kříž	1
KŠK	1
LP	1
LSD	1
LSŘJP	1
LTC	1
La	1
Lacanič	1
Lachaise	1
Laco	1
Lada	1
Lai	1
Lakatoš	1
Landsteiner	1
Langer	1
Langhamer	1
Langhansová	1
Langrangeův	1
Lasalle	1
Laterna	1
Laubův	1
Laufer	1
Laura	1
Lautererová	1
Lazarsfeld	1
Le	1
Lebeděv	1
Lederer	1
Ledeč	1
Lee	1
Leinsdorf	1
Lemešev	1
Leon	1
Leonid	1
Les	1
Lessing	1
Leverrierův	1
Levoča	1
Leština	1
Libanon	1
Liberecko	1
Libor	1
Libuše	1
Liběnice	1
Lichtenstein	1
Lichý	1
Liebault	1
Liebig	1
Lieskov	1
Likov	1
Linette	1
Linhart	1
Linné	1
Lipovka	1
Liptovský	1
Lipá	1
Lisická	1
Litomyšl	1
Litovice	1
Littleův	1
Lizzani	1
Liška	1
Ljubimova	1
Lobkovice	1
Lodenice	1
Lodge	1
Lodž	1
Lohmanův	1
Lomnice	1
Lomonosov	1
Londonův	1
Longley	1
Loos	1
Lopata	1
Lorencová	1
Lorentz	1
Loreta	1
Lotrinský	1
Lotův	1
Louis	1
Lounsko	1
Louny	1
Lovosice	1
Lowreyová	1
Lowy	1
Luba	1
Luby	1
Lucerna	1
Lucia	1
Lucie	1
Lucinius	1
Lud	1
Ludwig	1
Lukjanov	1
Luleč	1
Lulu	1
Luna	1
Luník	1
Lurani	1
Luther	1
Lutín	1
Luxfer	1
Lučina	1
Lužec	1
Lužniky	1
Lužík	1
Lynd	1
Lyon	1
Lála	1
Láďa	1
Lóbl	1
Lübeck	1
Lýdie	1
MD	1
MDAS	1
ME	1
MEZ	1
MFF	1
MKS	1
MLHV	1
MVOS	1
MVZŽ	1
MZ	1
Macek	1
Mach	1
Machar	1
Machnówka	1
Machonin	1
Machovcová	1
Macháčková	1
Macháčkův	1
Madeta	1
Magdeburk	1
Mahal	1
Mahler	1
Mahlerův	1
Maile	1
Maison	1
Majerová	1
Makarenkův	1
Makedonie	1
Malcao	1
Malešov	1
Malát	1
Malířová	1
Malý	1
Malšovice	1
Manitas	1
Manolio	1
Marat	1
Marcinkovská	1
Marcus	1
Marcuse	1
Marduk	1
Marek	1
Mariin	1
Mariner	1
Maroko	1
Marr	1
Marrův	1
Martha	1
Maruška	1
Marvan	1
Masaryk	1
Masuda	1
Matas	1
Mathesiův	1
Matice	1
Matušek	1
Matuška	1
Matys	1
Matěj	1
Matějková	1
Matějovič	1
Mařáková	1
McDougal	1
McDougall	1
McGovern	1
Mears	1
Medvedie	1
Melhuba	1
Melichov	1
Meliomat	1
Melkus	1
Menclová	1
Mendoza	1
Menkaurův	1
Mentour	1
Menšík	1
Meopta	1
Merckx	1
Merino	1
Mesmerův	1
Metro	1
Metroprojekt	1
Mexiko	1
Meyer	1
Miako	1
Michaela	1
Michele	1
Michle	1
Mifková	1
Mikuláš	1
Milebuze	1
Milechnin	1
Miller	1
Miloš	1
Miluše	1
Minalík	1
Mirad	1
Mirka	1
Miropak	1
Mitropolos	1
Mixová	1
Mičíková	1
Mladý	1
Modesta	1
Modřany	1
Mohendžo	1
Mojmír	1
Molavcová	1
Moldávie	1
Moloděnskij	1
Mommaets	1
Monte	1
Montostav	1
Moor	1
Moravec	1
Morris	1
Moseleyův	1
Moskalenko	1
Moskvan	1
Moskvič	1
Motor	1
Mottlová	1
Mowren	1
Mozambik	1
Mozart	1
Mrchojedy	1
Mucha	1
Muencheberg	1
Muenchenberg	1
Muncheberg	1
Munser	1
Munzarová	1
Muralt	1
Muromec	1
Musikbuch	1
Musilová	1
Mutsumi	1
My	1
Myint	1
Myslbek	1
Myslíkův	1
Mácha	1
Máchův	1
Málek	1
Málkův	1
Mánes	1
Mánesův	1
Mír	1
Míč	1
Müller	1
Mědníček	1
Mělnický	1
Mělník	1
MěstV	1
MŠ	1
Mšeno	1
Mže	1
ND	1
NHL	1
NM	1
Nacozy	1
Naděždinová	1
Nalžovský	1
Napoleon	1
Navarová	1
Nazarovo	1
Načeradec	1
Naďa	1
Nduka	1
Nechanice	1
Neckář	1
Neckářová	1
Neiman	1
Nepolisy	1
Neptun	1
Neptunův	1
Nerovský	1
Nesvadba	1
Neudorfeld	1
Nevděk	1
Neveuxův	1
New	1
Newcombův	1
Newellův	1
Newton	1
Newtonův	1
Neštěmice	1
Nguyenhuungo	1
Nicklaus	1
Niedergercke	1
Niels	1
Nielsen	1
Nietscheův	1
Nikisch	1
Nikodem	1
Nipponia	1
Nižný	1
Noam	1
Noll	1
Nord	1
Nosek	1
Novobystřicko	1
Novohuťák	1
Novotná	1
Nová	1
Nowy	1
Náměšť	1
Národní	1
Němeček	1
Něždanovová	1
NŘ	1
ODPM	1
OIRT	1
OL	1
OLRT	1
ONF	1
ONVVOD	1
OO	1
OOP	1
OP	1
OPS	1
OPZ	1
OR	1
OS	1
OSAN	1
OSMS	1
OVHZI	1
OVHZL	1
OVOS	1
OVS	1
OZSS	1
Obrataň	1
Obuchovová	1
Obuchowski	1
Obšár	1
Odl	1
Ogorodnikov	1
Ohnivák	1
Okula	1
Olbracht	1
Olinka	1
Olszewski	1
Olszyňski	1
Ondrůček	1
Ondřejov	1
Ondřejík	1
Ondřejův	1
Onoma	1
Onomyšl	1
Oosawa	1
Opaxit	1
Opeplatis	1
Ophuels	1
Orchester	1
Oreb	1
Orfeus	1
Organisme	1
Orient	1
Orion	1
Orlovanka	1
Orlová	1
Orlík	1
Orn	1
Orne	1
Oseva	1
Osgooda	1
Osgoodův	1
Oslava	1
Oslavansko	1
Ostroměř	1
Ostrov	1
Othelo	1
Otradinskij	1
Ottavio	1
Oujezdský	1
Ovesný	1
Ovion	1
Ozerovův	1
OŘJ	1
OŠI	1
PD	1
PE	1
PKOJF	1
PLP	1
PM	1
PSM	1
PSML	1
PSČ	1
PTP	1
PVT	1
PZO	1
Pablo	1
Pagliuca	1
Pak	1
Palmer	1
Palmore	1
Palouček	1
Panton	1
Paprsek	1
Paris	1
Parkhurst	1
Parléř	1
Parsch	1
Parsons	1
Pascal	1
Paskov	1
Pauli	1
Pavlásek	1
Pavlíček	1
Pavol	1
Pazourek	1
Pařízek	1
Pearson	1
Pecka	1
Pejchal	1
Pekárek	1
Pelhřimov	1
Pelhřimovsko	1
Pelikánová	1
Pepík	1
Pere	1
Peroutková	1
Persie	1
Perský	1
Peterová	1
Peterson	1
Petra	1
Petrof	1
Petrov	1
Petrů	1
Petrův	1
Petržílek	1
Petzold	1
Petřín	1
Pešková	1
Pfauserová	1
Philae	1
Piaget	1
Picasso	1
Pierre	1
Pilarová	1
Pilařův	1
Pioneer	1
Pirkl	1
Pirkštejn	1
Planá	1
Plas	1
Plastex	1
Plastimat	1
Plastin	1
Plata	1
Plavci	1
Plejády	1
Plenge	1
Plinius	1
Plzeňan	1
Poche	1
Podbořany	1
Podhradská	1
Podhůrčí	1
Podlahův	1
Podolskij	1
Podskalský	1
Podskaláček	1
Podunají	1
Pohanka	1
Pojsl	1
Polabí	1
Poledník	1
Pollert	1
Pollák	1
Polytechna	1
Poláček	1
Poncar	1
Ponědráz	1
Popov	1
Popperův	1
Poprad	1
Popule	1
Portugalec	1
Porýní	1
Poslušný	1
Postřelmov	1
Potěhy	1
Pour	1
Povodí	1
Povolží	1
Pozdišovice	1
Pořízková	1
Pošusta	1
Prachaticko	1
Pragokoncert	1
Prague	1
Prajzner	1
Pražská	1
Pražák	1
Prima	1
Primusová	1
Princ	1
Prior	1
Pro	1
Procházková	1
Profousův	1
Prokofjev	1
Prokofjevův	1
Prokůpek	1
Prométheus	1
Prostějovsko	1
Protiva	1
Prouzová	1
Práce	1
Průboj	1
Pták	1
Pucherna	1
Pulawy	1
Pungeová	1
Purkyňův	1
Puškař	1
Pyrrhův	1
Pyskocely	1
Pyskáček	1
PÚV	1
Pálka	1
Písecký	1
Píč	1
Předměřice	1
Přelouč	1
Přibík	1
Příhoda	1
Pšorna	1
Quine	1
RH	1
RKZ	1
RVZ	1
RaJ	1
Racek	1
Rada	1
Radhošť	1
Radon	1
Radona	1
Radost	1
Radová	1
Raduna	1
Radvanice	1
Radčice	1
Rajhrad	1
Rakodur	1
Rakovnicko	1
Rallye	1
Rama	1
Ramešová	1
Ramona	1
Rataj	1
Rataje	1
Ratzenhofer	1
Ravensbrück	1
Ravi	1
Ravková	1
Raymond	1
Record	1
Reeker	1
Reekerův	1
Regina	1
Regine	1
Reginhard	1
Rema	1
Remek	1
Remeš	1
Renaultka	1
Renáta	1
René	1
Rethlihgshaferová	1
Revoluční	1
Revson	1
Rh	1
Rhodesie	1
Ricard	1
Richtr	1
Riecke	1
Riemannův	1
Ries	1
Riessig	1
Riga	1
Rila	1
Rilský	1
Rimský	1
Riviéra	1
Rjong	1
Roadin	1
Roberts	1
Rocznik	1
Rodenavit	1
Rodom	1
Rodopy	1
Rolland	1
Romain	1
Roman	1
Romže	1
Rosicko	1
Rosina	1
Rosmus	1
Rosmusův	1
Ross	1
Rottrová	1
Rouselův	1
Rozkošný	1
Roztoky	1
Roštěnice	1
Rožmberk	1
Rubinstein	1
Ruda	1
Rudoarmejec	1
Rudolfová	1
Rudolfstein	1
Rudolfínum	1
Ruiz	1
Rumburk	1
Ruml	1
Rurikovec	1
Ruslan	1
Russelův	1
Rybníky	1
Rychnov	1
Rykr	1
Ryszard	1
Ryška	1
Ráby	1
Ráj	1
Rázl	1
Réaumur	1
Rýn	1
Rýznarová	1
Růžena	1
Růžičková	1
SDS	1
SED	1
SHMP	1
SKNV	1
SLTŠ	1
SNR	1
SNTL	1
SONP	1
SOR	1
SOS	1
SPGŘ	1
SPK	1
SPŠ	1
SST	1
SURPMO	1
SVUM	1
SVÚOM	1
SVÚSS	1
SZ	1
SZŠ	1
Sabinův	1
Safanov	1
Sah	1
Saigon	1
Salavův	1
Salač	1
Salisbury	1
Salk	1
Salomon	1
Samek	1
Sandanski	1
Sanfor	1
Santa	1
Santiago	1
Santiano	1
Sarajevo	1
Sarbin	1
Sargonův	1
Satie	1
Sauerová	1
Saumur	1
Schilder	1
Schneider	1
Scholzův	1
Schottky	1
Schubertová	1
Schubertův	1
Schulzová	1
Schur	1
Schwarzenegger	1
Schweizer	1
Schönberg	1
Seagren	1
Sedláková	1
Seidelmann	1
Seifert	1
Sekera	1
Sekiguchi	1
Selucký	1
Semafor	1
Sempra	1
Senohraby	1
Sequens	1
Sera	1
Serengeti	1
Serge	1
Sergej	1
Serghiu	1
Sezimův	1
Shankar	1
Shapiro	1
Shaw	1
Shelus	1
Shor	1
Sicílie	1
Sidorenko	1
Siegbahn	1
Sigma	1
Silvano	1
Simbel	1
Simca	1
Simmons	1
Simon	1
Simplex	1
Simrock	1
Sindenův	1
Sinkule	1
Siné	1
Siroťák	1
Skinner	1
Sklodowská	1
Skloexport	1
Skomielna	1
Skuratov	1
Skála	1
Skřivanová	1
Skřivany	1
Slaný	1
Slatinice	1
SlavPrag	1
Slavníkovec	1
Slavík	1
Slavín	1
Slavíčková	1
Slemeno	1
Slimáček	1
Slotera	1
Slovakotex	1
Slovanka	1
Smena	1
Smetana	1
Smetanovec	1
Smečky	1
Smečno	1
Smirady	1
Smirnov	1
Smith	1
Smolivec	1
Smrkovský	1
Smržovka	1
Smíchous	1
Smýkal	1
Sněhurka	1
Soběslavův	1
Sochová	1
Soddy	1
Sodoma	1
Sokol	1
Sokolovo	1
Solo	1
Soloveyová	1
Solvina	1
Sommer	1
Sommerfeld	1
Sommerfels	1
Somozův	1
Soukup	1
Souček	1
Spartak	1
Spartakův	1
Spaskij	1
Spezia	1
Spišský	1
Splavy	1
Sponitz	1
Spytihněv	1
Spálený	1
Srb	1
Srby	1
Sredna	1
Stach	1
Stalinův	1
Stanislava	1
Starling	1
Starlingův	1
Statz	1
Stejskal	1
Stelterová	1
Stensen	1
Stensenův	1
Sternův	1
Stewart	1
Stoke	1
Stonehenge	1
Stoufferův	1
Strahov	1
Strakonicko	1
Stratil	1
Straub	1
Strauss	1
Stravinskij	1
Strašnice	1
Strejček	1
Strettiová	1
Strinka	1
Strnadely	1
Strojexport	1
Strojobal	1
Strojplast	1
Stuetzer	1
Suchomel	1
Suda	1
Sudek	1
Sudoměřsko	1
Sugava	1
Sukův	1
Sumy	1
Sunar	1
Supraphon	1
Surabaja	1
Sušil	1
Svatoslav	1
Svidník	1
Svojkovice	1
Svárov	1
Svět	1
Světlík	1
Syrovátko	1
Syrový	1
Szczepański	1
Szeged	1
Szozda	1
Sängerbund	1
THS	1
TIR	1
TOK	1
TS	1
Tachito	1
Tadž	1
Tage	1
Tairov	1
Takagi	1
Takuo	1
Talichův	1
Tamuri	1
Tarakanov	1
Tarnov	1
Tatraplan	1
Tel	1
Teldec	1
Tena	1
Tenturiel	1
Teodor	1
Tepna	1
Teresa	1
Terezie	1
Terezov	1
Termik	1
Tešnov	1
Thomas	1
Thomase	1
Thomson	1
Thrák	1
Théseus	1
Tichonov	1
Tichý	1
Tigridův	1
Times	1
Tlumačov	1
Tocl	1
Tolstoj	1
Toman	1
Tomešová	1
Tomka	1
Tomková	1
Tomsk	1
Tománek	1
Tománková	1
Tonkünstler	1
Toník	1
Topinka	1
Topolčansko	1
Toronto	1
Toscanini	1
Toulouse	1
Touraine	1
Touring	1
Tous	1
Točník	1
Trebeurden	1
Trinidad	1
Trippová	1
Trnavský	1
Trneček	1
Trnová	1
Trommer	1
Troubky	1
Trubecký	1
Trubková	1
Trybuna	1
Tudor	1
Tunis	1
Turek	1
Turgeněvův	1
Turingův	1
Turnov	1
Tuzar	1
Tuček	1
Tvorba	1
Tycho	1
Tyrš	1
Těrchová	1
Těšnov	1
Těšín	1
Třebechovice	1
Třebová	1
Třísov	1
UBV	1
UEFA	1
UP	1
UPZT	1
Uclafrussel	1
Uhersko	1
Uhrová	1
Uhřičice	1
United	1
Uničov	1
Ur	1
Urbánkův	1
Urx	1
Uránie	1
VAZ	1
VGIK	1
VH	1
VHMP	1
VHZL	1
VIP	1
VNIMG	1
VP	1
VSN	1
VSSL	1
VSŽ	1
VTS	1
VUML	1
VW	1
Vachův	1
Vacková	1
Vacků	1
Valdengo	1
Valián	1
Valjacův	1
Valášek	1
Valčadram	1
Vanbemmelen	1
Vaníčková	1
Vančura	1
Vares	1
Vaňův	1
Vaškovjak	1
Vašák	1
Vedra	1
Veděnskij	1
Vejrosty	1
Vela	1
Veleslavín	1
Veliz	1
Velvary	1
Venclovský	1
Veněra	1
Verdek	1
Versailles	1
Ves	1
Vestmannaejar	1
Večerníček	1
Vidin	1
Vietnamec	1
Viktorin	1
Vimmerův	1
Vinola	1
Vistemat	1
Vladislav	1
Vladivostok	1
Vlasta	1
Vlastimila	1
Vlasák	1
Vlašim	1
Vláďa	1
Voborníková	1
Vogtland	1
Vohralík	1
Vojtěchův	1
Volduchy	1
Voleník	1
Volgyesi	1
Voltaire	1
Vondrouš	1
Vondrákův	1
Vonwiess	1
Vopot	1
Vorlíček	1
Voticko	1
Vova	1
Vraca	1
Vratimov	1
Vrbno	1
Vrbová	1
Vrtílková	1
Vrábí	1
Vsahov	1
Vunar	1
Vygotskij	1
Vyskoč	1
Vysoký	1
Vyšný	1
VÚKI	1
VÚLH	1
VÚLP	1
VÚV	1
VÚZH	1
VÚZT	1
Václavský	1
Vála	1
Vápenka	1
Vávrův	1
Vídeňák	1
Vítková	1
Vítová	1
Věnceslava	1
VŠT	1
VŠZ	1
Všehrdy	1
Všestary	1
WAW	1
Waldhans	1
Waldmeier	1
Walkerová	1
Warthegau	1
Washington	1
Wawrzak	1
Weis	1
Weit	1
Weitzenhoffer	1
Werner	1
Wessels	1
West	1
White	1
Whiteův	1
Wielki	1
Wiener	1
William	1
Williams	1
Windelbandův	1
Wiriyam	1
Witteveen	1
Wittgenstein	1
Wolf	1
Wolkerův	1
Wolters	1
Worms	1
Wrocanka	1
Wurzbacher	1
Xaverov	1
Xenofónos	1
Yannův	1
York	1
Ypsilonka	1
ZAD	1
ZKNV	1
ZN	1
ZNZ	1
ZOO	1
ZPA	1
ZPÚ	1
ZTV	1
ZVÚ	1
Zabrze	1
Zach	1
Zachar	1
Zagora	1
Zagorová	1
Zakopane	1
Zamazal	1
Zambezi	1
Zani	1
Zbiroh	1
Zborov	1
Zdražil	1
Zelenka	1
Zelený	1
Zeus	1
Zeyerův	1
Zika	1
Zimmer	1
Zimová	1
Zinajda	1
Znak	1
Znojmo	1
Zora	1
Zouhar	1
Zubatý	1
Zubová	1
Zuzana	1
Zwirko	1
Zyndranowa	1
Záluží	1
Zámky	1
Závišín	1
Závrský	1
abeceda	1
abecední	1
abelský	1
abonent	1
absolutizovat	1
absolutno	1
absolutorium	1
absolventka	1
absorbující	1
abstrahovaný	1
absurdní	1
academia	1
acetylén	1
acquisition	1
acta	1
adamovský	1
adaptovat	1
adekvátnost	1
adenosintrifosforečný	1
adhezní	1
adjektivní	1
administrativně	1
adoptovat	1
adrenalin	1
adresně	1
aduki	1
advokátní	1
aerobně	1
aerodynamický	1
aerodynamika	1
aeronomie	1
aeronádraží	1
aerosol	1
afektivní	1
afel	1
aferentace	1
afinita	1
afirmace	1
afirmativní	1
afix	1
africký	1
aféra	1
agilní	1
agitátor	1
agresivní	1
agresor	1
agrochemie	1
agrotechnika	1
agáve	1
agónie	1
ahistorický	1
ahoj	1
akcelerační	1
akcent	1
akciový	1
aklimatizace	1
akorát	1
akrbutadien	1
akrobat	1
akrylonitril	1
aktejský	1
aktivista	1
aktivnost	1
aktivovat	1
aktivum	1
aktomyosinový	1
aktovka	1
aktualita	1
aktuálně	1
akumulovaný	1
akumulátor	1
akusticky	1
akvarijní	1
akviziční	1
akvárium	1
alchymie	1
alchymista	1
aldehyd	1
alka	1
alkalický	1
alkoholik	1
alkoholizmus	1
alkálie	1
allium	1
alpinkový	1
alpinkář	1
alpínkářův	1
alt	1
alternativní	1
alternátor	1
altánek	1
alyssum	1
amatérsky	1
amatérství	1
ambice	1
ambiciózní	1
ambitový	1
ambulantní	1
ambulanční	1
amfiteátr	1
amplión	1
ampér	1
amurský	1
anachronizmus	1
anaerobní	1
anaforický	1
analfabet	1
analytik	1
anarchistický	1
anatomie	1
and	1
aneb	1
anekdotický	1
angažmá	1
anglistika	1
anglosaský	1
angulare	1
anodový	1
anologový	1
anonymní	1
anotace	1
anotovaný	1
antagonistický	1
antagonizmus	1
antianalogový	1
anticipovat	1
antifašista	1
antigenní	1
antiheroizmus	1
antiimperialistický	1
antika	1
antiklerikální	1
antikomunista	1
antikoncepční	1
antikvariát	1
antimanipulační	1
antimarxistický	1
antiparalelně	1
antipatie	1
antiscientistický	1
antitechnokratický	1
antiúnor	1
antracén	1
anturium	1
anály	1
aoi	1
apetitivní	1
aplaudovat	1
aplikabilita	1
aplikovatelný	1
apokalypsa	1
apologet	1
apologetizovat	1
apostrof	1
apoziční	1
apples	1
aproximující	1
apsidový	1
apteria	1
aranžér	1
arbitr	1
arbitraire	1
arbitrárnost	1
arbitrární	1
arbitrážní	1
archaizmus	1
archaizovaně	1
architektonicky	1
archový	1
archívní	1
arcibiskup	1
arcipresbyter	1
are	1
argotizmus	1
aristolochie	1
aritmetika	1
arkýř	1
armatura	1
arteriální	1
articulare	1
artikulace	1
artista	1
artézský	1
arzén	1
arálie	1
aréna	1
asanovaný	1
asanovat	1
ascendentní	1
asfaltovaný	1
asijský	1
asimilovat	1
asistovat	1
asketizmus	1
asociační	1
asparágus	1
aspektový	1
aspidistra	1
aspirantura	1
aspirující	1
assessment	1
astroláb	1
astrometrický	1
astronautika	1
asynchronní	1
atakdál	1
ateizmus	1
atletika	1
atmosférický	1
atomistický	1
atraktivnost	1
atribut	1
atrofie	1
aus	1
autentičnost	1
autistický	1
autoadaptivní	1
autokar	1
autokempink	1
automatika	1
automatizační	1
automatizující	1
automobilista	1
automotoklub	1
autonomie	1
autoopravárna	1
autoritativní	1
autorizovaný	1
autorský	1
autorství	1
autosalón	1
autosocializace	1
autosémantikum	1
avantgardní	1
avantýra	1
averze	1
averzívní	1
axiologie	1
azimutální	1
azovský	1
babičkovský	1
bachovský	1
bacit	1
bagr	1
bahno	1
bakteriologický	1
bakteriální	1
balený	1
baletní	1
balistika	1
balkánský	1
balneologický	1
balík	1
balíčkovací	1
balíčkování	1
balón	1
bambus	1
bandita	1
banditizmus	1
bandáž	1
banální	1
banánový	1
bar	1
barbarsky	1
barbarský	1
baret	1
barevna	1
barevnice	1
barnumský	1
barokně	1
baroko	1
barometr	1
barometrický	1
barrandovský	1
barvený	1
barvitý	1
barvíř	1
baryum	1
baráček	1
basilikální	1
basilián	1
basketbalový	1
basovovec	1
batolectví	1
batolení	1
bauxit	1
bavorský	1
bazilikální	1
bdící	1
bdělost	1
beatový	1
beauté	1
bederní	1
bedla	1
bedlivý	1
bedlivě	1
bednění	1
bedra	1
bedýnka	1
beletrie	1
beletristický	1
beletrizovaně	1
belgický	1
benevolentní	1
benzen	1
benzol	1
beranidlo	1
beskydský	1
bestie	1
bestseller	1
betlémský	1
betonování	1
betonáž	1
bezbranný	1
bezdevizový	1
bezdrátový	1
bezděčně	1
bezekvivalentnost	1
bezesmluvní	1
bezezbytku	1
bezeztrátový	1
bezkontextový	1
bezkyanidový	1
bezmoc	1
bezmocnost	1
beznadějný	1
bezodkladný	1
bezohlednost	1
bezohledný	1
bezostyšně	1
bezpečí	1
bezpodmínečný	1
bezpohybový	1
bezporuchový	1
bezpruhý	1
bezpáteřný	1
bezpříznakový	1
bezradnost	1
bezradně	1
bezrizikový	1
bezrozměrný	1
beztlakový	1
beztrestně	1
beztvarý	1
beztřídní	1
bezvodý	1
bezvýhradný	1
bezvýhradně	1
bezvýkopový	1
bezvýsledný	1
bezvýsledně	1
bezvýznamný	1
bezvětří	1
bezúdržbový	1
bezúhonnost	1
bezúrazový	1
bezúročně	1
bibliografickoinformační	1
bidlo	1
biedermeierovský	1
bikarbonát	1
bilancovat	1
bilaterální	1
bilión	1
bimbat	1
biocenóza	1
biochemik	1
biofiltr	1
biograf	1
biografie	1
biotechnický	1
biotopivo	1
biskupství	1
bitumen	1
bizarní	1
bičík	1
blackbox	1
blahopřejný	1
blahopřání	1
blahý	1
blanický	1
blata	1
blatouch	1
blažit	1
blb	1
bledý	1
blesk	1
blizoučko	1
blokáda	1
bludiště	1
bludný	1
bláhově	1
blána	1
bláznit	1
bláznivý	1
blázínek	1
blízce	1
blýskat	1
blýskavý	1
bobby	1
bobkový	1
bodování	1
bodově	1
bodrý	1
bohapustý	1
bohoslužba	1
bohyně	1
bojácný	1
bojínek	1
bolen	1
bolení	1
bolístka	1
bombardovaný	1
bombastika	1
bon	1
bonboniéra	1
bonbón	1
borax	1
borcení	1
bosenskohercegovský	1
bosý	1
botanika	1
botrytida	1
bouchnout	1
bouda	1
bouraný	1
bouřit	1
bouřka	1
bouřlivě	1
bořit	1
boží	1
bradavice	1
bradavičnatý	1
bradelský	1
bradlo	1
braný	1
bratrsky	1
bratřík	1
bravurnost	1
brašna	1
brašnička	1
brdský	1
brejk	1
bretonský	1
bridge	1
brigádnice	1
brigádní	1
brilantně	1
briskně	1
brixenský	1
brnkat	1
brod	1
brodit	1
brojler	1
brooklandský	1
broušení	1
broušený	1
brožura	1
brukev	1
brunátný	1
brus	1
brusič	1
brusle	1
brutální	1
brzdit	1
brzděný	1
bráchův	1
bránící	1
brázdimský	1
brýle	1
bubenský	1
bublat	1
bublina	1
buddhistický	1
buddhizmus	1
budující	1
budíček	1
budíčééék	1
bujení	1
bukový	1
bukurešťský	1
buldozer	1
bumerangový	1
bunda	1
buničina	1
butan	1
buřňák	1
bydlo	1
bydlívat	1
bylinka	1
byrokratizmus	1
bysta	1
bystřina	1
bytařka	1
bytná	1
bytostně	1
bytovka	1
bytově	1
byzantskořecký	1
byzantský	1
bába	1
báj	1
báječně	1
básnickost	1
bátyám	1
báňský	1
bérec	1
bétéčka	1
bídně	1
bílkový	1
bílošedý	1
bít	1
bór	1
bórový	1
běchovice	1
bědování	1
běhák	1
bělení	1
bělicí	1
bělinový	1
bělit	1
bělokamenný	1
bělokos	1
běloruský	1
bělostný	1
bělošedý	1
běžecký	1
běžkyně	1
břehový	1
březost	1
břečťan	1
břicho	1
břidlice	1
břveský	1
břímě	1
calamus	1
calgebra	1
candát	1
capacities	1
capart	1
capra	1
car	1
carský	1
causa	1
causerie	1
cařovna	1
cech	1
ceknout	1
celistvost	1
celnice	1
celně	1
celokovový	1
celokrajský	1
celopodlahový	1
celoslovenský	1
celospolečensky	1
celoživotní	1
celuloidový	1
celulární	1
celulóza	1
celulózka	1
cenina	1
centralizmus	1
centrencefalický	1
centrála	1
centrálnost	1
centrálně	1
cenzurovat	1
ceníkový	1
cestopisný	1
cestovné	1
cesťák	1
chalcedon	1
chaldejský	1
chaluha	1
chan	1
chanče	1
charkovský	1
chatařský	1
chechtavý	1
chef	1
chemickotechnologický	1
chemizovaný	1
chilský	1
chinesis	1
chionodoxa	1
chladnout	1
chlapecký	1
chlazený	1
chlorid	1
chlorofyl	1
chlubit	1
chlév	1
chmelnička	1
chmelový	1
chmurnost	1
chmurný	1
chobotnice	1
chocholík	1
chodský	1
chopit	1
chorobný	1
choroboplodný	1
choutka	1
chovanec	1
chrastit	1
chromitý	1
chromosféra	1
chrudimský	1
chrup	1
chrupavčitý	1
chryzantéma	1
chránič	1
chtění	1
chudina	1
chudičký	1
chumel	1
chutnat	1
chuťový	1
chvilkový	1
chvála	1
chvályhodný	1
chvět	1
chybit	1
chycení	1
chystaný	1
chytračit	1
chápavý	1
chápavě	1
chátrat	1
chýš	1
chřadnutí	1
chřest	1
chřestící	1
chřástal	1
cicvár	1
cifra	1
cigaretový	1
cihlový	1
cikánka	1
cikánský	1
cimbuří	1
ciné	1
cirkulace	1
cirkusový	1
citově	1
citrus	1
citrát	1
civilizovaný	1
cizinec	1
cizopasný	1
clematis	1
clona	1
coby	1
combi	1
condylus	1
consumens	1
coorrevon	1
coreopsis	1
country	1
cours	1
crocus	1
crystallography	1
ctitelka	1
ctižádostivý	1
cukrovat	1
cukroví	1
cukrárna	1
cukrář	1
cukrářský	1
curie	1
cvakat	1
cvičený	1
cvičitelský	1
cvičící	1
cyklisticky	1
cypřiš	1
czepelský	1
cár	1
césarický	1
césium	1
cévka	1
cílově	1
cíp	1
církeněslovanský	1
církevní	1
cítěný	1
d'etre	1
dalekosáhle	1
danost	1
darující	1
darwinizmus	1
datel	1
datový	1
datý	1
dbale	1
dcerka	1
dceřiný	1
decentralizovaný	1
decerebrace	1
decider	1
decize	1
dedukce	1
dedukovaný	1
dedukovat	1
deduktivní	1
deduktivně	1
defektní	1
deficit	1
defilovat	1
definitní	1
definovánuý	1
degenerovaný	1
degradační	1
degradující	1
dekagram	1
deklarativnost	1
deklarativně	1
deklarovaný	1
deklinační	1
dekompozice	1
dekor	1
dekorační	1
dekvalifikace	1
dekóder	1
del	1
delikt	1
della	1
deltoid	1
demagog	1
demagogie	1
demarkační	1
demise	1
demografie	1
demokrat	1
demokratizace	1
demokratičnost	1
demolovaný	1
demonstrace	1
demonstrativní	1
demontovaný	1
demontovat	1
demontáž	1
demoralizující	1
dennodenně	1
denotace	1
dentale	1
depo	1
depolymerizace	1
depresor	1
deprimovat	1
deputace	1
depót	1
derbový	1
derby	1
derivovaný	1
derivát	1
descartovský	1
desetidenní	1
desetikilometrový	1
desetiprocentní	1
desetistupňový	1
desetitisícový	1
desintegrace	1
deskriptivizmus	1
deskriptivně	1
desmognathní	1
destilace	1
destilovaný	1
destinace	1
destička	1
destruktivní	1
desítiletí	1
detektiv	1
detektivní	1
detekční	1
determinace	1
determinant	1
determinanta	1
determinační	1
determinizmus	1
detoxikace	1
devadesátkrát	1
devalvace	1
devastace	1
devastační	1
devastovaný	1
devaterník	1
deverbativní	1
devizově	1
devítiletý	1
devítičlenný	1
dezerce	1
dezinfikující	1
dezinterpretace	1
dezorientace	1
dezorientovat	1
dešifrovaný	1
diabeticky	1
diachronický	1
diachronní	1
diafon	1
diagnostika	1
diagonálně	1
diagramatický	1
diakritický	1
dialektickologický	1
dialekticky	1
dialogický	1
diamantový	1
diametrálně	1
diapozitiv	1
diapásmo	1
diasnímek	1
diatermokoagulace	1
dichotomie	1
didakticky	1
didaktika	1
dieselagregát	1
dieselizace	1
dieselmotorový	1
diferencovaně	1
diferencování	1
diffuse	1
difrakce	1
difterický	1
difusní	1
difuze	1
digitalis	1
diktatura	1
diktátorský	1
dilatace	1
dilema	1
dimenzovaný	1
dimenzovat	1
dimerie	1
diplomat	1
diplomatický	1
diplomový	1
direktiva	1
dirigentský	1
dirigovat	1
disciplinovanost	1
disciplinovaně	1
disertace	1
disjunkce	1
disk	1
diskový	1
diskreditovat	1
diskretní	1
diskriminující	1
diskutující	1
diskvalifikovat	1
disociační	1
disociovaný	1
disonance	1
dispečerský	1
disponovaný	1
disponování	1
disponující	1
disposice	1
dispozičně	1
divadélko	1
divergence	1
divergentně	1
dividenda	1
divně	1
divoký	1
divočina	1
divácký	1
divý	1
dlask	1
dlaždič	1
dlažební	1
dlouhodobost	1
dlouhozobý	1
dláždění	1
dobarvování	1
dobromyslný	1
dobrovolnice	1
dobrovolník	1
dobrácký	1
dobudovat	1
dobudování	1
dobíjet	1
doběhnout	1
docenit	1
docenitelný	1
doceňovat	1
docílení	1
dodavatelskoodběratelský	1
dodavatelsky	1
dodávání	1
dodělávat	1
dogmatický	1
dogmatizmus	1
dohašený	1
dohledací	1
dohnat	1
dohněda	1
dohodit	1
dohotovený	1
dohánět	1
dojatý	1
dojednávat	1
dojemný	1
dojezd	1
dojička	1
dokončovaný	1
dokořán	1
dokreslení	1
dokreslit	1
dokreslovat	1
doktorand	1
doktorát	1
dokumentaristicky	1
dokumentaristika	1
dolomit	1
dolomitický	1
doložka	1
doléčovat	1
doléčování	1
domeček	1
dominantnost	1
domlouvat	1
domluva	1
domoci	1
domorodec	1
domovina	1
domovský	1
domyšlení	1
domáhat	1
domýšlet	1
domýšlivý	1
doměření	1
don	1
donošení	1
donošený	1
donucení	1
donucený	1
donucovací	1
doopravdy	1
dopadený	1
dopalovat	1
dopisovatel	1
dopisování	1
doplácet	1
dopolední	1
dopování	1
dopočet	1
dopravné	1
doprovázející	1
dopsat	1
dopěstovaný	1
dopřávat	1
dormitář	1
dorostenka	1
dorostlý	1
dorozumívající	1
dorozumět	1
doručit	1
dosloužit	1
doslovně	1
dosoušet	1
dospělost	1
dostaveníčko	1
dostavovat	1
dostavěný	1
dostavět	1
dostojevskojanáčkovský	1
dostoupnout	1
dostát	1
dosyta	1
dot	1
dotazník	1
dotazování	1
dotek	1
dotekový	1
dotknutelný	1
dotovat	1
dotování	1
dotváření	1
dotyk	1
dotykový	1
dotázaný	1
dotýkaný	1
doupě	1
doutník	1
dovařovat	1
dovedný	1
dovléci	1
dovírat	1
dozadu	1
dozimetrie	1
dozorce	1
dozorčí	1
dozpívat	1
dozpěv	1
dozrávání	1
dočítat	1
dořezávání	1
doříznutí	1
dožínkový	1
draho	1
drahocenný	1
drahokam	1
drain	1
dramaticky	1
dramatik	1
dramatičnost	1
drancování	1
drapérie	1
dravý	1
dravčí	1
dravě	1
draze	1
dražický	1
drcení	1
drenážní	1
drezína	1
dril	1
drive	1
drnový	1
drobek	1
drobit	1
drobivý	1
drobnička	1
droga	1
dromaeognathní	1
drop	1
drožďárna	1
drsně	1
drtit	1
drtivý	1
drtič	1
druholigový	1
druhořadý	1
družicový	1
družit	1
družka	1
drzost	1
drámo	1
drátěný	1
dráždění	1
drážkovat	1
drážkování	1
drážkový	1
drť	1
drůbežárna	1
držení	1
držák	1
dublet	1
duh	1
duha	1
duhovka	1
dunajplavba	1
duo	1
dupot	1
dur	1
durynský	1
dusičnan	1
dusot	1
duševno	1
dvaadvacet	1
dvaapůlkrát	1
dvaasedmdesátý	1
dvaatřicátý	1
dvaačtyřicet	1
dvacetikoruna	1
dvacetitisícový	1
dvacetkrát	1
dvacka	1
dvacítka	1
dvanáctiúhelník	1
dvanáctičlenný	1
dvanáctka	1
dveřní	1
dvojakost	1
dvojatomový	1
dvojbarevný	1
dvojcihla	1
dvojdomý	1
dvojitě	1
dvojka	1
dvojkolka	1
dvojkolí	1
dvojlomný	1
dvojmístný	1
dvojnásobek	1
dvojrozměrný	1
dvojsečnost	1
dvojstrana	1
dvojvětevný	1
dvojzdvih	1
dvojúsekový	1
dvojúčelový	1
dvojúčelově	1
dvojče	1
dvojčetný	1
dvorní	1
dvouatomový	1
dvoubarevný	1
dvoudenní	1
dvouděrový	1
dvoukarburátorový	1
dvoukolejný	1
dvoukolák	1
dvoulůžkový	1
dvoumotorový	1
dvouměsíční	1
dvouparametrický	1
dvoupramenný	1
dvoupólový	1
dvousemestrový	1
dvouslovný	1
dvoustupňový	1
dvoutónový	1
dvoutýdenní	1
dvoučlenný	1
dvěstěpadesát	1
dychtivost	1
dynamizovat	1
dynamo	1
dynastie	1
dárcův	1
dárkový	1
dávající	1
délkový	1
démon	1
démonický	1
dílek	1
dílovedoucí	1
dívenka	1
dívčina	1
dívčí	1
dýchnout	1
děda	1
dědic	1
dědický	1
dědina	1
děděný	1
dějepis	1
dějinně	1
děkovný	1
dělaný	1
dělicí	1
dělitelnost	1
dělníkův	1
dělolijec	1
dělání	1
dělící	1
děsně	1
dětičky	1
dětskost	1
děvenka	1
děvčátko	1
děčínský	1
dřepmo	1
dřevařský	1
dřevnatět	1
dřevokazný	1
dřevorubec	1
dřevotřískový	1
dřevovláknitý	1
dřevozpracující	1
dřeň	1
důlčík	1
důmysl	1
důmyslně	1
důrazný	1
důstojný	1
důtka	1
důvodný	1
důvodový	1
důvěřivý	1
džezový	1
džungle	1
eating	1
eben	1
educatio	1
efektní	1
efemeridový	1
effect	1
ego	1
egoistický	1
ekdysis	1
eklekticizmus	1
ekliptika	1
ekologicky	1
ekonomickotechnický	1
ekonomizmus	1
ektogeneze	1
ekvinokcium	1
ekvinoktium	1
ekvivalence	1
el	1
elekticizmus	1
elektrifikace	1
elektrizační	1
elektrodynamický	1
elektroinstalační	1
elektrolyt	1
elektrolyticky	1
elektrometrický	1
elektromontážní	1
elektromontér	1
elektromotor	1
elektroměr	1
elektrotechnik	1
elektrovýrobek	1
elementárně	1
eliminační	1
elipticita	1
elitářský	1
elongovaný	1
elév	1
email	1
embryonální	1
embéčko	1
emigrant	1
eminentní	1
emitující	1
emocialita	1
emotivní	1
emotivně	1
empiriokriticizmus	1
empírový	1
emu	1
emulzní	1
encyklopedický	1
encyklopedie	1
energetik	1
energizování	1
enormní	1
entalpie	1
enzymatický	1
epidemiologie	1
epika	1
epilog	1
epitafní	1
epiteton	1
epizodní	1
eponymní	1
epoxidový	1
er	1
erbový	1
erektilní	1
erektor	1
eremura	1
erg	1
erotický	1
erudice	1
eryzipeloid	1
es	1
esejista	1
eskalovat	1
estonský	1
estrichový	1
estét	1
estétství	1
etablovat	1
etapák	1
ethomoidale	1
eticky	1
etiketa	1
etnicky	1
etuda	1
etylalkohol	1
etymologie	1
etážový	1
eutektický	1
evangelium	1
evangeliář	1
evangelík	1
evidentnost	1
evidentní	1
evidentně	1
evidovaný	1
ex	1
excelence	1
excentrický	1
excitovaný	1
exemplifikace	1
exhalát	1
exil	1
existencialistický	1
exkluzívní	1
exkluzívně	1
exkurs	1
exotický	1
exotum	1
expanzívní	1
expedovat	1
experimentování	1
experimentálny	1
explikovaný	1
exponenciálně	1
export	1
expoziturní	1
extempore	1
exteriérový	1
extragalaktický	1
extrahovaný	1
extrahovat	1
extrapolace	1
extrapolační	1
extrémní	1
extrémně	1
faber	1
fabrika	1
fajnovka	1
fakultní	1
falcovaný	1
familiární	1
fanatický	1
fanatizmus	1
fanda	1
fanfára	1
fantastický	1
fantastika	1
faraón	1
farmaceut	1
fascinovat	1
fatálně	1
fazolka	1
fašista	1
federativní	1
fejeton	1
fejetonový	1
fena	1
fenol	1
fenomenologie	1
fenotypový	1
ferenda	1
fermežování	1
ferochrom	1
feroelektrický	1
ferovanad	1
fest	1
fešák	1
fialka	1
fibriární	1
field	1
figurka	1
figurovat	1
figurální	1
fikce	1
filatelie	1
filharmonický	1
filharmonik	1
filiálka	1
filodendron	1
filolog	1
filoplumeum	1
filosofickoideologický	1
filosofickometodický	1
filtrovaný	1
finance	1
financiér	1
financovat	1
financování	1
financující	1
finálový	1
fixační	1
fixovanost	1
flaška	1
flexibilita	1
flikování	1
flotace	1
fluid	1
fluktuant	1
fluorit	1
fluorodinitrobenzen	1
fládrování	1
flétnista	1
flóra	1
fofr	1
folding	1
folie	1
folkloristický	1
folkový	1
folliculum	1
fonoamatérství	1
fonoklub	1
fontána	1
for	1
formo	1
formovatelný	1
formující	1
formulka	1
forsírovat	1
fortel	1
fosfor	1
fosforylovat	1
fosilní	1
fotbalově	1
fotoblesk	1
fotografovat	1
fotokomora	1
fotokroužek	1
fotometrie	1
fotopřístroj	1
fotosféra	1
fototisk	1
foukat	1
foukač	1
fragment	1
franco	1
francouzák	1
frank	1
fraxe	1
frazeologizmus	1
frekventant	1
fridex	1
frikativa	1
frontální	1
frotáž	1
frustrace	1
frézování	1
frýdecký	1
frýdlantský	1
frťan	1
fuchsie	1
functions	1
fundamental	1
funkcionalista	1
funkcionářský	1
funkčnost	1
fylogeneze	1
fyskultura	1
fárat	1
fázoměr	1
férie	1
fíbrový	1
fíkus	1
fórum	1
gaillardie	1
galantnost	1
galapodnik	1
galenit	1
galileovský	1
galérka	1
gangster	1
gangsterka	1
garanční	1
gastronomickoprodejní	1
gate	1
gaullista	1
gazela	1
gazifikace	1
gel	1
gelée	1
generalizovaný	1
generalizovat	1
generačně	1
generovat	1
generující	1
generálka	1
generálmajor	1
generálporučík	1
generátor	1
geneze	1
genocida	1
genotypicky	1
genseng	1
geochemický	1
geodet	1
geodynamický	1
geotermický	1
gerbera	1
germanistika	1
germanizace	1
germanizační	1
germánský	1
gesce	1
gestikulovat	1
gestóza	1
gigantický	1
glejový	1
globalita	1
globalitní	1
globál	1
globálně	1
gloriola	1
glotis	1
glukóza	1
glycerin	1
glycid	1
glykosid	1
glóbus	1
gnómický	1
gnómonický	1
gomaslo	1
gonáda	1
gourmetství	1
gouvernement	1
gradualizmus	1
grafematický	1
grafika	1
grafit	1
grafitový	1
grafička	1
grains	1
gramatom	1
grammatical	1
gramodeska	1
gramoradio	1
grandiózní	1
granit	1
granula	1
granulace	1
gratulace	1
gratulovat	1
gravimetrie	1
gravitace	1
grilovat	1
groš	1
gubernie	1
gudron	1
guerra	1
guided	1
gulyas	1
gymnastka	1
génius	1
générale	1
habaděj	1
habilitant	1
habits	1
habitus	1
hafnium	1
hajduk	1
hajný	1
haklíkový	1
halali	1
halena	1
halianthemum	1
halogenový	1
hamburský	1
hanebný	1
hangár	1
hanobení	1
hanácký	1
harcovat	1
harmonizovat	1
harmoničnost	1
harém	1
hasák	1
havarie	1
havelka	1
havárie	1
havířina	1
havěť	1
hazardér	1
haťový	1
hbitý	1
hebkost	1
hebký	1
hedera	1
hedonistický	1
hegemonie	1
heinroth	1
helenium	1
heliocentrický	1
heliový	1
hemangiom	1
hemžit	1
heraklitový	1
herbartovský	1
hercův	1
herectví	1
herečka	1
hermeticky	1
hermiteovský	1
heroický	1
heslovitě	1
heterogenní	1
heteronomie	1
hexagonální	1
heřmánek	1
heřmánkový	1
hierarchický	1
hierarchizace	1
hippies	1
historickoidealistický	1
hit	1
hitlerizmus	1
hladit	1
hladovění	1
hlaholice	1
hlasově	1
hlaveň	1
hlazený	1
hledač	1
hlinitojílový	1
hlinitosíranový	1
hlodák	1
hloubený	1
hltavě	1
hlubina	1
hlubič	1
hlušec	1
hlásaný	1
hlásání	1
hlásící	1
hlávka	1
hlášený	1
hlíza	1
hmatat	1
hmatatelný	1
hmatový	1
hnijící	1
hnilobný	1
hnisání	1
hnojit	1
hnout	1
hnusný	1
hnutě	1
hnít	1
hnízdní	1
hnědnout	1
hnědouhelný	1
hnětení	1
hnůj	1
hobby	1
hoblice	1
hoblovat	1
hoc	1
hochštaplerizmus	1
hodnost	1
hodnotitelský	1
hodochrona	1
hodochrony	1
hohenštaufský	1
hojení	1
holandica	1
hold	1
hole	1
holedbat	1
holicí	1
holka	1
holubice	1
homologický	1
homonymie	1
hon	1
honduraský	1
honem	1
honit	1
honorovaný	1
honorář	1
honorářový	1
honosit	1
honzův	1
horkovod	1
horlivý	1
horlivě	1
hormon	1
hormonální	1
hornatý	1
hornolužický	1
hornočelistní	1
horoucí	1
hortenzie	1
horusický	1
horácký	1
hospitace	1
hospodařený	1
hospodářskofinanční	1
hospodářskoprávní	1
hospodářskosociální	1
hostinská	1
hostitel	1
hostitelka	1
hotelový	1
houf	1
houpací	1
houpání	1
houska	1
houst	1
houževnatě	1
hovořící	1
hození	1
hořejší	1
hořečnatý	1
hořlavost	1
hořákový	1
hrabaniště	1
hrabat	1
hrabání	1
hradební	1
hradlovací	1
hraničit	1
hraně	1
hravost	1
hrazení	1
hračkářství	1
hrbolatý	1
hrdinský	1
hrnkování	1
hrnčířský	1
hrobka	1
hrobní	1
hromadně	1
hromadící	1
hromotlucký	1
hromádka	1
hrozen	1
hrozivý	1
hrst	1
hrstička	1
hrstka	1
hrubián	1
hrubozrnný	1
hruškovitý	1
hruškově	1
hrušovský	1
hrávat	1
hráčský	1
hrášek	1
hubice	1
hubička	1
hubka	1
hubnout	1
hubící	1
hudebniny	1
hudebnost	1
hudrat	1
hulákat	1
humanus	1
humorka	1
humusovitý	1
humózní	1
huronský	1
husita	1
husí	1
hutnický	1
hvězdokupa	1
hvězdář	1
hybrid	1
hydrant	1
hydratovat	1
hydratující	1
hydrolog	1
hydromagnetický	1
hydromeliorační	1
hydrosféra	1
hydrostatický	1
hydrotechnika	1
hymna	1
hyperbolický	1
hyperemie	1
hypersugestibilita	1
hypertrofický	1
hypnotikum	1
hyporhachis	1
hypostyl	1
hypoxie	1
hystereze	1
hysterický	1
hádat	1
hádek	1
hájemství	1
hájovna	1
hákovitý	1
hákovitě	1
házenkářský	1
házený	1
hýčkání	1
hýřivý	1
hřejivý	1
hřmot	1
hřích	1
hříčka	1
hůlka	1
iberis	1
idealizovaný	1
idealizující	1
ideační	1
identifikační	1
identifikovaný	1
identifikovatelný	1
ideologicky	1
ideologizovat	1
idiografický	1
idyla	1
idylicky	1
idylka	1
igelitový	1
ignitron	1
ignorování	1
ikona	1
ilustrační	1
ilustrovaný	1
iluzorní	1
imaginace	1
imaginarita	1
imanentistický	1
imanentizmus	1
imigrace	1
imigrovaný	1
imitace	1
impedančně	1
imperativ	1
imperialis	1
imperialista	1
imperátorský	1
implicitní	1
implikace	1
implikovat	1
imponování	1
impregnated	1
impregnovaný	1
impresário	1
imprimovaný	1
improvizovaný	1
impulsívnost	1
imunní	1
inactivitate	1
indiciální	1
indikovaný	1
indikovat	1
individualizovaný	1
individualizovat	1
indián	1
indiánský	1
indoevropský	1
indočínský	1
induktivní	1
indukční	1
industrializovaný	1
inertní	1
inervace	1
inervační	1
infekční	1
informatorika	1
informování	1
informující	1
informátorka	1
infragril	1
infrazáření	1
infračervený	1
ingot	1
inherentní	1
injekce	1
inkarnace	1
inkaso	1
inkorporace	1
inkorporovaný	1
inkretorický	1
inkubace	1
innate	1
innuce	1
inotropní	1
inseminační	1
inspektor	1
inspicient	1
inspirativní	1
inspiračně	1
instalatér	1
instalační	1
instaurace	1
institucionalizace	1
instruktivní	1
instruktorka	1
instrumentalista	1
instrumentář	1
instruovat	1
integrodiferenciální	1
integrovat	1
integrování	1
intelekt	1
intelektový	1
intelektualizmus	1
intelektuálně	1
inteligent	1
inteligentní	1
intendovaný	1
intenzifikace	1
intenzionální	1
intenzivně	1
interagující	1
interdisciplinarita	1
interdisciplinárnost	1
interference	1
interglaciální	1
interiorizovaný	1
interkonekce	1
intermaxilla	1
intermodulační	1
internace	1
internacionálně	1
internalizovaný	1
international	1
interorbitalis	1
interpolující	1
interpretativní	1
interpretovaný	1
intervence	1
intervent	1
intonace	1
intrapsychický	1
intrauterinní	1
intrisický	1
intráda	1
intuitivně	1
invalida	1
invazní	1
invention	1
invenční	1
inversní	1
investorský	1
investorství	1
inzerát	1
inženýrskotechnický	1
ionosférický	1
ipsofacto	1
iridium	1
iris	1
ironie	1
ironizující	1
islandský	1
isos	1
italština	1
izolovatelný	1
izolát	1
izometrický	1
izomorfie	1
izomorfní	1
izoporický	1
izotonický	1
izotopie	1
iónský	1
jabloň	1
jakby	1
jakpak	1
jalovice	1
jantar	1
jantarový	1
jaslovský	1
jasno	1
jasnost	1
jatky	1
jazykovedný	1
jazykovědec	1
jazýček	1
jdoucí	1
jedenadvacátý	1
jedenatřicetiletý	1
jedenáctiletý	1
jedenáctka	1
jedincův	1
jedinečnost	1
jedinkrát	1
jedináček	1
jednoatomový	1
jednobuněčný	1
jednocení	1
jednocestný	1
jednohodinový	1
jednojazyčný	1
jednokopytník	1
jednolitý	1
jednomyslný	1
jednonož	1
jednopatrový	1
jednorozměrově	1
jednoroční	1
jednorožec	1
jednostupňový	1
jednotvárnost	1
jednovaječný	1
jednovrstvý	1
jednořadově	1
jedovatost	1
jehlan	1
jehlancovitý	1
jehličina	1
jelen	1
jemnocit	1
jerevanský	1
jestlipak	1
jetelotravní	1
jevištní	1
jezdectví	1
jezuitský	1
jezírko	1
jeřabina	1
jeřábový	1
ježit	1
ježišmarjá	1
jho	1
jihoafrický	1
jihoevropský	1
jihokorejský	1
jinaký	1
jinam	1
jinošský	1
jiskřiště	1
jistěže	1
jizba	1
jizva	1
jiřina	1
jmenování	1
jodid	1
joul	1
jsoucno	1
jsoucí	1
jubilantka	1
judo	1
jugale	1
jugoslávský	1
junácký	1
juvenilní	1
jádrový	1
jásat	1
jílek	1
jímací	1
jímavý	1
jímka	1
jíva	1
jízlivý	1
kabaretní	1
kabelka	1
kabschie	1
kabátek	1
kabřincový	1
kachel	1
kadence	1
kadeřavost	1
kadeřnictví	1
kafe	1
kajak	1
kajuta	1
kakaový	1
kal	1
kalhotový	1
kalibrovací	1
kalibrování	1
kalifornský	1
kalkulující	1
kalokagathia	1
kalomel	1
kamarádsky	1
kamenivo	1
kamenouhelný	1
kamenět	1
kamišovitý	1
kamélie	1
kanada	1
kancelářský	1
kandidovat	1
kandidátka	1
kanelovaný	1
kanonizmus	1
kanovník	1
kantorský	1
kantátový	1
kaolínový	1
kapacitně	1
kapat	1
kapesné	1
kapesníček	1
kapilára	1
kapitalisticku	1
kapitulovat	1
kapitálový	1
kapička	1
kapoun	1
kapriola	1
kapský	1
kapuce	1
kapusta	1
karabáč	1
karakulský	1
karanténní	1
karborundum	1
karboxyl	1
kardinální	1
karikatura	1
karikaturista	1
karikovat	1
kariéra	1
kariérista	1
karmínový	1
karosárna	1
karpatskodukelský	1
kartografie	1
kasa	1
kasilon	1
kasilonový	1
kaskádní	1
kastelán	1
kasuár	1
kasárenský	1
kasárna	1
katalogizační	1
katalogový	1
katalyzátor	1
katapult	1
katastrofický	1
katastrofálně	1
katecholamin	1
katolicizmus	1
katovický	1
katovna	1
kauzalita	1
kavalec	1
kavkazský	1
kaz	1
kazakový	1
kazící	1
kačka	1
kašperskohorský	1
kašperský	1
kašpárkův	1
kaštan	1
kaštanový	1
každičký	1
každoroční	1
kdokoliv	1
kdosi	1
kdovíco	1
kdovíkolik	1
keramzit	1
keratizovaný	1
ketonový	1
kečup	1
keřkovský	1
kiloherz	1
kilovolt	1
kilový	1
kilíčko	1
kladenský	1
kladeč	1
kladka	1
kladkostroj	1
kladoucí	1
kladí	1
klamání	1
klan	1
klapat	1
klapačka	1
klapnout	1
klapot	1
klariska	1
klasicky	1
klasifikující	1
klasika	1
klavírista	1
klavírní	1
klec	1
klekánice	1
klempíř	1
klempířství	1
klení	1
klepat	1
klerofašistický	1
klerus	1
klesnutí	1
klesání	1
klevetník	1
klečící	1
kleštičky	1
klient	1
klihový	1
klika	1
klikatý	1
klikový	1
klimatizační	1
kličkovat	1
kličkování	1
klišé	1
kloaka	1
klobása	1
klonit	1
klopa	1
kloubní	1
kloudný	1
klubat	1
klubovkový	1
klubovní	1
klubový	1
klusat	1
klusový	1
kluzný	1
klávesnice	1
klávesnicový	1
klínový	1
kmenový	1
kmet	1
kmitající	1
kmitavý	1
kmotr	1
knihkupec	1
knihkupecký	1
knihovní	1
knihovník	1
knihtisk	1
koagulovat	1
kobalt	1
kobka	1
kobyla	1
kochat	1
kodaňský	1
kodex	1
kodifikační	1
kodifikovaný	1
kognitivista	1
kognitivně	1
koherentní	1
koincidence	1
kojení	1
kokos	1
koksování	1
kolaborant	1
kolegiálně	1
kolektivizace	1
kolektivizmus	1
kolektivum	1
kolektorový	1
kolesový	1
kolf	1
kolkovaný	1
koloběžka	1
kolona	1
kolorit	1
kolorovaný	1
kolouš	1
koláž	1
kolísat	1
kombinatorika	1
kombinačky	1
komediant	1
komediální	1
komedon	1
komentovaný	1
komentování	1
komercializace	1
komerční	1
komfortní	1
komický	1
komika	1
komisař	1
komnata	1
komořanský	1
komoří	1
komparace	1
komparatistika	1
kompas	1
kompenzace	1
kompetentní	1
kompetentně	1
kompilace	1
komplementarita	1
komplementárnost	1
kompletnost	1
kompletní	1
kompletující	1
komponovaný	1
kompost	1
kompotovaný	1
kompresní	1
komprimovaný	1
kompromis	1
komsomolec	1
komunard	1
komunikující	1
komunikát	1
komuniké	1
komunistka	1
komunita	1
komunál	1
komunálka	1
komutátor	1
komínový	1
komůrka	1
koncentrák	1
konceptualistický	1
konceptuální	1
koncepčně	1
koncertně	1
koncertovat	1
koncesionář	1
koncipovaný	1
koncipování	1
kondice	1
kondiční	1
konektor	1
konfekční	1
konferenciér	1
konfliktogenní	1
kongnitivní	1
konjunktura	1
konjunkturalizmus	1
konjunkturálnost	1
konkludentní	1
konkurent	1
konkurenční	1
konkurovat	1
konkurs	1
konopný	1
konopí	1
konsekventní	1
konsekventně	1
konsensus	1
konsolidovaný	1
konsolidování	1
konstantan	1
konstituovaný	1
konstituování	1
konstruktérský	1
konsultace	1
kontaktně	1
kontaktově	1
kontinuum	1
kontinuální	1
kontinuálně	1
kontra	1
kontrahent	1
kontrahovat	1
kontraktivní	1
kontrakční	1
kontrapunkticky	1
kontrarevolucionář	1
kontrolka	1
kontrolor	1
kontrolující	1
konvencionalita	1
konvergentní	1
konvergenční	1
konverzace	1
konvoluce	1
konvář	1
konzervatorista	1
konzervující	1
konzervárna	1
konzultant	1
konzultantský	1
konzultovaný	1
konzulát	1
konzum	1
konzumace	1
konzumační	1
konzumně	1
konzumující	1
koník	1
končina	1
končící	1
končívat	1
konšel	1
koordinování	1
kopací	1
kopcovitý	1
kopeček	1
kopnout	1
kopr	1
kopretina	1
koprový	1
kopytárna	1
kopí	1
kopýtko	1
kopřiva	1
korba	1
korektně	1
korektor	1
korelovat	1
korelát	1
korkový	1
kormidelník	1
kormidlo	1
kormorán	1
korodovat	1
korunkový	1
korunovace	1
korálek	1
kosmatec	1
kosmetika	1
kosmetička	1
kosmetologie	1
kosodélník	1
kosoúhlý	1
kosočtvercový	1
kostelecký	1
kostelnička	1
kostelní	1
kostička	1
kostní	1
kostrový	1
kostýmek	1
kostýmní	1
kotec	1
kotevní	1
kotník	1
koudelový	1
kouknout	1
koukání	1
koupací	1
koupat	1
koupelna	1
koupení	1
koupený	1
kouzelnice	1
kouzelně	1
koučovat	1
kouřovod	1
kouřový	1
kovalenční	1
kovat	1
kovodělný	1
kovolijec	1
kovoobráběcí	1
kovově	1
kovošrot	1
kování	1
kovář	1
kovářství	1
kozačka	1
kozel	1
kozinovský	1
kozička	1
kozlečina	1
kozák	1
koňar	1
koňský	1
kořenný	1
kořenáč	1
kořenící	1
košický	1
košíková	1
košťálovina	1
koželuh	1
kožišinový	1
kra	1
krabice	1
krajan	1
krajanský	1
krajinka	1
krajinský	1
krajinářsky	1
krajánek	1
krajíc	1
kramářský	1
kraniometrický	1
krasavec	1
krasavice	1
krasoplavkyně	1
kratina	1
kratinký	1
kratochvíle	1
kravařský	1
kravín	1
krb	1
kreacionizmus	1
kreatin	1
kreatinfosfát	1
kreativní	1
kresebný	1
kreslení	1
kriminálka	1
kriticizmus	1
kritizování	1
kritičnost	1
krkavčí	1
krkonošský	1
krocan	1
kroj	1
kroupa	1
kroupový	1
krouživý	1
krov	1
kruhově	1
krumpáč	1
krupičkovatý	1
krupobití	1
krutě	1
kružba	1
kružní	1
kružítko	1
krvavý	1
krvácet	1
krychelný	1
krychlička	1
krymský	1
kryptokrystalický	1
krypton	1
krystalek	1
krystalonomický	1
krystalovaný	1
krystalovat	1
krystalující	1
krácený	1
králevic	1
králičí	1
království	1
králíkárna	1
krám	1
krásnoočko	1
krátkodechý	1
krátkoperiodický	1
krátkozobý	1
krážem	1
krček	1
které	1
kterýžto	1
kubooktaedr	1
kuchyňka	1
kudrnatý	1
kufřík	1
kukačka	1
kulak	1
kulatina	1
kulisa	1
kuličkový	1
kulminační	1
kulovitý	1
kultivace	1
kultivační	1
kultivovaný	1
kultivovat	1
kultivování	1
kumulace	1
kumulát	1
kumšt	1
kunovitý	1
kunčický	1
kupa	1
kuplet	1
kupovaný	1
kupón	1
kurfiřt	1
kurie	1
kuriozita	1
kurt	1
kusý	1
kutit	1
kužel	1
kuželovitý	1
kvadratura	1
kvantifikovat	1
kvantitizující	1
kvantovaný	1
kvantovat	1
kvantování	1
kvantově	1
kvartově	1
kvas	1
kvasnice	1
kvazigrupa	1
kvazisinusoidální	1
kvašení	1
kvitovat	1
kviz	1
kvizový	1
kvocient	1
kvádrový	1
kvádřík	1
květináčový	1
květinářský	1
květnový	1
květník	1
květák	1
kyanid	1
kybernetický	1
kymácet	1
kynický	1
kynologický	1
kyperský	1
kyselinovzdorný	1
kysnout	1
kytarista	1
kytarový	1
kyvadlový	1
kácení	1
kámoš	1
kánoe	1
kápnutý	1
kárka	1
kát	1
kávový	1
kázání	1
kódování	1
kúr	1
kývavý	1
kývání	1
křehulka	1
křemen	1
křemenný	1
křemenáč	1
křemeňák	1
křepký	1
křest	1
křestní	1
křesťanství	1
křečovitý	1
křečovka	1
křiklavý	1
křikloun	1
křiklounství	1
křimický	1
křivda	1
křivdit	1
křivolaký	1
křičení	1
křižovat	1
křoví	1
křídlopatrový	1
křídlovitý	1
křídlový	1
kříženka	1
kšeft	1
kůl	1
kůlna	1
kůrka	1
l	1
labilní	1
laboratorně	1
laborecký	1
labuť	1
labužník	1
ladit	1
ladný	1
lahodit	1
lahvovitý	1
lajchnerka	1
lakování	1
lalok	1
laloška	1
lamela	1
lamentovat	1
laminovaný	1
langage	1
langue	1
lanius	1
lanolín	1
lanovka	1
lapač	1
lapidárium	1
laskavě	1
lata	1
latexový	1
latifundie	1
latinsky	1
laureátka	1
lazar	1
laň	1
laťka	1
laťovka	1
le	1
ledaže	1
ledečský	1
lednička	1
ledoborec	1
ledolam	1
ledvinitý	1
legislativní	1
legitimní	1
leh	1
lehko	1
lehkonohý	1
lehkotavitelný	1
lehkovážný	1
leknutí	1
leknín	1
lektorský	1
lektorát	1
lem	1
lemující	1
lenivý	1
lepit	1
lepivost	1
lepšit	1
lesnický	1
lesák	1
letec	1
letectví	1
letničkový	1
letohrádek	1
letopisec	1
letový	1
leukoplakie	1
levandule	1
levičácký	1
levě	1
lexikografie	1
leč	1
leštěný	1
ležatý	1
ležení	1
lhostejno	1
lhát	1
liberalizace	1
liberecký	1
liberální	1
libido	1
libost	1
libovolnost	1
libozvučnost	1
licenční	1
lidický	1
lidopisný	1
lidovec	1
lidsky	1
ligově	1
lihovar	1
likvidační	1
likvidovaný	1
lilie	1
liliář	1
limitní	1
lingua	1
linguistic	1
linguistics	1
lingvistickofilosofický	1
linoleum	1
linout	1
lipan	1
lipnice	1
liptovský	1
litovelský	1
litovický	1
litrový	1
liturgický	1
liž	1
lodenický	1
lodyha	1
logickofilozofický	1
logik	1
lokace	1
lokalisovaný	1
lokalizovat	1
lokomotivní	1
lomeně	1
lomit	1
lomivý	1
lopata	1
lopatkovitě	1
lord	1
loterie	1
lotos	1
louhovzdorný	1
lounský	1
loupežník	1
loupání	1
loutka	1
loučení	1
loučit	1
loučkaření	1
louže	1
loviště	1
lovný	1
lovosický	1
lože	1
ložení	1
ložiskový	1
ložnice	1
ložný	1
luk	1
luminozitní	1
luna	1
lunochod	1
lupen	1
lupenkový	1
lupení	1
lupina	1
lupkovský	1
luxmetr	1
luční	1
lužní	1
lví	1
lvíček	1
lyricky	1
lyžování	1
lákadlo	1
lámavost	1
lámání	1
lékařka	1
lékárnický	1
léno	1
létací	1
lézt	1
léčený	1
léčitelný	1
lícovaný	1
lícovat	1
límeček	1
líný	1
lístkový	1
lítostný	1
lítostně	1
lýko	1
lýtkový	1
lůj	1
lživý	1
lživě	1
machinace	1
machizmus	1
magazín	1
magika	1
magneticky	1
magnetosférický	1
magnituda	1
mahábalípuram	1
majetný	1
majoránka	1
majstr	1
majuskule	1
maják	1
majáček	1
maketa	1
makový	1
makrobiotika	1
makroekonomický	1
makroergní	1
makrofyzikální	1
makromolekula	1
makroproblém	1
malba	1
male	1
malebnost	1
malinko	1
maličký	1
maloblokový	1
maloburžoazie	1
malokalorický	1
malolitrážní	1
malometrážní	1
maloměsto	1
maloměšťáček	1
malovat	1
malovýrobce	1
maltový	1
malér	1
malířka	1
malířský	1
maminčin	1
mammaliologie	1
mamutí	1
manažer	1
manažerský	1
mandarínka	1
mandibula	1
manganový	1
manifestační	1
manipulovatelný	1
manipulátor	1
manometr	1
mantinel	1
manželčin	1
manželův	1
maoistický	1
mapovaný	1
mapový	1
maratónec	1
maratónka	1
marinovaný	1
marka	1
marketing	1
marodka	1
marxleninský	1
marxolog	1
masakr	1
maskovaný	1
masna	1
masný	1
masochistický	1
masožravý	1
mass	1
mastička	1
masírování	1
materialisticky	1
materializace	1
materiálově	1
mateční	1
mathematical	1
matinka	1
matiné	1
matrikový	1
matriční	1
maturant	1
matčin	1
mauzoleum	1
maxilla	1
maximalizovat	1
mazadlo	1
mazaný	1
mazlavý	1
mazut	1
mazák	1
mazánek	1
mačkavost	1
maďarština	1
maštění	1
mech	1
mechanistický	1
mechanizační	1
mechanizovaně	1
mechanizovat	1
mechanička	1
medium	1
medius	1
medosavka	1
megalitický	1
melancholický	1
melancholie	1
melanin	1
melodický	1
melodika	1
membrána	1
mentalista	1
mentalita	1
mentálně	1
menzura	1
menšit	1
meridián	1
mermomocí	1
mesembrianthemum	1
mesencefalický	1
mesoptile	1
metabolický	1
metajazyk	1
metamorfní	1
metamorfóza	1
metastabilita	1
metateorie	1
metodickobibliografický	1
metonymický	1
metronom	1
metrový	1
metrák	1
metráž	1
metér	1
mexický	1
mezibarva	1
mezibuněčný	1
mezidobý	1
mezidruhový	1
mezihostitel	1
mezihvězdný	1
mezilehlý	1
mezimozek	1
mezinárodně	1
mezinárodněpolitický	1
meziodvětvový	1
meziosobní	1
mezioční	1
meziprodukt	1
mezivládní	1
meziválečný	1
mezičlánek	1
mečík	1
meškat	1
mg	1
migrace	1
migrační	1
mikrobiologický	1
mikrobiologie	1
mikrobus	1
mikrocurie	1
mikroelektrický	1
mikrofilmový	1
mikrogram	1
mikrokopie	1
mikrokrystalický	1
mikroporézní	1
mikroproblém	1
mikroskopický	1
mikrostruktura	1
mikrostudie	1
mikrosvět	1
mikročástice	1
mile	1
milenec	1
milicionář	1
milicurie	1
militarium	1
milník	1
milosrdný	1
milující	1
milánsko	1
mimicky	1
mimino	1
mimobrněnský	1
mimoděk	1
mimoinvestiční	1
mimojazykový	1
mimolexikální	1
mimolidský	1
mimoresortní	1
mimozemský	1
mimoústavní	1
mimoškolský	1
minaret	1
mindrák	1
miniaturka	1
minigolf	1
minimalizující	1
miniopera	1
miniskule	1
minomet	1
minor	1
minule	1
minus	1
minuskule	1
minusový	1
minutový	1
misie	1
misionář	1
miso	1
mistrovsky	1
misál	1
mituke	1
mixér	1
mizející	1
mladistvost	1
mladogramatický	1
mladost	1
mlaskat	1
mlat	1
mlhavost	1
mlhavě	1
mluvící	1
mlází	1
mlékárenský	1
mlékárna	1
mléčně	1
mlýnský	1
mlživost	1
mnohaletý	1
mnohametrový	1
mnohobitový	1
mnohofunkční	1
mnohohodinový	1
mnohokanálový	1
mnohoměsíční	1
mnohonárodní	1
mnohost	1
mnohostěnový	1
mnohotvarý	1
mnohotvárně	1
mnohovrstevnatost	1
mnohoznačný	1
mnohočetně	1
množení	1
množený	1
množstevní	1
množárna	1
mobil	1
mobilizovaný	1
mobilizovat	1
mobilizující	1
mobilní	1
modelárna	1
modernost	1
modifikování	1
modravý	1
modrozelený	1
modul	1
modulační	1
modálnost	1
modře	1
mohamedánský	1
mohoucí	1
mohutnost	1
mokro	1
molekulární	1
moly	1
monastýr	1
monofunkčnost	1
monofunkční	1
monograficky	1
monokondylní	1
monokultura	1
monolit	1
monolog	1
monopolně	1
monopost	1
monotónně	1
monstrum	1
montovat	1
montážní	1
monument	1
morfematický	1
morfologicky	1
morfonologický	1
mosteckosokolovský	1
mostní	1
mostový	1
motivicky	1
motivovat	1
motorismus	1
motospojka	1
motouz	1
motýl	1
moučka	1
moučník	1
movere	1
mozaikový	1
mozambický	1
mozartovský	1
mozkovna	1
mozol	1
mořický	1
mravenčí	1
mravnostní	1
mravný	1
mravoličný	1
mražený	1
mrkací	1
mrkev	1
mrákotný	1
mršina	1
mu	1
mudrc	1
muflon	1
multidisciplinarita	1
multidisciplinární	1
multilaterální	1
mulčovací	1
mumie	1
mumifikace	1
musica	1
musit	1
muskarin	1
mutace	1
muzejní	1
muzikantsky	1
muzikálový	1
mučený	1
mužík	1
mykolog	1
mylný	1
mylně	1
myozinový	1
myslitelský	1
myslívat	1
mystický	1
mytický	1
mytologie	1
myš	1
myšička	1
myšlenkově	1
máchat	1
mák	1
málokdy	1
mámin	1
máčecí	1
máček	1
máčený	1
máčet	1
máčka	1
máť	1
míhat	1
míjet	1
míněný	1
mírumilovný	1
místecký	1
místečko	1
místnůstka	1
mítink	1
míčový	1
mířený	1
mýlka	1
mýt	1
mědikovec	1
měkce	1
měkko	1
měkkozobý	1
mělký	1
měrka	1
měsíčník	1
měšťan	1
měšťáctví	1
mřížkový	1
n	1
nabalit	1
nabalovat	1
nablýskaný	1
nabobtnat	1
nabraný	1
nabrousit	1
nabroušený	1
nabubření	1
nabubřování	1
nabuzený	1
nabytí	1
nabádat	1
nabádání	1
nabídkový	1
nabídnutí	1
nabíjecí	1
nabíjení	1
nabíledni	1
nabít	1
nabývající	1
nabývání	1
naběhnout	1
naběrák	1
nachytat	1
nacionalistický	1
nacionální	1
nacionálně	1
nacupitat	1
nacvičení	1
nacvičit	1
nadaně	1
nadarmo	1
nadechnout	1
nadepsaný	1
nadhodit	1
nadlehčování	1
nadnormativní	1
nadnárodní	1
nadplán	1
nadporučík	1
nadpraporčík	1
nadprůměrný	1
nadregionální	1
nadsazení	1
nadstavba	1
nadsázka	1
nadteritoriální	1
nadzdvihnout	1
nadzemní	1
nadzvednutí	1
nadzvedání	1
nadání	1
nadávka	1
nadýmání	1
nadějnost	1
nadějně	1
nafukovat	1
nafukování	1
nahlásit	1
nahmatat	1
nahnědlý	1
nahodile	1
nahodilost	1
nahořklost	1
nahořklý	1
nahřátí	1
najezdit	1
najíst	1
nakazit	1
nakažlivý	1
nakladatelský	1
nakládaný	1
nakládat	1
nakládač	1
nakládání	1
naklápěcí	1
nakropený	1
nakročující	1
nakrátko	1
nakukovat	1
nakupený	1
nakupovaný	1
nakupovat	1
nakřáplý	1
naladit	1
naleziště	1
naleštěný	1
naležato	1
nalistovat	1
nalomení	1
naléhat	1
nalézající	1
nalézání	1
namalovaný	1
namalovat	1
namazání	1
namlouvat	1
namluvit	1
namodralý	1
namodro	1
namontování	1
namočení	1
namrzlý	1
namáhat	1
namáhání	1
namáčet	1
naměřit	1
nanečisto	1
naneštěstí	1
nanovo	1
naoko	1
naostro	1
naostřit	1
napadený	1
napalm	1
napilovat	1
naplavenina	1
naplánovaný	1
napodobenina	1
napodobitelný	1
napodobovaný	1
napodobování	1
napojení	1
napoprvé	1
napospas	1
napouštěný	1
napouštět	1
napočítat	1
napravit	1
napravování	1
naprázdno	1
napršet	1
napsání	1
napáchaný	1
napáchat	1
napáječka	1
napínák	1
napěstovat	1
naražení	1
narkotikum	1
narovnat	1
naruby	1
narukovat	1
narušovatel	1
narážka	1
narýsovat	1
nasalium	1
nasazovat	1
nasedat	1
naseknout	1
naskládaný	1
naskočit	1
naskrz	1
naskytnout	1
naslepo	1
nasměrovaný	1
nasnadě	1
nastavitelnost	1
nastavitelný	1
nastiňovat	1
nastolit	1
nastolovat	1
nastoupený	1
nastoupivší	1
nastrkaný	1
nastínění	1
nastíněný	1
nasycení	1
nasycený	1
nasypaný	1
nasáknout	1
nasázený	1
nativista	1
nativisticky	1
nativní	1
nato	1
natočený	1
natož	1
natožpak	1
natrávení	1
natrávit	1
naturalizmus	1
naturálně	1
natáhnout	1
natáčecí	1
natírání	1
natěračský	1
natřený	1
naučený	1
naučně	1
navazovací	1
navařování	1
navlhnout	1
navlhčit	1
navozovat	1
navozování	1
navršit	1
navyšovaný	1
navádět	1
navážet	1
navíjení	1
navštívený	1
nazbyt	1
naznak	1
naznačení	1
naznačující	1
nazrávat	1
nazálnost	1
nazírat	1
načepýření	1
načepýřit	1
načerpání	1
načež	1
načrtnutý	1
načínání	1
nařasit	1
nařezaný	1
nařezat	1
nařizovat	1
nařídit	1
naříkat	1
našinec	1
nažrání	1
nebetyčný	1
nebezpečnost	1
nebohý	1
nebožtík	1
necesta	1
nechuť	1
necky	1
nectnost	1
nedeprimovaný	1
nedoceněný	1
nedodržování	1
nedodání	1
nedokončený	1
nedomyšlenost	1
nedopatření	1
nedostižný	1
nedotknutelnost	1
nedotčenost	1
nedotčený	1
nedozírný	1
neeliminovatelnost	1
negativizmus	1
negližé	1
negovat	1
nehet	1
nehlava	1
nehodovost	1
nehomogenita	1
nehumánnost	1
nehybnost	1
nehypnóza	1
nekejcovský	1
nekrystalonomický	1
nektarový	1
nelogičnost	1
nemilost	1
nemocniční	1
neměnnost	1
nenadále	1
nenapsání	1
nenasytný	1
nenaučení	1
neobjasněný	1
neobvyklost	1
neochota	1
neochvějně	1
neodbytný	1
neoddělitelnost	1
neodhalený	1
neodtržitelnost	1
neoficiálnost	1
neognathní	1
neokantovství	1
neolitický	1
neologizmus	1
neomylnost	1
neon	1
neopatrnost	1
neopozitivista	1
neopozivistický	1
neopragmatik	1
neoptile	1
neostrost	1
neotřelý	1
nepaměť	1
neperiodičnost	1
neplatnost	1
nepoměr	1
nepopiratelný	1
neporažený	1
nepotřeba	1
nepozorovatelnost	1
nepravdivost	1
nepřijatelnost	1
nepřátelství	1
nepřípustnost	1
nepřízeň	1
neredukovatelnost	1
nerespektování	1
nereálnost	1
nerovnoprávnost	1
nerozeznání	1
nerozuma	1
nervově	1
nervozita	1
nervózní	1
nervózně	1
neschválený	1
nesení	1
nesmlouvavě	1
nesmířený	1
nesnadnohořlavý	1
nesouměrnost	1
nespaní	1
nespojitost	1
nespokojenec	1
nesrovnalost	1
nestranný	1
nestraník	1
nesvornost	1
nesymetrie	1
nesčíslněkrát	1
netrpělivost	1
netřesk	1
neumanovský	1
neurofyziologický	1
neurofyziologie	1
neurolingvistika	1
neuronální	1
neurotický	1
neuspořádanost	1
neustále	1
neutralizovaný	1
neutronový	1
neutrál	1
neuvolnění	1
neuvědomění	1
neuvěření	1
nevděk	1
neveřejnost	1
nevhodnost	1
nevodivost	1
nevodič	1
nevole	1
nevybíravost	1
nevychovanec	1
nevyhnutelnost	1
nevyužitý	1
nevyznačený	1
nevědomost	1
newyorský	1
nezajištěnost	1
nezajištěný	1
nezajišťování	1
nezaměnitelnost	1
nezaměstnaný	1
nezaplacení	1
nezastupitelnost	1
nezasvěcenec	1
nezkušený	1
nezletilec	1
neznámo	1
nezůčastněný	1
neón	1
neónový	1
neúplnost	1
neúčastněný	1
nečinnost	1
nečlen	1
neřest	1
neřešení	1
nešikovnost	1
neštovice	1
ni	1
nika	1
nikam	1
niklovaný	1
niterný	1
niterně	1
nitridovaný	1
nitrolak	1
ničený	1
nocleh	1
nomen	1
nomotetický	1
non	1
nonfikce	1
nonkonformizmus	1
nonkonformní	1
nopkovitost	1
normovaný	1
nositelka	1
nosnost	1
nostalgie	1
nosítka	1
nosívat	1
nota	1
notes	1
notně	1
notorický	1
notorytebna	1
novelistický	1
novelizovaný	1
novelizovat	1
novomanželský	1
novopečený	1
novorozenec	1
novoroční	1
novosibirský	1
novostavba	1
novotvar	1
novum	1
nozdra	1
nošení	1
nošený	1
nožička	1
nožka	1
nožní	1
nožíř	1
nuance	1
nuancovaný	1
nuceně	1
nucleus	1
nudit	1
nudle	1
nudlička	1
nábožensky	1
nábytkářství	1
náběžník	1
nábřežní	1
nádobka	1
nádobíčko	1
nádor	1
nádorový	1
náhodnost	1
náhrobek	1
náhrobní	1
nájemní	1
nájemník	1
nájezd	1
nákaza	1
nákladový	1
náklaďák	1
náklon	1
náklonnost	1
nákres	1
nákyp	1
nálepka	1
nálev	1
nálezce	1
nálezový	1
náležitý	1
nálož	1
námořnický	1
námořnictvo	1
námořní	1
námraza	1
nápaditost	1
nápisový	1
náplava	1
nápověda	1
náprstník	1
náramně	1
národnostně	1
národopis	1
národotvorný	1
nárokovat	1
nárokování	1
nárokový	1
nárožní	1
nárys	1
násilnost	1
násilně	1
následovaný	1
následovatel	1
násobný	1
nástavbový	1
nástrojař	1
nástrojárna	1
nástrojářský	1
nástrčný	1
nástupiště	1
nástupnictví	1
návodový	1
návratnost	1
návratný	1
návratně	1
návrhový	1
návěstidlo	1
náznak	1
nářečí	1
nízkoteplotní	1
nízkotlakový	1
nížina	1
nýt	1
nýtovat	1
nýtování	1
nýtový	1
několikadílný	1
několikaměsíční	1
několikanásobně	1
několikapatrový	1
několikastupňový	1
několikasvazkový	1
německy	1
němectví	1
ob	1
obalovaný	1
obalovat	1
obalovna	1
obchvacující	1
obchvat	1
obchvatový	1
obdařit	1
obdélníkový	1
obecní	1
obejda	1
obepnutý	1
obeslaný	1
obesílat	1
obezdívka	1
obezděný	1
obeznámit	1
obezřetnost	1
obhajovat	1
obhlídka	1
obhájit	1
obilnina	1
obilní	1
objednací	1
objednaný	1
objednatel	1
objednávání	1
objektivistický	1
objektivizovaný	1
objektivnost	1
objemově	1
objevnost	1
objímat	1
obkladač	1
obkličovací	1
obklopit	1
obkreslený	1
obkroužit	1
oblaka	1
obleček	1
obloukovitý	1
oblouček	1
obložený	1
oblázek	1
obláček	1
obléhaný	1
oblékaný	1
oblétávat	1
oblíbenec	1
oblíbit	1
obměňování	1
obnažený	1
obojživelník	1
obora	1
oborově	1
obousměrný	1
obouvaný	1
obouvání	1
obočenka	1
obratem	1
obratlovec	1
obratný	1
obrazný	1
obrněný	1
obroditelský	1
obrost	1
obrousit	1
obrovitý	1
obrozenectví	1
obrozenský	1
obrušovat	1
obrábět	1
obrácení	1
obráceně	1
obrážející	1
obsazovat	1
observační	1
obsluhovaný	1
obsluhující	1
obstarávající	1
obstarávání	1
obsyp	1
obsáhnout	1
obtahování	1
obtěžovat	1
obtěžování	1
obutý	1
obušek	1
obvinit	1
obydlený	1
obyvatelský	1
obzvlášť	1
obávaný	1
obírat	1
obývací	1
obývaný	1
občansky	1
občerstvení	1
občerstvovací	1
obětovat	1
oběživo	1
obřadnost	1
obřadový	1
obří	1
obšitý	1
obšírně	1
obžaloba	1
occipitalis	1
ocelářský	1
ocenitelný	1
oceňovací	1
oceňování	1
ochabovat	1
ochlazovat	1
ochota	1
ochotský	1
ochočený	1
ochraňovat	1
ochrnutí	1
ochromený	1
ochromit	1
ochutnat	1
ochutnání	1
ochuzovaný	1
ocitovat	1
odbavit	1
odbavovaný	1
odborářka	1
odbočit	1
odbočný	1
odbrzdění	1
odbytový	1
odbíhat	1
odbíjenkářský	1
odbíjená	1
odběratelův	1
odběrní	1
odběrný	1
odchov	1
odchovaný	1
odchylný	1
odchylně	1
odchylovaný	1
odchýlený	1
odcizený	1
oddalování	1
oddech	1
oddiferencování	1
oddávání	1
oddělování	1
oddělující	1
odebírající	1
odehrávající	1
odejmout	1
odejmutí	1
odepsat	1
odepření	1
odesílat	1
odesílatel	1
odevždy	1
odeznít	1
odeznívat	1
odečet	1
odečíst	1
odečítat	1
odfouknutí	1
odhalovaný	1
odhalování	1
odhazovat	1
odhazující	1
odhlédnout	1
odhod	1
odhodit	1
odhodlanost	1
odhodlat	1
odideologizování	1
odjinud	1
odjíždějící	1
odkaliště	1
odkazovací	1
odkdy	1
odkladný	1
odkládaný	1
odklízení	1
odklízet	1
odkouzlení	1
odkrývání	1
odkvět	1
odlamovat	1
odlesk	1
odležení	1
odlidšťovat	1
odlitý	1
odličování	1
odlišně	1
odlišovací	1
odložení	1
odlučitelný	1
odlétat	1
odlétnout	1
odlévání	1
odlít	1
odmašťovač	1
odmocnina	1
odmořit	1
odmyslitelný	1
odměnit	1
odměřený	1
odměřovaný	1
odnos	1
odnímací	1
odnímající	1
odněkud	1
odpadat	1
odpařovat	1
odpařování	1
odpojení	1
odpojený	1
odpojit	1
odpojování	1
odpolední	1
odporník	1
odporný	1
odporovat	1
odporující	1
odposlouchat	1
odpoutat	1
odpočet	1
odpočinutý	1
odpočítaný	1
odpočítat	1
odpudivost	1
odpustit	1
odpuzující	1
odpykání	1
odpálený	1
odpárat	1
odpískat	1
odpředu	1
odradit	1
odrazovat	1
odražení	1
odrodit	1
odrážející	1
odrážený	1
odrůst	1
odsazený	1
odseknutí	1
odsekání	1
odskelnění	1
odskočit	1
odsouhlasit	1
odstavení	1
odstoupení	1
odstraňující	1
odstrašit	1
odstrašující	1
odstrkovaný	1
odstupovat	1
odstupňovat	1
odstředit	1
odstředivý	1
odstředěný	1
odstřel	1
odstřihnout	1
odsun	1
odsát	1
odsávat	1
odtažení	1
odtlačení	1
odtrhovat	1
odtrhávat	1
odtrženost	1
odtržení	1
odtrženě	1
odtučňovat	1
odtušit	1
odtéci	1
odtěžený	1
odumřelý	1
odvalovací	1
odvedení	1
odvod	1
odvoditelný	1
odvodňování	1
odvolací	1
odvolávat	1
odvolávka	1
odvozenost	1
odvozovaný	1
odvratitelný	1
odvratný	1
odvrátit	1
odváděcí	1
odvádějící	1
odvážení	1
odvážet	1
odvážně	1
odvést	1
odvíjet	1
odvětit	1
odzkoušení	1
odzpívat	1
odívat	1
odívání	1
oděský	1
odřenina	1
odškodňování	1
odšroubovat	1
odštěpení	1
odštěpit	1
odůvodněnost	1
odůvodnění	1
oeuvre	1
offline	1
oficiál	1
ofsetový	1
ofukování	1
oglejený	1
ohladit	1
ohleduplně	1
ohledání	1
ohlášení	1
ohlížet	1
ohnivzdornost	1
ohnivzdorný	1
ohnout	1
ohořelý	1
ohraničení	1
ohraničit	1
ohrazený	1
ohromený	1
ohrožování	1
ohryz	1
ohybový	1
oháňka	1
ohýbaný	1
ohřát	1
okatý	1
okenice	1
okenní	1
oklepávat	1
okleštěný	1
oklika	1
okluzíva	1
okolnostní	1
okopávat	1
okopávání	1
okoukat	1
okouzlit	1
okov	1
okrajově	1
okrasa	1
okrouhlický	1
okrouhlý	1
okrášlit	1
oktávový	1
okulár	1
okurka	1
okusit	1
okysličený	1
okysličit	1
okázale	1
okázalý	1
oleandr	1
olivový	1
olovnice	1
olověný	1
olupovací	1
olympionik	1
olšový	1
omalovánky	1
omamující	1
omen	1
omladnice	1
omlazovat	1
omletý	1
omluvit	1
omluvitelný	1
omráčit	1
omylně	1
omámený	1
omílaný	1
omítat	1
omítkový	1
omítkář	1
omítnutý	1
onemocnělý	1
online	1
onomatopoický	1
ontogeneticky	1
ontogeneze	1
opadavý	1
opadnout	1
opakní	1
opalizovat	1
opalovačky	1
opar	1
opatství	1
opereta	1
opevňovat	1
opevňující	1
opeřenec	1
opilec	1
opisovaný	1
opičinec	1
oplatit	1
oplodňování	1
oplozenost	1
opláchnutí	1
oplášťování	1
oplývat	1
opodstatnění	1
opojení	1
opomenutí	1
oporem	1
oposlouchat	1
opotřebitelnost	1
opouštějící	1
opovrhovat	1
opozdit	1
opozičnost	1
opožděný	1
opožděně	1
opožďovat	1
opožďující	1
opracovatelnost	1
opracovatelný	1
opracovávání	1
opravdický	1
opravdově	1
opravný	1
opražený	1
oprostit	1
oproštění	1
oprávněnost	1
opsat	1
optat	1
optickomechanický	1
optimálnost	1
optání	1
opuka	1
opušťák	1
opylení	1
opylený	1
opéci	1
opékat	1
opékání	1
opěnka	1
opěrka	1
opětně	1
opětovat	1
opřádat	1
orat	1
oratorní	1
orbita	1
orbitosphenoidalium	1
orchidej	1
organizovaně	1
organizující	1
orientalizmus	1
orientální	1
originalita	1
orlický	1
ornamentální	1
orosení	1
ortodoxní	1
ortoepický	1
orýsovaný	1
osamostatňovat	1
osamostatňování	1
osazenstvo	1
osazovací	1
osazovaný	1
oscilační	1
oscilograf	1
osciloskop	1
oscilovat	1
oscilující	1
osekaný	1
osekání	1
osifikace	1
osika	1
osinkocementový	1
osiřelý	1
oslabit	1
oslabovaný	1
oslabovat	1
oslavný	1
oslnivě	1
oslunění	1
osluněný	1
osmadevadesát	1
osmadvacet	1
osmatřicet	1
osmašedesátý	1
osmažený	1
osmdesátiny	1
osmidílný	1
osminásobný	1
osmipodlažní	1
osmiválec	1
osmička	1
osmičlenný	1
osmkrát	1
osmnáctiletý	1
osobnostní	1
osočující	1
ospravedlnit	1
ospravedlnění	1
ostatky	1
ostravskokarvinský	1
ostražitě	1
ostrev	1
ostrohrannost	1
ostrost	1
ostrovský	1
ostrowskianum	1
ostrožský	1
ostruha	1
ostuda	1
ostření	1
ostřina	1
ostřit	1
ostříhaný	1
ostřílený	1
osvoboditel	1
osvoboditelka	1
osvobozovací	1
osvobozovaný	1
osvojovaný	1
osvojující	1
osvícenství	1
osvětlující	1
osvěžení	1
osvěžit	1
osvěžovat	1
osvěžující	1
osychat	1
osázet	1
osídlenec	1
osídlený	1
osídlovací	1
osít	1
otava	1
oteplený	1
oteplovat	1
oteplování	1
otevírací	1
otevírání	1
otisk	1
otiskovaný	1
otlačení	1
otop	1
otravný	1
otrávení	1
otrávený	1
otupit	1
otupělý	1
otužený	1
otužování	1
otvírací	1
otvírání	1
otylost	1
otálet	1
otáčecí	1
otáčivý	1
otírání	1
otěž	1
otřele	1
otřelý	1
otřepaně	1
otřesený	1
otřesný	1
otřít	1
output	1
ouvertura	1
ovladatelný	1
ovlivnitelný	1
ovládací	1
ovocnář	1
ovčárna	1
ověřovací	1
oxidační	1
oxidoredukční	1
ozařování	1
ozdobený	1
ozdobit	1
ozdravit	1
ozelenění	1
ozim	1
ozkoušet	1
označování	1
ozubený	1
ozáření	1
oáza	1
očividný	1
očištěný	1
očko	1
očkovaný	1
očkovat	1
očnice	1
očíslování	1
ošemetný	1
ošetřovaný	1
ošetřovatel	1
ošetřovatelka	1
ošidit	1
ošidný	1
ošklivý	1
oškrábat	1
ošlehaný	1
ožehavý	1
oženit	1
oživení	1
oživit	1
oživnout	1
oživovací	1
pach	1
pad	1
padesátiletý	1
padesátimetrový	1
padesátkrát	1
padák	1
pahorkatina	1
paladiový	1
paladium	1
palaeognathní	1
palatin	1
palatinum	1
palatinální	1
palba	1
paleolit	1
palma	1
paládium	1
palčivě	1
pamatovaný	1
pamflet	1
pamrlovat	1
památkový	1
pamětní	1
pamětný	1
pandánus	1
panděro	1
panelák	1
panensky	1
panečku	1
pankrácký	1
panna	1
panoptikum	1
panovačný	1
panovnický	1
panský	1
pantografový	1
panychida	1
papež	1
papilární	1
paprskový	1
paprsčitý	1
papyrus	1
papírovina	1
parabola	1
paradigma	1
parafa	1
parafování	1
parafín	1
paralaxa	1
paralela	1
paralelní	1
parametrický	1
parametrový	1
parasenzorický	1
parazitický	1
parazitní	1
parcialita	1
parciální	1
parketa	1
parkovací	1
parkur	1
parlament	1
parodie	1
parole	1
parovod	1
paroží	1
part	1
participiální	1
partikulárnost	1
parvus	1
parčík	1
pasení	1
pasivní	1
pasově	1
past	1
pastorkyňa	1
pastovatelný	1
pastvina	1
pasívnost	1
pasívně	1
patentovat	1
patitul	1
patnáctý	1
patologický	1
patologie	1
patologičnost	1
patolízal	1
patos	1
patriarchální	1
patronát	1
patřívat	1
pauza	1
paušální	1
paušálně	1
paření	1
paša	1
pašije	1
paškál	1
pašák	1
pedál	1
pekařský	1
pektin	1
pekárenský	1
pekárna	1
peleton	1
penalizace	1
penalizovat	1
pendant	1
penzijně	1
penzista	1
penzión	1
penízovka	1
peněženka	1
performace	1
performance	1
perforovaný	1
periodicky	1
periodizační	1
periskop	1
peristyl	1
perkelt	1
perla	1
perlák	1
permanentní	1
permitivita	1
permutovaný	1
perní	1
perníkový	1
perníkář	1
perožrout	1
personalistický	1
personálně	1
perspektivnost	1
perspektivně	1
pesimisticky	1
pesimistický	1
pestrobarevný	1
petropolitana	1
pevnina	1
pečlivost	1
pečovaný	1
pečovatelský	1
pečující	1
pečící	1
peřina	1
peřinka	1
peříčko	1
pianissimo	1
pianista	1
piasávový	1
piedestal	1
pietní	1
pietně	1
piešťanský	1
pigmentovaný	1
pikle	1
piknik	1
piksla	1
pilný	1
pilování	1
pingpongový	1
pinzetový	1
pirátský	1
pistole	1
pistolář	1
placenta	1
placení	1
plachost	1
plaketa	1
plameňák	1
plamének	1
planetárium	1
planout	1
planparalelní	1
plastifikátor	1
plastikář	1
plastikářský	1
platební	1
platinoiridiový	1
platinový	1
platně	1
platící	1
plató	1
plauzibilita	1
plauzibilní	1
plavidlo	1
plavkyně	1
play	1
plazmochemický	1
plazí	1
plebejec	1
plechovka	1
pleistocenní	1
plemenář	1
plenka	1
plenta	1
plentovaný	1
ples	1
pleskot	1
pletoucí	1
pletí	1
plevel	1
plnicí	1
plnivo	1
plnobarevný	1
plnokrevný	1
plnokvětý	1
plnoslunečný	1
plnost	1
plnotučný	1
plnovous	1
plochostropý	1
plodnice	1
plodně	1
plodonosný	1
plodový	1
plodící	1
plomba	1
plotna	1
ploutev	1
plovoucí	1
ploše	1
ploška	1
plstit	1
plstěný	1
pluk	1
plukovní	1
plukovník	1
pluralita	1
pluralitní	1
plus	1
plutonium	1
plynofikace	1
plynutí	1
plytkost	1
plzeň	1
plácat	1
plácnout	1
plánovitost	1
pláteník	1
plávkový	1
pláč	1
pláň	1
plískanice	1
plísnivka	1
plít	1
plíšek	1
plýtvání	1
plší	1
plž	1
pobavit	1
pobitý	1
pobouření	1
pobořený	1
pobuřující	1
pobytový	1
pobídka	1
pobíhat	1
pobíhání	1
pobírat	1
pobýt	1
pobývat	1
pocení	1
pochmurný	1
pochoďák	1
pochromovaný	1
pochutina	1
pochybený	1
pochybovač	1
pochybovačný	1
pochytit	1
pocházející	1
pochůzkářka	1
poctěný	1
podbití	1
podbíhání	1
podcenit	1
podchycení	1
podchycovat	1
podchytit	1
poddat	1
podehnívání	1
podemlít	1
podepisování	1
podepřený	1
podepřít	1
podestýlka	1
podetapa	1
podezírat	1
podezření	1
podhled	1
podhoubí	1
podhrdlí	1
podhůří	1
podiv	1
podivuhodně	1
podkoní	1
podkorový	1
podkova	1
podkožní	1
podkultura	1
podlažní	1
podlimitní	1
podlouhlý	1
podlážka	1
podlévat	1
podmalovávat	1
podmanění	1
podmračný	1
podmínit	1
podnikaný	1
podniknutý	1
podnikově	1
podnícený	1
podněcovat	1
podněcování	1
podnětový	1
podotheca	1
podpatek	1
podporovatel	1
podporující	1
podprostor	1
podpálit	1
podpěrka	1
podrobovat	1
podrobování	1
podruhyně	1
podružný	1
podrážděný	1
podsoubor	1
podstatnost	1
podstrčit	1
podtlakový	1
podtrhávat	1
podtyp	1
poduška	1
podvod	1
podvodník	1
podvodný	1
podvýživa	1
podvědomí	1
podvěží	1
podávaný	1
podílející	1
podílově	1
podívaná	1
podúroveň	1
podělit	1
podřadný	1
podřazení	1
podřizování	1
podřízenost	1
podřízení	1
poetikum	1
poetičnost	1
pogumovaný	1
pohasnutí	1
pohasínající	1
pohlavek	1
pohlavně	1
pohlcovaný	1
pohnaný	1
pohodlnost	1
pohodlně	1
pohostinský	1
pohovor	1
pohoštění	1
pohrdat	1
pohrdavý	1
pohrdnout	1
pohromadě	1
pohrát	1
pohrávání	1
pohubnout	1
pohupovat	1
pohybově	1
pohádkosloví	1
pohádkově	1
pohádkář	1
poháněný	1
pohár	1
pohárek	1
pohřbít	1
pohřbívat	1
pohřeb	1
pohřebiště	1
pojednou	1
pojednávající	1
pojednávání	1
pojistný	1
pojišťovnictví	1
pojka	1
pojmenovávaný	1
pojmoslovný	1
pojítko	1
pokladnice	1
poklep	1
poklepový	1
poklesek	1
poklidný	1
poklička	1
pokochat	1
pokojská	1
pokoušející	1
pokovování	1
pokoření	1
pokožkový	1
pokrokovost	1
pokropení	1
pokroucení	1
pokrytě	1
pokrývající	1
pokrývka	1
pokulhávající	1
pokusnický	1
pokusně	1
pokyvovat	1
pokácený	1
pokácet	1
pokání	1
pokřikování	1
pokřivený	1
pokřivit	1
polabský	1
polarizace	1
polarizovaný	1
polednice	1
poledník	1
polehnout	1
polekat	1
polemizující	1
polepený	1
polepit	1
poleptat	1
poleptání	1
polepšit	1
polepšitelný	1
policajt	1
policejní	1
polidštění	1
poliklinika	1
politickoideový	1
politickoideově	1
politickoorganizační	1
politikaření	1
politikon	1
politikář	1
politiques	1
politologie	1
politura	1
politý	1
polička	1
poloautomatický	1
polobůh	1
polohopisný	1
polohovadlo	1
polokoule	1
polokov	1
polokruhový	1
pololetní	1
pololiterární	1
polomnožina	1
polomrtvý	1
poloostrov	1
polopozitivistický	1
polopragmatický	1
poloprovoz	1
polospící	1
polostín	1
polosvětlo	1
polotučný	1
polotvrdý	1
poloumělý	1
polovyschlý	1
polovztyčený	1
polovědomý	1
položkový	1
polyacetal	1
polyacetat	1
polyekranový	1
polyesterový	1
polyetylenoxid	1
polyfenylenoid	1
polyfenylenoxid	1
polyfenyloxid	1
polyfunkčnost	1
polyfunkční	1
polygon	1
polygraficky	1
polykat	1
polykač	1
polymerizovaný	1
polymérní	1
polynomiální	1
polypropylen	1
polystyrén	1
polystyrénový	1
polysulfon	1
polysémie	1
polytechnický	1
polyvalentní	1
polárka	1
polévání	1
polština	1
polštářek	1
pomaluobrátkový	1
pomačkaný	1
pomenší	1
pomeranč	1
pomerančový	1
pomezní	1
pomezí	1
pominutelný	1
pominutý	1
pomlouvat	1
pomlouvač	1
pomnít	1
pomocnice	1
pomrkávat	1
pomyslet	1
pomyslit	1
pomyslný	1
pomíjejícnost	1
pomíjený	1
pomístní	1
pomědit	1
pondělek	1
pondělní	1
ponechání	1
ponechávající	1
ponechávaný	1
ponechávání	1
ponořený	1
ponurý	1
ponížení	1
poněkolikáté	1
ponětí	1
poohlédnout	1
poopravit	1
pootočený	1
pootvíraný	1
popeliště	1
popisnost	1
popisovaný	1
poplachový	1
poplatný	1
poplácání	1
popmusic	1
popojet	1
popracovní	1
poprask	1
popravit	1
popraviště	1
popravčí	1
poprášení	1
poptat	1
poptávat	1
popudlivost	1
popularizační	1
popularizovaný	1
popularizování	1
popularizující	1
populačně	1
populárně	1
popálení	1
popílek	1
popínavý	1
popřemýšlet	1
popřít	1
poradce	1
poradenství	1
poranit	1
poraněný	1
poražený	1
porcelánový	1
porfyrový	1
poroba	1
porodna	1
porodnice	1
porodní	1
porovnatelný	1
porovnávací	1
porovnávaný	1
porušenost	1
porušovatel	1
poréznost	1
poschoďový	1
posedávat	1
posekat	1
poselství	1
posetý	1
poshovění	1
posilovací	1
poskakování	1
poskok	1
poskrovnu	1
poskytující	1
poslanecký	1
poslechnout	1
posluchárna	1
posluha	1
posmrtný	1
posmrtně	1
posmutněle	1
posmívat	1
posměváček	1
posměváčství	1
pospolu	1
post	1
postaraný	1
postaru	1
postarší	1
postavička	1
postihování	1
postmaturitní	1
postrašeně	1
postrádající	1
postrčit	1
postupimský	1
postupový	1
postání	1
postřehnutelný	1
postřikovat	1
postříkání	1
posud	1
posukovaný	1
posunlivý	1
posunovací	1
posunovaný	1
posunování	1
posuzující	1
posvícení	1
posvítit	1
posvěcený	1
posvětit	1
posypat	1
potahovina	1
potahový	1
potit	1
potlačovaný	1
potlačování	1
potměšile	1
potomní	1
potrhaný	1
potrhat	1
potrpět	1
potulka	1
potvora	1
potácet	1
potápěč	1
potírat	1
potěcha	1
potěšený	1
potřebnost	1
potření	1
potřinácté	1
potřísněný	1
potůček	1
poukazovaný	1
poukazující	1
poupě	1
pour	1
poustevnictví	1
poutník	1
pouvažovat	1
pouzdření	1
použivatel	1
používající	1
povahový	1
povděk	1
povelkomoravský	1
povečeřet	1
povladislavský	1
povlak	1
povlečený	1
povolat	1
povrchnost	1
povrchně	1
povstalecký	1
povytažení	1
povytáhnutý	1
povzbudit	1
povzbuzování	1
povzbuzující	1
povzdech	1
povzdechnout	1
povznést	1
povážená	1
povídání	1
povýtce	1
povýšení	1
povýšený	1
povýšeně	1
pověra	1
pověstní	1
pověřovat	1
povšechně	1
pozdravení	1
pozdravný	1
pozemkový	1
pozemský	1
pozinkovaný	1
pozitronový	1
poziční	1
pozlacený	1
pozlátko	1
pozměnit	1
pozměňující	1
poznatelný	1
poznatkový	1
poznavač	1
poznámkový	1
pozorovatelnost	1
pozůstávat	1
počesaný	1
počin	1
počítadlo	1
pořizovací	1
pořádkumilovnost	1
poříz	1
pořízení	1
pošilhávat	1
poškolštění	1
poškozenec	1
poškozující	1
poštovné	1
poštěstit	1
pošťák	1
požadující	1
požeh	1
požehnaně	1
požerek	1
požádání	1
požárník	1
požívání	1
pracant	1
prachovka	1
pradědeček	1
pradědečkův	1
praeindustriální	1
praga	1
pragmaticky	1
pragmatizmus	1
praha	1
prahový	1
prak	1
praktickospolečenský	1
praktikant	1
praktikum	1
pralátka	1
pramenní	1
pramálo	1
praotec	1
prapodstata	1
praskání	1
prasnice	1
pravdoucí	1
pravděpodobnostní	1
pravděpodobnostně	1
pravička	1
pravičácký	1
pravolevý	1
pravomoc	1
pravomocný	1
pravomocně	1
pravopis	1
pravotočivý	1
pravoúhle	1
pravák	1
pravě	1
pračlověk	1
prašivka	1
prašnost	1
praštit	1
pražec	1
pražádný	1
prchavý	1
preceptor	1
precizní	1
predeterminace	1
predeterminovanost	1
predeterminující	1
predikát	1
prefabrikát	1
preformovat	1
pregnenolon	1
prehistorie	1
preludium	1
prelát	1
premiantský	1
premiovací	1
premiér	1
prenatální	1
preparace	1
preparovaný	1
preparování	1
preponovaný	1
presbyter	1
presidentův	1
pretence	1
pretendovat	1
pretendující	1
preventista	1
preventivně	1
prezentovat	1
prezenční	1
prima	1
primadona	1
primule	1
primát	1
primérnost	1
princ	1
princezna	1
princeznin	1
principal	1
problem	1
probojování	1
probouzející	1
probouzení	1
probořit	1
probuzení	1
probuzený	1
probádanost	1
probádaný	1
proběhnutí	1
procentický	1
procentní	1
procesí	1
prochladnout	1
prochladnutí	1
prochlazení	1
procitnutí	1
procvičit	1
procvičovat	1
procítěně	1
prodlužovaný	1
prodlužování	1
prodlévat	1
prodrat	1
producent	1
produkující	1
prodyšný	1
prodělávat	1
profesionalizovat	1
profesionálně	1
profi	1
profilování	1
profilující	1
prognosticky	1
prognostický	1
prognostika	1
programátorka	1
programátorský	1
progresívně	1
prohlašovaný	1
prohlášený	1
prohlédnutí	1
prohodit	1
prohospodařovat	1
prohrávat	1
prohýbat	1
prohýřený	1
projasnění	1
projasňovat	1
projektivní	1
projektování	1
projezdit	1
projití	1
projíždění	1
prokazující	1
proklamace	1
proklamativní	1
prokládaný	1
prokládání	1
prokopský	1
prokouknout	1
prokázání	1
prolegomenon	1
proletář	1
proletářka	1
prolnout	1
prolomený	1
prolomit	1
proluka	1
prolukový	1
prolézat	1
prolínající	1
promarněný	1
promašťovat	1
promenádní	1
promile	1
prominentní	1
prominutí	1
prominutý	1
promokavý	1
promyslet	1
promytí	1
promáčení	1
promíchaný	1
promíchání	1
promísení	1
promísit	1
promítaný	1
promítnutý	1
promítání	1
promýšlení	1
proměnlivost	1
proměnnost	1
proměňovat	1
proměňující	1
proměřit	1
pronajmout	1
pronajmutí	1
pronajímat	1
pronesení	1
pronesený	1
pronášený	1
pronášet	1
proočkovanost	1
propadající	1
propadání	1
propagování	1
propal	1
propan	1
propast	1
propaření	1
propařený	1
propařovaný	1
propařování	1
propečený	1
propichovat	1
proplacený	1
propojit	1
proporce	1
proporcionálně	1
propotit	1
propouštět	1
propočet	1
propracovávající	1
proprieta	1
propuknout	1
propíchnutý	1
propůjčovat	1
proradný	1
proražený	1
prorok	1
prorážet	1
prosazený	1
prosedět	1
proseknout	1
proslavený	1
proslovit	1
proso	1
prospektivní	1
prosperující	1
prospěšnost	1
prospěšně	1
prostná	1
prostorný	1
prostorově	1
prostudovaný	1
prostudování	1
prostupný	1
prostupovat	1
prostírat	1
prostěradlo	1
prostředkovat	1
prostřední	1
prostředník	1
prostřený	1
prosvítit	1
prosvětlující	1
prosycený	1
prosťáček	1
protagonista	1
protagonistka	1
protahování	1
protein	1
protektorátní	1
protestsong	1
protialkoholní	1
protichemický	1
protiepidemický	1
protihavarijní	1
protiimperialistický	1
protikladnost	1
protikomunistický	1
protilidový	1
protimarxistický	1
protinapětí	1
protipovodňový	1
protireformace	1
protirevmatický	1
protirevolučnost	1
protiskluzový	1
protisměr	1
protisovětský	1
protivník	1
protiváha	1
protiúder	1
protiúrazový	1
protiútok	1
protlačování	1
protosociologický	1
protosociologie	1
protrhat	1
protrhnout	1
protuberance	1
protéci	1
protékaný	1
protírání	1
protějšek	1
proudit	1
proudící	1
proutí	1
provazec	1
proveditelný	1
provizórium	1
provlhlý	1
provokační	1
provozování	1
provázející	1
prozkoumání	1
prozodický	1
prozpěvovat	1
prozíravě	1
prozřetelný	1
prozřetelně	1
proúčtovaný	1
pročistit	1
proříznout	1
proříznutý	1
prošetření	1
proškolení	1
proškolit	1
prošlapávat	1
proťatý	1
prožitý	1
prstenec	1
prstíčkovitě	1
prstýnek	1
prsť	1
pruhovitý	1
pruský	1
pružinový	1
pružně	1
prvomájový	1
prvotnost	1
prvotřídní	1
pryskyřičný	1
pryskyřník	1
pryž	1
právnický	1
prázdno	1
prášit	1
prémiovaný	1
pršet	1
průbojný	1
průchodní	1
průjem	1
průjezdnost	1
průjezdový	1
průjmový	1
průkazní	1
průkazný	1
průklest	1
průlet	1
průlom	1
průmyslník	1
průmyslovka	1
průmět	1
průraz	1
průvodič	1
průvodka	1
průzkumný	1
průzkumový	1
psanost	1
pseudolevicový	1
pseudoprogram	1
pseudorevoluční	1
psoat	1
psychiatrický	1
psychoanalýza	1
psycholingvista	1
psycholingvistika	1
psychologickokriminální	1
psychopatologie	1
psárka	1
pteryla	1
ptáče	1
publikační	1
puchýř	1
puchýřek	1
pucolán	1
pudink	1
pudlovací	1
pudovost	1
pudový	1
pudově	1
pueblo	1
puk	1
pulkovský	1
pulovr	1
pultový	1
pumlíč	1
puntičkářství	1
pupínek	1
purizmus	1
purkmistr	1
purkrabí	1
purpureus	1
pusa	1
pustina	1
pustošení	1
pustošit	1
puzený	1
puč	1
pygostyl	1
pyl	1
pylon	1
pyridoxin	1
pyrofosfát	1
pytlování	1
pytlík	1
pyšnit	1
páchat	1
páchnoucí	1
páchnout	1
pádlo	1
pákový	1
pálivý	1
pálící	1
párkař	1
párově	1
párověasociační	1
pást	1
páter	1
páteční	1
pátrací	1
pátravě	1
pářit	1
píchat	1
píle	1
pískat	1
písmenný	1
písničkový	1
píst	1
píď	1
pódium	1
pórek	1
pórovina	1
pórovitost	1
pěch	1
pěstění	1
pětadvacetihaléř	1
pětadvacátý	1
pětadvacítka	1
pětapadesátý	1
pětatřicet	1
pětašedesátý	1
pětidenní	1
pětidiagonální	1
pětihvězdičkový	1
pětikilometrový	1
pětilitrový	1
pětiminutový	1
pětiměsíční	1
pětiprstý	1
pětisedadlový	1
pětka	1
pěvecky	1
pěší	1
přebití	1
přebor	1
přebujelost	1
přebývající	1
přecenění	1
přechodnost	1
přecvičovat	1
předdějinný	1
předehnat	1
předesílat	1
předhorský	1
předhůří	1
předinvestice	1
předjarní	1
předjatý	1
předjetí	1
předklon	1
předkrizový	1
předlouhý	1
předložení	1
předmarxistický	1
předměstský	1
předmětně	1
přednes	1
přednesení	1
předobraz	1
předolympijský	1
předplatitel	1
předplatné	1
předpojatost	1
předpona	1
předprojektový	1
předpírání	1
předpěstovat	1
předpětí	1
předražování	1
předrážděný	1
předsednický	1
předsjezdový	1
předsocialistický	1
předspánkový	1
představený	1
představitelný	1
představivost	1
představovaný	1
předstoupit	1
předstrukturální	1
předstupovat	1
předvolat	1
předvrtávat	1
předvádění	1
předváděčka	1
předvánoční	1
předvídatelný	1
předvídavost	1
předvýrobní	1
předvědecký	1
předzasunutý	1
předznamenání	1
předávka	1
předělaný	1
předříjnový	1
předškolní	1
přehazovačka	1
přehledně	1
přehlédnutí	1
přehlídkový	1
přehlížený	1
přehmat	1
přehodnocený	1
přehodnocovat	1
přehodnotit	1
přehoupnout	1
přehození	1
přehozený	1
přehradní	1
přehrazení	1
přehrnutý	1
přehánění	1
přehýbat	1
přehřátí	1
přehřívat	1
přejet	1
přejetí	1
přejímající	1
překladatelský	1
překladový	1
překližka	1
překlopný	1
překládaný	1
překládání	1
překlápěcí	1
překonstruovaný	1
překroutit	1
překrucovaný	1
překrytý	1
překrásně	1
překrývaný	1
překypělý	1
překypění	1
přeladění	1
přeletující	1
přelivný	1
přelétat	1
přelétnout	1
přelévání	1
přemazávat	1
přemazávání	1
přemisťovat	1
přemnožení	1
přemotorizovaný	1
přemožitelný	1
přemrštěnost	1
přemrštěný	1
přemyslovský	1
přemílaný	1
přemístitelný	1
přemístěný	1
přemísťující	1
přemýšlení	1
přeměněný	1
přenesení	1
přeorientovat	1
přeočkování	1
přepad	1
přepadený	1
přepadnout	1
přepažovat	1
přepeřování	1
přepnutí	1
přepouštění	1
přepočítaný	1
přepočítat	1
přepravce	1
přepravený	1
přepravit	1
přepravní	1
přepsání	1
přepudrovat	1
přepuštění	1
přepuštěný	1
přepychový	1
přepínatelný	1
přepínání	1
přepěťový	1
přerazit	1
přerovský	1
přerušovaně	1
přerušovat	1
přesah	1
přesazený	1
přeseknutí	1
přesila	1
přesilovka	1
přeskakovat	1
přeskupování	1
přeslazený	1
přeslen	1
přeslička	1
přespat	1
přespěchaný	1
přespříliš	1
přestavovaný	1
přestavěný	1
přestavět	1
přestupek	1
přestárlý	1
přestát	1
přesunutí	1
přesunutý	1
přesuvka	1
přesvědčování	1
přesvědčující	1
přesycení	1
přesycený	1
přesytit	1
přesídlit	1
přetah	1
přetechnizovaný	1
přetlumočený	1
přetrvat	1
přetrvávající	1
přetvoření	1
přetvořený	1
přetápět	1
přetěžovat	1
přetřít	1
převaření	1
převeliký	1
převládnutí	1
převládání	1
převodka	1
převodník	1
převrátit	1
převtělovat	1
převyšující	1
převádění	1
přezka	1
přezkoumání	1
přezkoušení	1
přezkoušený	1
přečtený	1
přeřadit	1
přešlapování	1
přešťastný	1
přežehlený	1
přežitek	1
přežvykovat	1
přežívání	1
přiblížení	1
přibrat	1
přibít	1
přibývání	1
přicestovat	1
přichycovat	1
přidružit	1
přidržet	1
přidržování	1
přidělit	1
přidělovaný	1
přidělávat	1
přihlašovat	1
přihlížející	1
přihlížení	1
přihnojování	1
přihodit	1
přihrávka	1
přihřátý	1
přihřívat	1
přihřívání	1
přijímající	1
přijíždět	1
přikládací	1
přikládaný	1
přikrytí	1
přikrývat	1
přikyvovat	1
přikázaný	1
přikázat	1
přikývnout	1
přilepšení	1
přiletět	1
přilnavost	1
přiložení	1
přilákat	1
přiléhající	1
přiléhavý	1
přimykání	1
přimísený	1
přimísit	1
přiměřenost	1
přinucený	1
přináležející	1
přinášející	1
přiostřovat	1
připamatovat	1
připevnění	1
připlentovaný	1
připlést	1
připodobňující	1
připojovací	1
připojovaný	1
připoutávat	1
připravenuý	1
připsat	1
připuštěný	1
připíchnout	1
přirovnatelný	1
přirozenost	1
přirychlovat	1
přirůstat	1
přirůstání	1
přisekávat	1
přispívající	1
přistavený	1
přistavěný	1
přistižení	1
přistoupený	1
přistání	1
přistávání	1
přistěhovalec	1
přistřihávat	1
přisvojovaný	1
přisvětlovací	1
přitakat	1
přitakání	1
přitesaný	1
přitlačení	1
přitlačit	1
přitápět	1
přivazování	1
přivaření	1
přivezení	1
přivolání	1
přivozovat	1
přiváděcí	1
přivážet	1
přivítání	1
přizdobený	1
přiznávaný	1
přiznávání	1
přičinění	1
přičiňovat	1
přičleněný	1
přičíst	1
přiřadit	1
přiřazený	1
přiřazovaný	1
přiříznout	1
přišroubovat	1
příbuzná	1
příbytek	1
příchuť	1
přídělový	1
příhřev	1
příjezd	1
příjmení	1
příklon	1
příkrasa	1
příkup	1
příkře	1
přílet	1
příležitostný	1
příležitostně	1
přílišný	1
přímořský	1
příměsek	1
příměstský	1
případový	1
přípis	1
přípojný	1
přípona	1
přípravářský	1
přípustnost	1
přípustně	1
přírodověda	1
přírodovědecky	1
příruba	1
přísaha	1
příslovečný	1
přísnost	1
přístupový	1
přístěnek	1
přístěnný	1
přítlačník	1
přítrž	1
přítulný	1
příušnice	1
příval	1
přívlastek	1
přívodka	1
přívoz	1
přívěs	1
přízemnost	1
přízemní	1
přízemí	1
příznačnost	1
příznačně	1
přízračný	1
přízvuk	1
příčkovka	1
přířez	1
příšerně	1
příšeří	1
příště	1
příživnický	1
příživničit	1
pšeničný	1
půdorysně	1
půdoznalectví	1
půhon	1
půjčování	1
půle	1
půlhektarový	1
půlkulatý	1
půlnoční	1
půlperioda	1
půlrok	1
půlroční	1
působivost	1
působivě	1
působiště	1
původnost	1
qua	1
quadratojugale	1
quadratum	1
quasineutrální	1
quo	1
rabicka	1
rabátko	1
racionalistický	1
racionálnost	1
rad	1
radikalita	1
radikalizmus	1
radikálně	1
radioamatér	1
radiochemik	1
radiointerferometr	1
radioizotop	1
radiokarbonový	1
radiokomunikační	1
radiologický	1
radiostanice	1
radista	1
radiálně	1
radní	1
radon	1
radotínský	1
rafinérie	1
raison	1
rajch	1
rakouskobavorský	1
rakovina	1
randál	1
raritní	1
rasovina	1
ratifikace	1
ratifikovat	1
ratolest	1
ray	1
razdanský	1
razicí	1
razítkář	1
rašeliništní	1
rašeliniště	1
rašící	1
ražený	1
rdousit	1
reaktivita	1
real	1
realisticky	1
realizování	1
recenzentský	1
receptor	1
receptura	1
recepční	1
reciprocita	1
recitační	1
redaktůrek	1
redundance	1
refektář	1
referování	1
reflektovaný	1
reflektovaně	1
reflektovat	1
reflexe	1
reforma	1
reformisticky	1
reformní	1
refosforylace	1
refraktor	1
regenerace	1
regenerační	1
region	1
registr	1
registrovaný	1
regrese	1
regularita	1
regularizace	1
regulačně	1
regulární	1
regulérní	1
rej	1
rejsek	1
rek	1
reklamní	1
reklamovat	1
rekombinovat	1
rekompozice	1
rekordně	1
rekreovat	1
rekrutovaný	1
rektor	1
rekultivovaný	1
rekuperace	1
relacionista	1
relativizmus	1
relativizovaný	1
relaxovaný	1
relevance	1
relevantnost	1
relikt	1
reliéfně	1
relé	1
reminiscence	1
remontovat	1
renegát	1
renesanční	1
renovovaný	1
rentabilní	1
rentgen	1
rentgenka	1
rentgenogram	1
reorganizace	1
reostat	1
repertoárově	1
replikace	1
representovat	1
reprezentativnost	1
reprezentační	1
reproduktivní	1
reprodukující	1
repríza	1
resocializace	1
respektující	1
respirační	1
restaurant	1
restaurátor	1
restrukturace	1
resyntéza	1
retardující	1
retranslační	1
retrográdní	1
retrográdně	1
retuš	1
retušovat	1
reumatický	1
revalvace	1
revaskularizační	1
revidující	1
revizor	1
revolucionizovat	1
revolucionizující	1
revolučně	1
rez	1
rezavý	1
rezervace	1
rezervní	1
rezervoár	1
reziduální	1
rezignovat	1
rezistentní	1
rezoluce	1
rezort	1
rezortní	1
rezultovat	1
rezultující	1
rezultát	1
rešerše	1
rešeršní	1
režírovat	1
rhachis	1
rhenium	1
rhodium	1
rhodophyllus	1
ribstol	1
rilský	1
rivalita	1
rižský	1
robot	1
robotovat	1
rodeo	1
rodák	1
rohatka	1
rohlík	1
rohovinný	1
rohovinový	1
rohovitý	1
rohovnický	1
rohož	1
rohožka	1
roj	1
rojící	1
rokování	1
roll	1
rolnický	1
rolní	1
romantik	1
romantika	1
rorýsovitý	1
rosa	1
rosit	1
rosný	1
rosol	1
rosolovitý	1
rostlinopis	1
rostlinstvo	1
rostrum	1
rotačka	1
rotovat	1
roubovaný	1
roubování	1
roucho	1
roudnický	1
rourník	1
rourovitý	1
roveň	1
rovinatý	1
rovinnost	1
rovnocennost	1
rovnodennost	1
rovnostářský	1
rovnání	1
royal	1
rozbalení	1
rozbitelnost	1
rozbití	1
rozbitý	1
rozbouřený	1
rozbruslení	1
rozbíhat	1
rozběhnutí	1
rozběhový	1
rozbředlý	1
rozcestí	1
rozchod	1
rozdrcený	1
rozdíraný	1
rozdělovač	1
rozebraný	1
rozehřívat	1
rozehřívání	1
rozeklaný	1
rozeslaný	1
rozestavěnost	1
rozestupování	1
rozeta	1
rozetření	1
rozetřít	1
rozevírat	1
rozevření	1
rozeznatelný	1
rozezpívaný	1
rozeštvávat	1
rozhlídnout	1
rozhněvat	1
rozhodovací	1
rozhodovatel	1
rozhrnovat	1
rozházený	1
rozhýbat	1
rozjezdový	1
rozjitřený	1
rozjásaný	1
rozjíždějící	1
rozjíždění	1
rozkmitaný	1
rozkolísanost	1
rozkopat	1
rozkošný	1
rozkvétat	1
rozlehlost	1
rozlepit	1
rozletět	1
rozlezlý	1
rozlišený	1
rozlišovací	1
rozlišovaný	1
rozlomit	1
rozlousknout	1
rozlousknutí	1
rozmanitě	1
rozmar	1
rozmarýn	1
rozmasírovat	1
rozmazaný	1
rozmazávat	1
rozmisťovat	1
rozmisťování	1
rozmlouvat	1
rozmluva	1
rozmlžovač	1
rozmnožení	1
rozmnožovací	1
rozmrzelost	1
rozmysl	1
rozmíchat	1
rozmísťovaný	1
rozmýšlet	1
rozmělnění	1
rozměrnost	1
rozměřit	1
roznožit	1
roznášet	1
rozpadnout	1
rozpadnuvší	1
rozpakovat	1
rozpaky	1
rozpačitý	1
rozpojit	1
rozpoložení	1
rozpomínat	1
rozpomínání	1
rozporuplný	1
rozpoutaný	1
rozpoutat	1
rozpouštědlo	1
rozpouštění	1
rozpoznaný	1
rozpoznavatel	1
rozpoznávat	1
rozpracovávaný	1
rozprašovat	1
rozprostřít	1
rozprášit	1
rozptylový	1
rozpustit	1
rozpínací	1
rozpínaný	1
rozpěrka	1
rozpřáhnout	1
rozrazit	1
rozrušení	1
rozrušený	1
rozrušovat	1
rozrýhovaný	1
rozrůznění	1
rozsazený	1
rozsazování	1
rozsoudit	1
rozstřelovat	1
rozstřikování	1
rozsvítit	1
rozsáhle	1
rozsáhlost	1
rozsévat	1
roztaživost	1
roztomilost	1
roztoč	1
roztrhnout	1
roztrhávání	1
roztržení	1
roztržitě	1
roztěkaný	1
rozumový	1
rozvitý	1
rozvodněný	1
rozvoz	1
rozvratník	1
rozvrh	1
rozvrstvení	1
rozvádění	1
rozvázat	1
rozvážený	1
rozvážit	1
rozvážně	1
rozčilení	1
rozčlenit	1
rozřezaný	1
rozřezání	1
rozřezávat	1
rozřešení	1
rozřešený	1
rozřešit	1
rozšafný	1
rozšafně	1
rozšifrovaný	1
rozšiřovaný	1
rozštěp	1
rozštěpení	1
rozštěpený	1
rozžhavený	1
rtuťový	1
rubidium	1
rubínový	1
ruda	1
rudbeckie	1
rudimentum	1
rudimentární	1
rudnina	1
rufter	1
ruina	1
rukavička	1
rum	1
runda	1
rupes	1
rupicapra	1
rusistika	1
ruthenium	1
rutherford	1
rutina	1
rutinní	1
rutinovaný	1
ručitel	1
ručkování	1
rušeně	1
rušivě	1
rušno	1
rušně	1
rušící	1
rvát	1
rybaření	1
rybařit	1
rybka	1
rybníček	1
rybožravý	1
rybářství	1
rychloměr	1
rychlorozpustný	1
rychlovařič	1
rychlořezný	1
rypadlo	1
rytec	1
rytmicky	1
rytmizovaný	1
rytmizující	1
rytířský	1
ryzec	1
rádium	1
rádius	1
rádoby	1
rákos	1
rákosí	1
rámeček	1
rámkovaný	1
rámus	1
rázně	1
rázový	1
réma	1
rýhovaný	1
rýhování	1
rým	1
rýsovací	1
rýsovadlo	1
růstově	1
různobarevný	1
různocenný	1
různosměrně	1
různost	1
růžek	1
růžice	1
růžovka	1
růžovočervený	1
sabotovat	1
sadistický	1
sadovnický	1
sadový	1
sahající	1
saigonský	1
sající	1
sakrální	1
salón	1
sametově	1
samohláska	1
samohláskovost	1
samohybný	1
samoobsluhový	1
samoopylování	1
samosoudce	1
samospráva	1
samosprávný	1
samospádový	1
samota	1
samotář	1
samotářsky	1
samouk	1
samovazací	1
samovolně	1
samovztyčitelný	1
samozvaný	1
samočinně	1
sanforizace	1
sanforizovaný	1
sanitní	1
sansevierie	1
santolina	1
sardelový	1
satira	1
satirický	1
saussurovský	1
savčí	1
sbalit	1
sbližování	1
sborový	1
sbroušení	1
sbíjení	1
sběratelství	1
sběrný	1
sběrový	1
scapus	1
scelení	1
scelit	1
scelující	1
schema	1
schlíple	1
schodek	1
schodištní	1
schovaný	1
schvalovací	1
schválnost	1
schůzovní	1
scientiarum	1
scientistický	1
scientizmus	1
scintilace	1
scénický	1
scénárista	1
sdělnost	1
sebeironie	1
sebejistý	1
sebekonkrétní	1
sebekritika	1
sebelepší	1
sebeobětování	1
sebepoznání	1
sebepozorování	1
sebepozvednutí	1
sebepříznivější	1
sebereflexe	1
seberozpornější	1
sebesložitý	1
sebeuskutečňování	1
sebeutváření	1
sebeuvědomování	1
sebevražda	1
sebevzdělání	1
sebevíc	1
sebevýchova	1
sebevýstižnější	1
sebezdůvodnění	1
sebezáporný	1
sebeúcta	1
seběhnout	1
sedan	1
sedačka	1
sedimentace	1
sedlový	1
sedláčkův	1
sedmadvacetiletý	1
sedmdesát	1
sedmdesátiletý	1
sedmiletý	1
sedmimílový	1
sedmistupňový	1
sedmičlenný	1
sedmnáctiletý	1
sedmnáctkrát	1
sedící	1
sedýlko	1
segmentový	1
sehnaný	1
sehnání	1
seismicita	1
sejmout	1
sejmutí	1
sejmutý	1
sekretářka	1
sekundovat	1
sekvenční	1
sekýrovat	1
selektivita	1
selektor	1
selhání	1
selský	1
semeniště	1
semenožravý	1
semenářství	1
semišky	1
semknutost	1
semknutý	1
senso	1
senzace	1
senzorický	1
senzualizmus	1
senátor	1
separatizmus	1
separátor	1
sepnutý	1
sepsání	1
septum	1
serail	1
servisní	1
servírovat	1
sesazený	1
seskupený	1
sestavovaný	1
sesterský	1
sestávající	1
sestřelený	1
sestřihnout	1
setina	1
setnout	1
setrvalost	1
setrvalý	1
setrvat	1
setřený	1
severoamerický	1
severovietnamský	1
severozápadně	1
sezení	1
sečtený	1
sečtělý	1
seřadiště	1
seřazený	1
seřiditelný	1
seřizovat	1
seřídit	1
seřízení	1
sešitý	1
seštepovaný	1
sešívání	1
seťový	1
sežrat	1
sežvýkat	1
shaping	1
sharp	1
shazovat	1
shledat	1
shledání	1
shluknout	1
shlukovat	1
shlédnout	1
shodující	1
shození	1
shrnovaný	1
shrnovat	1
shrnující	1
shromaždiště	1
shromažďovaný	1
shánlivý	1
signatura	1
signifikantní	1
sikulský	1
silikónový	1
silonový	1
silák	1
simplifikace	1
simulovat	1
simultánně	1
singlet	1
singularita	1
sinus	1
sirotek	1
situativnosti	1
situačně	1
sjízdnost	1
sjízdný	1
skalenoedr	1
skalice	1
skalpel	1
skandál	1
skanzen	1
skartace	1
skaut	1
skeptik	1
skeč	1
skladatelský	1
skladatelův	1
skladník	1
sklenice	1
sklenutí	1
sklený	1
sklobetonový	1
sklobit	1
sklonit	1
sklopení	1
sklopený	1
skloubený	1
skloubit	1
skloňování	1
skládkovaný	1
skládárna	1
sklárna	1
sklář	1
sklíčko	1
skorodenní	1
skoupý	1
skořicový	1
skořápka	1
skromně	1
skrovný	1
skruž	1
skryt	1
skrýt	1
skrývající	1
skrývaný	1
skrčení	1
skrčený	1
skvrnitý	1
skvrnka	1
skýva	1
skřípat	1
skřípavě	1
skřípot	1
slaboučký	1
sladkost	1
sladkovodní	1
sladovna	1
sladový	1
sladěný	1
slalom	1
slalomový	1
slamník	1
slangový	1
slapový	1
slast	1
slavista	1
slavně	1
slawistyczny	1
slehnout	1
slepenec	1
slezský	1
sliding	1
slinulý	1
slinění	1
slizový	1
slogan	1
slon	1
sloupcový	1
sloučit	1
slovinský	1
slovotvorný	1
slunečnice	1
sluníčko	1
slučitelnost	1
slučivost	1
slušně	1
služebník	1
služebný	1
slyšený	1
slyšitelný	1
sláma	1
slátanina	1
slévatelnost	1
slída	1
slínek	1
slýchaný	1
smazatelný	1
smažený	1
smažit	1
smeknout	1
smeták	1
smetáček	1
smetí	1
smiřitelně	1
smiřovat	1
smiřování	1
smlouvání	1
smlsnout	1
smluvený	1
smola	1
smotek	1
smrtelnice	1
smrtelník	1
smrtelně	1
smrtonosný	1
smrštěný	1
smršťovat	1
smršťování	1
smutek	1
smutný	1
smutně	1
smysluplnost	1
smyčcový	1
smyšlenka	1
smyšlený	1
smíchání	1
smír	1
smísený	1
smíšení	1
smýšlející	1
smýšlení	1
smýšlet	1
směnitelnost	1
směnitelný	1
směnnost	1
směněný	1
směrovaný	1
směsný	1
směstnaný	1
směňující	1
směřování	1
směšný	1
směšně	1
směšovat	1
snižovací	1
snižující	1
snobství	1
snoubenka	1
snovadlo	1
snáška	1
snílek	1
snít	1
snění	1
sněženka	1
sobectví	1
sochařsky	1
sochařský	1
socialengineering	1
sociolingvista	1
sociologizmus	1
sociotechnika	1
sociálněpolitický	1
société	1
sodobar	1
sodíkový	1
softwarový	1
soklový	1
soklík	1
sokolovna	1
sol	1
solení	1
solený	1
soliterní	1
solving	1
sopečný	1
sopranistka	1
sortimentně	1
souborně	1
soucitný	1
soudek	1
soudkovitý	1
souhláska	1
souhláskovost	1
souhláskový	1
soukromník	1
soukromokapitalistický	1
soukromovlastnický	1
souměrně	1
souostroví	1
souputník	1
source	1
sourodě	1
sousedit	1
sousedský	1
sousedův	1
souslednost	1
sousto	1
soustrojí	1
soustruh	1
soustředný	1
soustředěně	1
soustřeďování	1
soustřeďující	1
soutok	1
soutěžák	1
souvrství	1
souvztažný	1
souvýskyt	1
souvětí	1
souznění	1
souzpěv	1
souřadně	1
spací	1
spadnutí	1
spalinový	1
spalničky	1
spalovaný	1
spalování	1
spanilý	1
specialita	1
specializující	1
specifica	1
specificus	1
spektroskopický	1
spiklenecky	1
spirála	1
spirálovitý	1
spisovatelka	1
spisovatelský	1
spisovatelův	1
spišský	1
splacení	1
splacený	1
splatnost	1
splašený	1
splaškový	1
splašky	1
spleť	1
splnitelný	1
splynutí	1
splácet	1
splétač	1
spodek	1
spofa	1
spojařina	1
spojenectví	1
spojový	1
spolehnutí	1
společenskoekonomický	1
společenskohospodářský	1
společenskokulturní	1
společenskopolitický	1
spolknout	1
spoluautor	1
spolucestující	1
spolucvičenec	1
spoludělník	1
spoluinvestor	1
spolunocležník	1
spoluobčan	1
spoluprožívat	1
spolutvořit	1
spolutvůrce	1
spoluurčovat	1
spoluvina	1
spoluúčastnit	1
spoluúčinkování	1
spolužití	1
spolčit	1
sponka	1
sporadický	1
sportoviště	1
sportovně	1
sportování	1
sporťák	1
spotřebovávaný	1
spoutaný	1
spoutat	1
spouštěč	1
spočinout	1
spoření	1
spořádaný	1
spořící	1
spravedlnost	1
spravit	1
spravující	1
spraš	1
sprinter	1
správněprávní	1
sprška	1
spurt	1
sputnik	1
spuštění	1
spáchaný	1
spádný	1
spádově	1
spálit	1
spár	1
spárovat	1
spárovačka	1
spása	1
spásat	1
spást	1
spásání	1
spávat	1
spíš	1
spíž	1
spěch	1
spřátelený	1
spřízněnost	1
srdcovka	1
srdíčko	1
srnec	1
srostlý	1
srovnávaný	1
srozumitelnost	1
srozumitelně	1
srážení	1
sráživost	1
srážlivý	1
srůst	1
srůstání	1
stabile	1
stabilizovaný	1
stadiální	1
stahující	1
staletý	1
stalinizmus	1
standardizace	1
standartní	1
staniol	1
staniční	1
stanný	1
starobabylónský	1
staroboleslavský	1
starobulharský	1
staroslovanský	1
starosta	1
starostlivost	1
starostlivý	1
startovní	1
startér	1
statečně	1
statistickokombinatorický	1
statistik	1
stavbařský	1
stavbyvedoucí	1
stavebnicový	1
stavebník	1
stavitelství	1
stavovský	1
stavropolský	1
stavítko	1
stavěcí	1
stavějící	1
stavění	1
stařena	1
stažený	1
steeplechase	1
stehno	1
stejnolodí	1
stenografie	1
step	1
stepní	1
stereofonní	1
sterilně	1
sterilovaný	1
stesk	1
stihat	1
stimulancium	1
stimulovaný	1
stimulující	1
stimulus	1
stlačení	1
stlačovat	1
stochastický	1
stodola	1
stojací	1
stojan	1
stojánek	1
stojáček	1
stoka	1
stokilový	1
stolička	1
stometrový	1
stonavý	1
stonehengský	1
stonek	1
stopovací	1
stornovávat	1
stostránkový	1
stotisíckrát	1
stožár	1
strachovat	1
strahovský	1
stranit	1
stratifikační	1
stratigrafický	1
strašidlo	1
strašit	1
streptostylie	1
stress	1
strhávat	1
strhávání	1
striktně	1
strkat	1
strojař	1
strojený	1
strojnický	1
strojník	1
strojně	1
strojově	1
stromeček	1
stromkový	1
stroncium	1
strouhanka	1
strukturalisticky	1
strukturně	1
strukturálně	1
strup	1
struskosádrový	1
struskový	1
stránkový	1
strávení	1
strážce	1
strážnice	1
strážní	1
strýc	1
stud	1
studenstvo	1
studies	1
studnicový	1
studující	1
stupňovaný	1
stupňovat	1
stupňovitě	1
stupňování	1
stupňující	1
stužka	1
stvrdit	1
stvrzenka	1
stvrzovat	1
stykový	1
stylistik	1
stylizovat	1
stylotvorný	1
stáhnutí	1
stávaniště	1
stáčení	1
stáčet	1
stáčeč	1
stékat	1
stíhat	1
stírat	1
stísněný	1
stý	1
stýskat	1
stěrka	1
střediskový	1
středník	1
středoafrický	1
středolitrážní	1
středomoří	1
středotlaký	1
střeh	1
střelmistr	1
střelnice	1
střelný	1
střenka	1
střetat	1
střetání	1
střešovický	1
střežený	1
střik	1
střídající	1
stříhání	1
stříkaný	1
stříknutý	1
stříška	1
stříž	1
subadultní	1
subdodavatel	1
subdodávka	1
subjektivistický	1
subjektivizace	1
subjektivizmus	1
subspecifický	1
substantivní	1
substituce	1
substituční	1
suchohřib	1
suchumský	1
sudička	1
sugerovaný	1
sugerovat	1
sugerování	1
sugestivnost	1
sukcesívní	1
sukovice	1
sumec	1
sundavat	1
sundavání	1
sup	1
superfosfát	1
superman	1
supermanství	1
supermarket	1
superponovaný	1
supertěžký	1
supraphonský	1
supraracionalistický	1
supravodivost	1
supějící	1
surogát	1
sužovat	1
sužující	1
svalovina	1
svatba	1
svatojakubský	1
svatováclavský	1
svazenka	1
svazkový	1
svačinářka	1
svařený	1
svařovaný	1
svedený	1
svinování	1
svinutka	1
svinutý	1
svit	1
svitek	1
svižně	1
svlažit	1
svobodně	1
svobodomyslný	1
svod	1
svodný	1
svolaný	1
svolávání	1
svorka	1
svornice	1
svornost	1
svrchovaný	1
svrchovaně	1
sváděný	1
svár	1
svářet	1
svářkový	1
svéráznost	1
svícení	1
svítivě	1
svítívat	1
svízel	1
svědit	1
svědomitost	1
svědomitě	1
svědění	1
svědět	1
světit	1
světlomodrý	1
světlovlasý	1
světobol	1
světský	1
světélko	1
svěřenec	1
sycení	1
syfilitický	1
symbióza	1
symetrický	1
symetrála	1
symfonický	1
syngamóza	1
synkretizmus	1
synsacrum	1
synsémantikum	1
syntagmatika	1
syntetizovaný	1
syntetizující	1
sypat	1
sypač	1
syrovost	1
systematika	1
systémovost	1
sytost	1
sytě	1
szekely	1
sádrovec	1
sádrovice	1
sádrový	1
sáhodlouhý	1
sálek	1
sálový	1
sálání	1
sázavanský	1
sázející	1
sázený	1
sázka	1
sáček	1
sém	1
séma	1
sémaziologie	1
sémilogie	1
sémiologie	1
sémiotický	1
sérioparalelně	1
sériovost	1
sériově	1
síran	1
síto	1
síťka	1
sólistický	1
sólový	1
sčítat	1
sčítání	1
sžít	1
tables	1
tabulkový	1
tabulkově	1
tabulový	1
tabák	1
tahat	1
taj	1
tajemný	1
tajemně	1
tajit	1
tajný	1
tajně	1
tajuplný	1
tajuplně	1
takovýhle	1
taktový	1
takzvaně	1
talentovaný	1
talián	1
talovín	1
tamponace	1
tamější	1
tancovat	1
tancující	1
tangenta	1
tangovat	1
tankista	1
tantiéma	1
tančírna	1
tartan	1
tatranský	1
tatík	1
tatíček	1
tavba	1
tavitelný	1
tavivo	1
tavič	1
tavný	1
taxonomický	1
taxonomie	1
tařice	1
tažič	1
tažnost	1
tchořovitý	1
tchýně	1
technicistický	1
technicium	1
technickovědecký	1
technofobie	1
technokrat	1
technolog	1
technologicky	1
tecnetron	1
teistický	1
tekoucí	1
tekutina	1
tekutost	1
tele	1
telefonický	1
telefonovat	1
telegrafista	1
telegrafovat	1
teleoptile	1
teleskop	1
teleskopický	1
tell	1
tempera	1
temperament	1
temperamentní	1
temperamentně	1
temperovaný	1
tempový	1
tendovat	1
tenhleten	1
tenisový	1
tenkostěnný	1
tenkovrstvý	1
tenor	1
tenounký	1
tenoučký	1
tenčit	1
teodolit	1
teoretickovýzkumný	1
tepaný	1
teplofikace	1
teplovzdorný	1
teplovzdušný	1
teplárenství	1
terakotový	1
terciární	1
terminologicky	1
termojaderný	1
termoplastický	1
termoregulace	1
termínovat	1
termínování	1
teror	1
tesaný	1
testosteron	1
testující	1
tesák	1
teta	1
tetanický	1
tetanotoxin	1
tetřev	1
texasky	1
textace	1
textař	1
textilácký	1
textový	1
textově	1
tezaurovaný	1
tečný	1
thalium	1
they	1
tigridie	1
time	1
tinam	1
tip	1
tipec	1
tis	1
tiskařský	1
tisknout	1
tisíciletý	1
tisícina	1
tisícový	1
titěrný	1
tkaní	1
tlach	1
tlama	1
tlačenice	1
tloušť	1
tlumeně	1
tlumit	1
tlumočník	1
tlustozobý	1
tlučený	1
tmavohnědý	1
tmavomodrý	1
tmavovlasý	1
tolerování	1
toliko	1
toluen	1
tonizující	1
tonout	1
topit	1
topička	1
topičský	1
topos	1
torana	1
toroidální	1
torzní	1
torzovitý	1
totálně	1
tourist	1
tournedos	1
toxický	1
točený	1
tradicionální	1
tradovaný	1
tradovat	1
trafika	1
tragédie	1
traktorový	1
traktovat	1
traktování	1
trampolina	1
transakce	1
transaktuální	1
transcedentní	1
transcendentně	1
transformacionalisticky	1
transformovaný	1
transistor	1
transkulturální	1
transmisní	1
transmutace	1
transplantát	1
transplutonský	1
transport	1
transportér	1
transsaharský	1
trapný	1
trapně	1
trativodka	1
traumatický	1
travertin	1
travina	1
trefně	1
trenérka	1
trenérský	1
trestaný	1
trestat	1
trhan	1
trhat	1
trhačka	1
trhnutí	1
trhák	1
triangulace	1
trigonometrický	1
trik	1
trikot	1
trimerie	1
trimér	1
triplet	1
triptych	1
triumf	1
trmácet	1
trockistický	1
trofejní	1
trojdělení	1
trojfázový	1
trojkvantový	1
trojnožka	1
trojrozměrný	1
trojvodičový	1
trojúsekový	1
trojčetný	1
tropibasický	1
tropibazický	1
tropický	1
troska	1
troufat	1
troškový	1
trpký	1
trs	1
trubadůr	1
trubicovitý	1
trubičkovitý	1
trubkonosý	1
trubkořez	1
truc	1
truhlárna	1
trupový	1
trus	1
trvalkový	1
trvalost	1
tryptický	1
tryskač	1
trávený	1
trénovanost	1
trčet	1
trůn	1
tuba	1
tuberkulóza	1
tuctový	1
tudor	1
tudy	1
tuf	1
tuha	1
tulej	1
tulipánek	1
tunokilometr	1
tupě	1
turbulence	1
turecký	1
turisticky	1
turistka	1
turnajový	1
turnus	1
turné	1
turulentní	1
tuzexový	1
tuzér	1
tučnost	1
tučně	1
tušený	1
tužba	1
tužlík	1
tvaroslovný	1
tvarosloví	1
tvařitelnost	1
tvrdohlavý	1
tvrdívat	1
tvrdě	1
tváření	1
tvářit	1
tygridie	1
typizující	1
typologicky	1
typově	1
tábornický	1
táborník	1
tábořit	1
tát	1
tátův	1
tázací	1
tázavý	1
téci	1
tého	1
tíhnutí	1
tíže	1
tížnicový	1
tónování	1
tónový	1
týmový	1
těhotenský	1
těkavý	1
tělíčko	1
těsnopisec	1
těsnopisecký	1
těžený	1
těžkotavitelný	1
třeboňský	1
tření	1
třetihorní	1
třetihory	1
třiadvacet	1
třicetikilometrový	1
třicetinásobný	1
třicítka	1
třináctiletý	1
třináctý	1
třistaletý	1
třmen	1
třpytivý	1
třáseň	1
tříbení	1
třídiagonální	1
třídílný	1
tříděný	1
tříděrový	1
třímiliónový	1
tříposchoďový	1
třípramenný	1
tříslabičný	1
tříslovný	1
třísovský	1
tříčlenný	1
tříštění	1
tůně	1
ubohost	1
ubohý	1
ubrat	1
ubrousek	1
ubránit	1
ubíhající	1
uchovávaný	1
uchovávání	1
uchylovat	1
uchýlit	1
uctívat	1
uctění	1
udaný	1
udivení	1
udivený	1
udupaný	1
udusávat	1
udílení	1
udělatelný	1
udělit	1
udělovat	1
udělování	1
udřený	1
uhelný	1
uhladit	1
uhlazení	1
uhličitan	1
uhlovodan	1
uhlídat	1
uhlíkový	1
uhlířskojanovický	1
uhlířský	1
uhnat	1
uhodit	1
uhodnout	1
uhrazovat	1
uhádnout	1
uhájení	1
ujasnění	1
ujařmení	1
ujednání	1
ujetí	1
ujetý	1
ujistit	1
ujištění	1
ujídat	1
uklidněný	1
uklínovat	1
uklízet	1
ukolébavka	1
ukrajovat	1
ukuchtěný	1
ukvapený	1
ukvapeně	1
ukvapovat	1
ukvést	1
ukázkový	1
ukázněný	1
ukázněně	1
ukřivděný	1
ukřižovaný	1
uletět	1
uležený	1
ulita	1
ulomit	1
uloupit	1
ulovený	1
ulovit	1
ulpívání	1
ultrafiltr	1
ultralevý	1
ultramikroskop	1
ultraparadoxní	1
ultrastruktura	1
ultravysoký	1
ulétnout	1
ulít	1
umakartový	1
umazat	1
umiňovat	1
umluvit	1
umně	1
umocnit	1
umučení	1
umučený	1
umytý	1
umístěnka	1
umísťování	1
umýt	1
uměleckovýchovný	1
uměleckořemeslný	1
umělkyně	1
unavenost	1
unavení	1
unavující	1
unaříkaný	1
unidimensionální	1
unifikační	1
unifikovat	1
uniformní	1
uničovský	1
unární	1
unášet	1
unášeč	1
uplatňující	1
uplývající	1
upnutí	1
upnutý	1
upomínat	1
uposlechnout	1
upotřebení	1
upotřebit	1
upouštět	1
upozorňovaný	1
upravovaný	1
upravování	1
uprchlík	1
uprchnout	1
upuštěný	1
upírat	1
upřený	1
upřesňovat	1
upřílišněný	1
uranový	1
urazit	1
urbanizace	1
urgovat	1
urodit	1
urvat	1
urychlovač	1
urážka	1
urážlivý	1
určovací	1
usazený	1
usazovat	1
uschlý	1
uschnutí	1
usedat	1
usedlost	1
usednutí	1
usilovný	1
uskladnit	1
uskladnění	1
uskladňování	1
uskočit	1
uskrovňovat	1
uskupení	1
uslyšet	1
usmyslet	1
usmát	1
usměrněný	1
usměrňovačový	1
usnadněný	1
usnadňující	1
usnést	1
uspat	1
uspíšený	1
uspět	1
ustalovat	1
ustanovený	1
ustavovací	1
ustrašenec	1
ustupující	1
ustájení	1
ustájený	1
ustálenost	1
usušení	1
usušený	1
usušit	1
usvědčení	1
usychat	1
usídlit	1
usínat	1
utajit	1
utajovaný	1
utilitárně	1
utilizační	1
utilizovat	1
utkvít	1
utlumený	1
utonutí	1
utopený	1
utopie	1
utrakvistický	1
utratit	1
utrpěný	1
utužení	1
utvoření	1
utvrzení	1
utvářecí	1
utvářený	1
utěsnění	1
utěšeně	1
utřídění	1
utříděný	1
uvadnout	1
uvaření	1
uvařený	1
uvažující	1
uvolňovaný	1
uvázat	1
uváznout	1
uvítaný	1
uvítání	1
uvědomený	1
uvězněný	1
uzamknutí	1
uzamčený	1
uzavřenost	1
uzemnění	1
uzenáč	1
uznávání	1
uzoučký	1
uzrálý	1
uzrávat	1
učarovat	1
učenlivý	1
učenost	1
učený	1
učitelství	1
učitelův	1
učnice	1
ušlapaný	1
uštipovat	1
uštvaný	1
ušít	1
užasnout	1
uživit	1
vadaska	1
vadnost	1
vagový	1
vagónování	1
vaječný	1
vajgarský	1
vakcína	1
valcha	1
valchař	1
valence	1
valně	1
valoun	1
valér	1
valčík	1
vanad	1
vandalství	1
vardeniský	1
varenský	1
varnenský	1
varný	1
varovat	1
varování	1
vata	1
vaz	1
vazivový	1
vaznost	1
vazomotorický	1
vbrzku	1
vbíhat	1
vciťování	1
vdechovat	1
vdechující	1
vdát	1
vděčit	1
vděčně	1
vedro	1
vegetační	1
velenový	1
veličenstvo	1
velkodílna	1
velkokapacitní	1
velkomoravský	1
velkoodběratel	1
velkoplošný	1
velkoprodukce	1
velkorysost	1
velkospotřebitelský	1
velkostatkářský	1
velkosériově	1
velkovýkrmna	1
velkovýrobní	1
velkozávod	1
velryba	1
velur	1
velvyslankyně	1
vemlouvat	1
ventilátor	1
venózní	1
vepř	1
vepřovice	1
verbální	1
verdikt	1
verifikace	1
veršový	1
veršující	1
veselo	1
veslař	1
vesničan	1
vespod	1
vetchý	1
vetřelec	1
vexillum	1
veřejnoprávní	1
veškerenstvo	1
vibrace	1
vibrační	1
vibrissa	1
vida	1
viditelně	1
vidlička	1
viděný	1
vinař	1
vinařský	1
vink	1
vinohrad	1
vinutí	1
vinárna	1
viník	1
violoncelista	1
viotti	1
virový	1
viskósní	1
viskóza	1
visutý	1
vizitka	1
vizuální	1
vizuálně	1
viď	1
viďte	1
višnička	1
vjet	1
vklouznout	1
vklouzávat	1
vklíněný	1
vkročit	1
vkrádat	1
vkusně	1
vkv	1
vladařský	1
vladislavský	1
vlasatý	1
vlastnoručně	1
vlastnící	1
vlaštovčin	1
vlhnout	1
vlivný	1
vlnivost	1
vlnící	1
vloupat	1
vločka	1
vložení	1
vládcův	1
vlévat	1
vlídnost	1
vlídný	1
vlčkův	1
vmezeřený	1
vmontovaný	1
vniknutí	1
vnikání	1
vnitrodružstevní	1
vnitrostátně	1
vnitrozávodní	1
vnitřnost	1
vnouček	1
vnucovaný	1
vnuk	1
vnutit	1
vnučka	1
vnášení	1
vnímatel	1
vnímavý	1
vnějšně	1
vodit	1
vodný	1
vodohospodář	1
vodoléčba	1
vodoléčebný	1
vodopropustnost	1
vodorovně	1
vodoteč	1
vodotrysk	1
vodotěsný	1
vodácký	1
vodárník	1
vodící	1
vojenskopolitický	1
vojtěška	1
vojtěškotrávní	1
vojvodský	1
vojště	1
vokalizmus	1
vokál	1
volantový	1
volaný	1
volavka	1
vole	1
volejbalový	1
volontariát	1
volt	1
voluta	1
vomer	1
von	1
vous	1
vousatý	1
vozit	1
voňavý	1
voštinový	1
vpravený	1
vpád	1
vrabec	1
vracející	1
vracení	1
vraždit	1
vraždění	1
vražedný	1
vražený	1
vrcholek	1
vrchovatě	1
vrhnout	1
vrkat	1
vroubený	1
vroubkovaný	1
vroucí	1
vrtaný	1
vrtný	1
vrtáček	1
vrtění	1
vrtět	1
vrubozobý	1
vrátek	1
vrátka	1
vrátnice	1
vršení	1
vsadit	1
vsakovat	1
vsazovat	1
vstreča	1
vstrčit	1
vstát	1
vstřebávat	1
vsugerovat	1
vsuvka	1
vsát	1
vtahovat	1
vtipkování	1
vtom	1
vtrhnout	1
vtáčení	1
vtípek	1
vtíravý	1
vtíravě	1
vulgaris	1
vulgarita	1
vulgarizmus	1
vulkanický	1
vulkanizmus	1
vulkanolog	1
vulkán	1
vyabstrahovaný	1
vyabstrahování	1
vyasfaltovaný	1
vybavovaný	1
vyblednout	1
vybočující	1
vybuchovat	1
vyburcovat	1
vybídnout	1
vybíhání	1
vybíravý	1
vybíravě	1
vybývat	1
vychování	1
vychovávaný	1
vychutnat	1
vychutnávat	1
vychvalovaný	1
vychvalovat	1
vychylovat	1
vychýlení	1
vychýlený	1
vycpat	1
vycíděný	1
vydavatelství	1
vydařit	1
vydechnout	1
vydechující	1
vydláždění	1
vydobytí	1
vydobytý	1
vydobýt	1
vydrancovaný	1
vydržení	1
vydyndat	1
vydělaný	1
vydělení	1
vydělený	1
vyděrovat	1
vyexcerpovaný	1
vyfiltrovat	1
vyfárání	1
vyhaslý	1
vyhazov	1
vyhlazující	1
vyhlašovat	1
vyhledaný	1
vyhledání	1
vyhledávací	1
vyhloubený	1
vyhlášení	1
vyhlížet	1
vyhotovovat	1
vyhoupnout	1
vyhovění	1
vyhoření	1
vyhrabovací	1
vyhraný	1
vyhrocení	1
vyhroceně	1
vyhrožovaný	1
vyhrávat	1
vyhynout	1
vyhýbání	1
vyhřátí	1
vyjasňování	1
vyjevování	1
vyjití	1
vyjádřitelný	1
vyjímatelný	1
vyjíždět	1
vykalkulovaný	1
vykartáčování	1
vykazující	1
vyklenovat	1
vyklepávat	1
vyklidit	1
vyklopený	1
vyklouznout	1
vykládaný	1
vykládání	1
vykolíčkovaný	1
vykomutování	1
vykonstruovaný	1
vykonánuý	1
vykonání	1
vykopat	1
vykořeněný	1
vykračující	1
vykreslení	1
vykreslený	1
vykročit	1
vykrystalizování	1
vykrádat	1
vykvést	1
vykřičník	1
vylehčení	1
vylepovat	1
vylepšený	1
vylepšit	1
vyletující	1
vyleštit	1
vylisovaný	1
vylomit	1
vylouhovaný	1
vyloupnout	1
vylučovací	1
vylézat	1
vylézt	1
vyléčit	1
vyléčitelný	1
vylíhnutí	1
vylít	1
vymandlovaný	1
vymazat	1
vymazání	1
vymetený	1
vymezující	1
vymknout	1
vymoci	1
vymrštěný	1
vymyslit	1
vymáhání	1
vymýcený	1
vymýtit	1
vymřít	1
vynahradit	1
vynakládaný	1
vynakládání	1
vynaleznout	1
vynalézat	1
vynalézavost	1
vynechání	1
vynořit	1
vynutitelnost	1
vynutitelný	1
vynálezectví	1
vynásobit	1
vypadávat	1
vypalovací	1
vypalovaný	1
vypečení	1
vypikýrovaný	1
vypilovat	1
vypisovat	1
vypisování	1
vypjatý	1
vyplavovat	1
vyplétat	1
vypouklý	1
vypouštěcí	1
vypouštěný	1
vypovídaný	1
vypracovávat	1
vypravený	1
vypravovaný	1
vypravěčka	1
vypreparovat	1
vyprodaný	1
vyprodukovat	1
vyprovokovat	1
vyprání	1
vyprávěnka	1
vyprýštit	1
vyptávat	1
vypudit	1
vypuklý	1
vypálení	1
vypálit	1
vypískat	1
vypít	1
vypěstování	1
vyražený	1
vyrovnání	1
vyrovnávaný	1
vyrovnávání	1
vyrozuměný	1
vyrušit	1
vyrvat	1
vyrytý	1
vyrýsování	1
vyrýt	1
vysavač	1
vysazení	1
vyschlý	1
vyschnout	1
vyschnutí	1
vysekávat	1
vyskakovat	1
vyskladnění	1
vyskočit	1
vyslechnutí	1
vysloužit	1
vyslovující	1
vysmívat	1
vysokodaleký	1
vysokoškolák	1
vysočina	1
vyspravení	1
vyspravit	1
vystavení	1
vystavovaný	1
vystavování	1
vystimulovat	1
vystižení	1
vystižený	1
vystopovat	1
vystrašeně	1
vystrnadit	1
vystupování	1
vystupňovaný	1
vystupňování	1
vystát	1
vystřelit	1
vystřelující	1
vystřihovat	1
vystřižený	1
vystřídaný	1
vysušený	1
vysušit	1
vysvitnout	1
vysvědčení	1
vysvětlitelný	1
vysychající	1
vysypávat	1
vysávat	1
vysázený	1
vysílající	1
vysílatel	1
vysýchání	1
vytasit	1
vytavit	1
vytažení	1
vytknutý	1
vytlačení	1
vytlačený	1
vytlačovat	1
vytlačování	1
vytočit	1
vytratit	1
vytrhnout	1
vytrubovat	1
vytrvale	1
vytrvávat	1
vytvořitelnost	1
vytypovat	1
vytáhnutí	1
vytáčka	1
vytékání	1
vytížení	1
vytížený	1
vytýčení	1
vytěžení	1
vytěžený	1
vytřídění	1
vytřít	1
vyumělkovaný	1
vyučenec	1
vyučení	1
vyvanout	1
vyvažovat	1
vyvezený	1
vyvlastnění	1
vyvození	1
vyvozovaný	1
vyvozování	1
vyvratitelný	1
vyvražďování	1
vyvrtaný	1
vyvrtat	1
vyvrtávání	1
vyvrácení	1
vyvrácený	1
vyvstat	1
vyvztekat	1
vyvádět	1
vyváznout	1
vyváření	1
vyváženost	1
vyvážení	1
vyváženě	1
vyvážit	1
vyvést	1
vyvézt	1
vyvýšení	1
vyvýšený	1
vyvěrat	1
vyvěsit	1
vyzařovaný	1
vyzařovat	1
vyzařování	1
vyzdobovat	1
vyzdvihnout	1
vyznávaný	1
vyzrát	1
vyzrávající	1
vyzrávat	1
vyztužení	1
vyzvedat	1
vyzáření	1
vyzářený	1
vyzývavý	1
vyúčtovaný	1
vyúčtovat	1
vyúčtování	1
vyčerpaně	1
vyčištěný	1
vyčkat	1
vyčlenit	1
vyčlenění	1
vyčleňovat	1
vyčleňování	1
vyčnívající	1
vyčnívat	1
vyčíslený	1
vyčíslit	1
vyčítavý	1
vyčítavě	1
vyřazovaný	1
vyřazovat	1
vyřezat	1
vyřezávat	1
vyřvávat	1
vyříznutý	1
vyřčený	1
vyšetřený	1
vyškolení	1
vyškolit	1
vyškrábat	1
vyšlechtěný	1
vyšlý	1
vyšvihnout	1
vyťukat	1
vyžehlit	1
vyžití	1
vyživovaný	1
vzbuzený	1
vzbuzování	1
vzdornost	1
vzdorovat	1
vzduchotechnika	1
vzduchovka	1
vzduchový	1
vzdychat	1
vzdychání	1
vzdávat	1
vzdělaně	1
vzepřít	1
vzhledově	1
vzhlédnout	1
vzkaz	1
vzklíčit	1
vzkázat	1
vzlet	1
vzlétat	1
vzlétnout	1
vzlínavost	1
vznesmo	1
vznést	1
vzorkování	1
vzorovací	1
vzorovat	1
vzorování	1
vzpamatovat	1
vzpor	1
vzpírat	1
vzpěrač	1
vzpřímený	1
vzruch	1
vzrušení	1
vzrušený	1
vzrušit	1
vzrušovat	1
vzrůstný	1
vztek	1
vztyčit	1
vágnost	1
váhající	1
válcový	1
válečkový	1
válečnický	1
vápenka	1
vápenopískový	1
vápnitý	1
vápnostřezný	1
vázání	1
vášnivý	1
vášnivě	1
vážnost	1
vícebarevný	1
vícedimensionální	1
vícekrát	1
vícenáklad	1
víceoborový	1
víceprstý	1
vícepruhový	1
víceznačný	1
vída	1
vídeňsko	1
vínek	1
vír	1
vítězka	1
vítězně	1
vířič	1
vížící	1
výbavička	1
výchovné	1
výchylka	1
výdech	1
výfuk	1
výherní	1
výhodnost	1
výhodně	1
výjimečnost	1
výkladní	1
výklenek	1
výklopný	1
výkonnostní	1
výkrm	1
výkupní	1
výkvětotvorný	1
výkřik	1
výletní	1
výlev	1
výloha	1
výluka	1
výmluvný	1
výmol	1
výplod	1
výpustný	1
výpusť	1
výraznost	1
výsadbový	1
výsadkový	1
výsadkář	1
výskok	1
výslovnostní	1
výsměch	1
výspa	1
výstavnictví	1
výstřední	1
výstředný	1
výstřelek	1
výstřih	1
výtečná	1
výtečný	1
výtka	1
výtok	1
výtokový	1
výtrusový	1
výtvarnice	1
výtvarník	1
výtvarně	1
vývod	1
vývěska	1
výzkumnictví	1
význačně	1
výčetka	1
výčitka	1
výčnělek	1
výřad	1
výšina	1
výškově	1
výživnost	1
výživový	1
výžlabek	1
včasnost	1
včerejšek	1
včlenit	1
včlenění	1
věcnost	1
vědeckoinformační	1
vědeckokulturní	1
vědeckopedagogický	1
vědeckost	1
vědeckovýrobní	1
vědotechnika	1
vějířek	1
vějířový	1
věkovitý	1
věnování	1
věrohodnost	1
věrtel	1
větraný	1
větratelný	1
větvení	1
větévka	1
větřík	1
věznit	1
věznění	1
věřící	1
věšet	1
věšák	1
vřes	1
vřeteno	1
všehovšudy	1
všelijak	1
všelijaký	1
všelék	1
všemocný	1
všemohoucnost	1
všemohoucí	1
všenka	1
všesvazový	1
všeuměl	1
vševládný	1
vštípit	1
vůdčí	1
vžívat	1
watt	1
westwerk	1
whisky	1
wolframový	1
xylen	1
y	1
yannista	1
zabalený	1
zabarikádovat	1
zabarvený	1
zabavit	1
zabití	1
zablikat	1
zabořit	1
zabraňující	1
zabručet	1
zabsurdňovat	1
zabudování	1
zabíjet	1
zabředat	1
zabřezlý	1
zacelovat	1
zachraňování	1
zachtít	1
zachytitelný	1
zacinkat	1
zaclonit	1
zaclonění	1
zadarmo	1
zadem	1
zadruhé	1
zadržovat	1
zadunět	1
zadák	1
zadání	1
zadávit	1
zadávání	1
zadírat	1
zadívat	1
zafixovaný	1
zafouknout	1
zahajování	1
zahalení	1
zahalený	1
zahalit	1
zahanbení	1
zahladit	1
zahleděný	1
zahloubání	1
zahlédnout	1
zahnout	1
zahnívat	1
zahodit	1
zahorka	1
zahradnictví	1
zahraný	1
zahrnování	1
zahrnutí	1
zahrádkaření	1
zahrávat	1
zahušťovat	1
zahynout	1
zahálet	1
zahřátí	1
zainteresovat	1
zaizolovaný	1
zajatec	1
zaječí	1
zajištěnost	1
zajištěnuý	1
zajišťující	1
zajásat	1
zajímavě	1
zakalit	1
zakladatelský	1
zaklesnutý	1
zakládací	1
zakládající	1
zaklínit	1
zaklít	1
zakoktat	1
zakolísat	1
zakončenost	1
zakončení	1
zakončovat	1
zakopnout	1
zakotvenost	1
zakousnout	1
zakořenění	1
zakořeněný	1
zakreslený	1
zakrnělý	1
zakročit	1
zaktivizovaný	1
zaktivizovat	1
zaktivizování	1
zakupovat	1
zakřivování	1
zalidněný	1
zalknutí	1
zaléhat	1
zalévání	1
zalézt	1
zalíbit	1
zamazaný	1
zamezování	1
zameškaný	1
zameškat	1
zamhuřování	1
zamknout	1
zamlouvat	1
zamlčet	1
zamlčovaný	1
zamlčovat	1
zamontovat	1
zamrznutí	1
zamrzání	1
zamyšleně	1
zamávat	1
zamáznout	1
zamést	1
zamítat	1
zamítavý	1
zamítnutí	1
zamířit	1
zaměnit	1
zaměněný	1
zaměstnanost	1
zaměstnávání	1
zaměňovaný	1
zaměřování	1
zanedbaný	1
zanedbatelně	1
zanedbávání	1
zaneprázdnění	1
zaneprázdněný	1
zanícenost	1
zaoblení	1
zaoceánský	1
zaokrouhlený	1
zaostávání	1
zapadlý	1
zapalovací	1
zapalování	1
zapamatovat	1
zapamatovávat	1
zaparkovat	1
zapařit	1
zapeklitý	1
zapisovatelka	1
zapisování	1
zaplacení	1
zaplacený	1
zaplňování	1
započitatelný	1
započtený	1
započítat	1
započítatelný	1
zapravit	1
zaprvé	1
zapínaný	1
zapínání	1
zapírat	1
zapískání	1
zapřáhnout	1
zapřít	1
zapůjčovat	1
zapůsobit	1
zareagovat	1
zarovnat	1
zarovnávat	1
zarovnávání	1
zarudnutí	1
zaručující	1
zarámovaný	1
zarážející	1
zarůžovělý	1
zasedačka	1
zaseknout	1
zaskakovat	1
zasklít	1
zaskočený	1
zaskočit	1
zaslechnout	1
zaslepený	1
zaslouženě	1
zasluhující	1
zaslíbení	1
zaspat	1
zastarávající	1
zastavovací	1
zastoupit	1
zastrašit	1
zastrašování	1
zastropení	1
zastupitelstvo	1
zastínění	1
zastírání	1
zastření	1
zastřeně	1
zastřešovat	1
zasukovat	1
zasvobodna	1
zasvítit	1
zasvěcení	1
zasvěcený	1
zasvěcovat	1
zasvětit	1
zasychat	1
zasázený	1
zasévat	1
zasílatelství	1
zasít	1
zasýchání	1
zatajovat	1
zatamponovat	1
zatažený	1
zatemnění	1
zatepla	1
zatlačování	1
zatleskat	1
zatlouci	1
zatlučený	1
zatopený	1
zatopit	1
zatočit	1
zatrhnout	1
zatrusený	1
zatrávněný	1
zatrénovat	1
zatvrdnout	1
zatápat	1
zatápět	1
zatímní	1
zatěsnit	1
zatěžovací	1
zatěžovaný	1
zatěžovat	1
zatřpytit	1
zatřídění	1
zaujatý	1
zautomatizovaný	1
zautomatizovat	1
zauzlit	1
zavazadlo	1
zavděčit	1
zavilý	1
zavlažit	1
zavlažovaný	1
zavodňovací	1
zavražděný	1
zavrnění	1
završení	1
završený	1
završit	1
zaváhat	1
zavázaný	1
zavázet	1
zavážit	1
zavírání	1
zavěšovat	1
zavření	1
zazdívaný	1
zazdívání	1
zazděný	1
zaznamenaný	1
zaznamenání	1
zaznačit	1
zazobanec	1
zazvonění	1
zaúpět	1
zaústit	1
zaúčtování	1
začištění	1
začlenění	1
začouzený	1
zařizovat	1
zařizování	1
zařádit	1
zařízený	1
zašklebit	1
zaškolit	1
zaškolkovaný	1
zašlý	1
zažertovat	1
zažloutlý	1
zbankrotovaný	1
zbeletrizovaně	1
zbláznit	1
zborcenina	1
zborcení	1
zbourat	1
zbourání	1
zboření	1
zbořit	1
zbožíznalství	1
zbožňovaný	1
zbožštěný	1
zbraslavský	1
zbrocený	1
zbrojní	1
zbrojovka	1
zbrojovácký	1
zbrojovák	1
zbrzdit	1
zburžoaznění	1
zbylý	1
zběsilý	1
zcivilnit	1
zcizení	1
zdali	1
zdatnost	1
zdechlina	1
zdeformování	1
zdokonalovaný	1
zdolání	1
zdolávat	1
zdomácnět	1
zdravoťák	1
zdrcující	1
zdrhovadlo	1
zdrsnit	1
zdvih	1
zdvihající	1
zdvihat	1
zdvihání	1
zdvojnásobovat	1
zdvořilý	1
zdůvodněně	1
zefektivňovat	1
zelenající	1
zeleno	1
zelenomodrý	1
zelinář	1
zelný	1
zelánka	1
zeman	1
zemanův	1
zemitý	1
zeměpis	1
zemětřesný	1
zenit	1
zepředu	1
zesilovat	1
zesilování	1
zeslabit	1
zesměšňovaný	1
zesměšňovat	1
zespod	1
zespolečenštěný	1
zestárnout	1
zesvětlení	1
zetlelý	1
zevrubný	1
zevšednět	1
zevšeobecnění	1
zevšeobecňovat	1
zfabrikovaný	1
zfilmovat	1
zfilmování	1
zhlaví	1
zhmožděnina	1
zhnědnout	1
zhnědnutí	1
zhodnocovat	1
zhospodárnit	1
zhoubný	1
zhoubně	1
zhoustnout	1
zhroutit	1
zhubnutí	1
zhuštění	1
zhuštěný	1
zhušťovací	1
zhušťovat	1
zhušťování	1
zhášení	1
zidealizovaný	1
zinkování	1
zintenzívnění	1
zištně	1
zjednaný	1
zjednodušování	1
zjednání	1
zjišťovací	1
zjišťující	1
zkamenět	1
zkazit	1
zkaženost	1
zklamaný	1
zklamat	1
zklidnit	1
zklidněný	1
zkombinovat	1
zkomplikovat	1
zkonkretizovaný	1
zkonstruovat	1
zkonzumovat	1
zkoordinovat	1
zkorodovaný	1
zkosení	1
zkoumající	1
zkoušený	1
zkrachovaný	1
zkracovaný	1
zkratkový	1
zkreslený	1
zkreslující	1
zkrmování	1
zkrotit	1
zkroušený	1
zkrvavený	1
zkrášlení	1
zkušenostní	1
zkvalitněný	1
zkvalitňovat	1
zkvalitňující	1
zkvašený	1
zkázonosný	1
zlatitý	1
zlatovo	1
zlatožlutý	1
zle	1
zlepšovaný	1
zlevnění	1
zlevněný	1
zlevňovat	1
zlidštěný	1
zlikvidovaný	1
zloba	1
zlobil	1
zlobně	1
zlodějka	1
zlomení	1
zlomený	1
zlomyslnost	1
zlostný	1
zločinec	1
zlákat	1
zlámat	1
zmatený	1
zmaterializovaný	1
zmačkat	1
zmetkový	1
zmlknout	1
zmnohonásobit	1
zmobilizovat	1
zmoci	1
zmodernizování	1
zmoklý	1
zmoknout	1
zmrazený	1
zmrazování	1
zmrzačený	1
zmrzlina	1
zmrznout	1
zmáhat	1
zmírnění	1
zmírňovat	1
zmítaný	1
zmýlit	1
změknout	1
změkčovací	1
změť	1
znakařka	1
znalecký	1
znalý	1
znechuceně	1
znehodnocený	1
znehodnocovat	1
znemožňující	1
znepokojující	1
znesvěcení	1
zneužitý	1
zneužívaný	1
zneužívat	1
zneužívání	1
znečistit	1
znečistěný	1
znečišťovat	1
znečišťující	1
zneškodnění	1
zničení	1
znojemsko	1
znovunalézání	1
znovuoživovaný	1
znovuvybudování	1
znovuvytvoření	1
znovuvyšlechtění	1
známkový	1
známost	1
známá	1
znárodňovací	1
znásilnění	1
znásobený	1
znásobit	1
znásobovat	1
znějící	1
znělcový	1
znělost	1
znělý	1
zobat	1
zobec	1
zobecňovaný	1
zobecňování	1
zobjektivizovaný	1
zobrazený	1
zobáček	1
zodpovězení	1
zohavený	1
zoon	1
zopakování	1
zoubek	1
zoubkový	1
zoufalý	1
zpaměti	1
zpevnění	1
zpevňovat	1
zplnomocněný	1
zplodit	1
zploštění	1
zpohodlnět	1
zpomalení	1
zpomalený	1
zpomalit	1
zpopulárnět	1
zpozorovat	1
zpožděný	1
zpracovací	1
zprava	1
zpravodajský	1
zprostit	1
zprostředkovatel	1
zprostředkovávající	1
zpružnit	1
zprůmyslnění	1
zpívající	1
zpětně	1
zpěvní	1
zpěvohra	1
zpříjemněný	1
zpříma	1
zpřísnění	1
zpřísněný	1
zpřítomňovat	1
způsobující	1
zrak	1
zračící	1
zrcadlení	1
zrcátko	1
zrekreovat	1
zrevidovaný	1
zrníčko	1
zrození	1
zrudnout	1
zručný	1
zrušování	1
zrychlovaný	1
zrychlující	1
zrát	1
ztotožnění	1
ztrojnásobit	1
ztrojnásobovat	1
ztrpčovat	1
ztrácející	1
ztuhnout	1
ztužený	1
ztvrdit	1
ztvrdnutí	1
ztvárnění	1
ztvárněný	1
ztvárňovaný	1
ztvárňovat	1
ztělesňující	1
ztěžka	1
ztěžující	1
ztřeštěný	1
zubatý	1
zubař	1
zubožený	1
zuřit	1
zušlechtění	1
zušlechtěný	1
zušlechťovací	1
zušlechťovat	1
zušlechťování	1
zužitkovat	1
zužitkovatelný	1
zužování	1
zvažovaný	1
zvažovat	1
zvedací	1
zvednout	1
zvedák	1
zvelebení	1
zveličovat	1
zveličování	1
zveřejněný	1
zvladatelný	1
zvlhnout	1
zvlhnutí	1
zvlhčení	1
zvlněný	1
zvlákňovací	1
zvnitřku	1
zvnějška	1
zvnějšku	1
zvolenuý	1
zvolení	1
zvon	1
zvoncovitý	1
zvonit	1
zvonivý	1
zvonkohra	1
zvonkový	1
zvonovitý	1
zvratně	1
zvrhlost	1
zvrhlý	1
zvrhnout	1
zvrstvení	1
zvrácení	1
zvrásněný	1
zvrátit	1
zvukově	1
zvykat	1
zvykoslovný	1
zvykový	1
zvídavý	1
zvířátko	1
zvýhodnit	1
zvýrazňovat	1
zvýrazňování	1
zvýšeně	1
zvěcněný	1
zvědavec	1
zvědavě	1
zvěrstvo	1
zvěstovat	1
zvěstovatel	1
zvětralý	1
zvětrávání	1
zvětšování	1
zvětšující	1
zvěčňování	1
zábavnost	1
záběh	1
záchovný	1
záchvat	1
zácpa	1
zádrhel	1
zádrž	1
záhada	1
záhlaví	1
záhon	1
záhonek	1
zájmeček	1
zákeřně	1
zákmitový	1
zákonnost	1
zákonně	1
zákonodárce	1
zákonodárný	1
zákrsek	1
zákryt	1
zákulisí	1
záležející	1
záliv	1
záložní	1
záložník	1
záludnost	1
zámecký	1
zámečnický	1
zámořský	1
zámoří	1
záměnný	1
záměrnost	1
zápach	1
západka	1
západoamerický	1
zápalka	1
zápalný	1
zápasit	1
zápisné	1
zápisníček	1
zápisový	1
zápolit	1
zápěstí	1
zárodečně	1
zásobnice	1
zástav	1
zátonský	1
závistník	1
závlahový	1
závodnice	1
závodně	1
závodový	1
závojenka	1
závoďák	1
závrať	1
závětří	1
záznamní	1
záznamový	1
zářijový	1
zářivost	1
záškrt	1
zášleh	1
zášť	1
zážitkový	1
získávaný	1
zúrodnění	1
zúrodněný	1
zúžený	1
zčasovění	1
zčernat	1
zřetězení	1
zřícení	1
zřícený	1
zřídit	1
zřídkakdy	1
zživotňování	1
Ámonův	1
Österreich	1
ÚBOK	1
ÚEF	1
ÚFPL	1
ÚHH	1
ÚNM	1
ÚNZ	1
ÚP	1
ÚSPA	1
ÚVI	1
ÚVS	1
ÚVTEI	1
éter	1
öcsem	1
úbor	1
úchvatný	1
úchyt	1
úctyhodný	1
úd	1
údolní	1
údolíčko	1
úděsný	1
úhelnice	1
úhelný	1
úhloměr	1
úhlopříčka	1
úhlopříčna	1
úhlopříčně	1
úhona	1
úhoz	1
úhybný	1
úkaz	1
úlohový	1
úlovek	1
úmorně	1
úmyslně	1
únavný	1
únavový	1
únikový	1
úplata	1
úpon	1
úrok	1
úrokový	1
úschova	1
úsečka	1
úsečnost	1
úsečný	1
úsečně	1
ústavně	1
ústroj	1
ústrojný	1
ústupný	1
ústí	1
ústředna	1
útočiště	1
útočnost	1
útočně	1
útočící	1
útržkovitý	1
útulný	1
úvahový	1
úzkostlivý	1
účastnice	1
účastnící	1
účes	1
účetní	1
účinkující	1
účiník	1
účtovat	1
účtování	1
úřadující	1
úštěcký	1
überschwenglich	1
ČKD	1
ČL	1
ČMS	1
ČNR	1
ČOP	1
ČSFS	1
ČSL	1
ČSLA	1
ČSS	1
ČSSS	1
ČSTSP	1
ČSZ	1
ČSŽ	1
Čajkovskij	1
Čakovice	1
Čapek	1
Čačalová	1
Čebotarev	1
Čechoslovák	1
Čechovský	1
Čelakovský	1
Čeněk	1
Černilov	1
Černocká	1
Černušák	1
Černá	1
Českobudějovicko	1
Českolipsko	1
Čita	1
Čižkovice	1
ČÚGK	1
ČÚV	1
Čáslav	1
Čížková	1
ČČK	1
čaitja	1
čakan	1
čalounění	1
čapka	1
časný	1
časně	1
časoprostorový	1
časovaný	1
časovka	1
častost	1
častě	1
čedičový	1
čekanka	1
čekatel	1
čekání	1
čelba	1
čeleď	1
čep	1
čepel	1
černavý	1
čerpadlář	1
čert	1
čertovský	1
červenat	1
červencový	1
červenožlutý	1
červeně	1
červeň	1
červivý	1
červivět	1
česat	1
česačka	1
českokrumlovský	1
čestně	1
česáč	1
čeřit	1
čich	1
čichat	1
čilost	1
činnostní	1
činohra	1
činorodý	1
čirost	1
čistokrevný	1
čitelný	1
čiv	1
čištěný	1
člun	1
čnít	1
črta	1
čtenáříček	1
čtený	1
čtoucí	1
čtrnáctidenní	1
čtrnáctý	1
čtvercojařmový	1
čtverečný	1
čtverhranný	1
čtveřice	1
čtvrthodina	1
čtyřiadvacetiletý	1
čtyřiatřicetiletý	1
čtyřicetisedmiletý	1
čtyřkvantový	1
čtyřlistý	1
čtyřnásobný	1
čtyřpatrový	1
čtyřstranný	1
čtyřstranně	1
čtyřúhelníkový	1
čvachtat	1
čárka	1
číselně	1
číslice	1
číslicový	1
číslovkový	1
čítač	1
číšník	1
Ľudevít	1
ľudový	1
Řež	1
Říhal	1
Říhová	1
Říčany	1
řadově	1
řadící	1
řap	1
řasa	1
řazený	1
ředitelka	1
ředkvička	1
ředění	1
řeholní	1
řehtačka	1
řepka	1
řetízek	1
řezací	1
řečnění	1
řešitelka	1
řešící	1
řiditelný	1
řidička	1
řinout	1
řádkový	1
řídicí	1
řídký	1
řídítko	1
říje	1
římsový	1
říz	1
řízkování	1
řízný	1
říčka	1
říšskoněmecký	1
ŠMS	1
ŠSP	1
Šachov	1
Šalamoun	1
Šalamounův	1
Šaldův	1
Šaljapin	1
Šarbov	1
Šatra	1
Šejna	1
Šenková	1
Šenov	1
Šerbíř	1
Šerounová	1
Šetek	1
Šik	1
Šimon	1
Šimáček	1
Šindelková	1
Šinkarik	1
Širhanzlová	1
Škaloudová	1
Škampa	1
Škopek	1
Škulina	1
Škulinův	1
Škutan	1
Šmejc	1
Šmidke	1
Šmrkosová	1
Španělsko	1
Špindlerův	1
Štefan	1
Štejn	1
Štercl	1
Štursa	1
Štítina	1
Štúrovo	1
Štědroň	1
Štěpán	1
Šubrt	1
Šulc	1
Šumperk	1
Šutka	1
Švehlík	1
Švermov	1
Švermův	1
Šverák	1
Švihov	1
Švorc	1
Šánský	1
Šárka	1
Šírek	1
šablonovitost	1
šachovnice	1
šachovnicový	1
šafrán	1
šafránka	1
šafářka	1
šaldovský	1
šalírovat	1
šarvátka	1
šatní	1
šatník	1
šavlovitý	1
šedesátikilometrový	1
šedesátiletý	1
šedesátka	1
šediny	1
šedivět	1
šedohnědý	1
šedomodrý	1
šedovlasý	1
šedozelený	1
šedočerný	1
šero	1
šestadvacet	1
šestašedesátiletý	1
šestašedesátý	1
šestiboký	1
šestihranný	1
šestimetrový	1
šestiválcový	1
šestiúhelník	1
šestičetný	1
šestkrát	1
šestnáctkrát	1
šetrnost	1
šetrný	1
šetrně	1
šibalství	1
šichta	1
šidit	1
šifón	1
šik	1
šikovnost	1
šimpanz	1
širý	1
šiškovitý	1
škatulka	1
škodný	1
škodovácký	1
školicí	1
školit	1
školitelka	1
školkař	1
školkařství	1
školnice	1
školící	1
škot	1
škrobit	1
škrtnutý	1
škrábat	1
škrábnutí	1
škrábání	1
škudlit	1
škvárobetonový	1
šlahoun	1
šlapací	1
šlechtic	1
šlehat	1
šlápnout	1
šminka	1
šnekový	1
šofér	1
šokování	1
šosácký	1
šoupátko	1
španělský	1
špatnost	1
špendlíkový	1
špenát	1
šperk	1
špinavost	1
špinavě	1
špiněný	1
špionážní	1
špitál	1
špitální	1
šplhací	1
šplhounství	1
šplouchání	1
šponovky	1
šroubování	1
šroubový	1
šrámkovský	1
štajgr	1
štreka	1
štuka	1
štukatérský	1
štvanec	1
štvanický	1
štípání	1
štír	1
štědrost	1
štědrý	1
štěkat	1
štěničník	1
štěně	1
štěpina	1
štěpný	1
štěpící	1
štěrbina	1
štěrkopísek	1
štěrkový	1
štěstíčko	1
štětec	1
štětičkový	1
štětka	1
šumivý	1
šumění	1
šupinovka	1
šustit	1
šveholit	1
švihový	1
švindlíř	1
šál	1
šídlo	1
šíf	1
šílenec	1
šíleně	1
šípek	1
Żmigród	1
Žalý	1
Žatecko	1
Žehrovice	1
Žehušice	1
Želenská	1
Železnovová	1
Žerotín	1
Žid	1
Žilka	1
Žižka	1
Žofinka	1
Žour	1
žabka	1
žactvo	1
žací	1
žadonit	1
žaludek	1
žaludeční	1
žaluzie	1
žalář	1
žampiónový	1
žatecký	1
žebrota	1
žebříkový	1
žebříček	1
žehlicí	1
žel	1
železitý	1
železový	1
železářský	1
želivský	1
žemle	1
žemlový	1
ženská	1
ženství	1
ženění	1
žert	1
žertovat	1
žhavit	1
žilný	1
živelní	1
živelně	1
živený	1
živobytí	1
živola	1
životadárný	1
životaschopnost	1
životný	1
životodárný	1
životopis	1
živoření	1
živůtek	1
žlab	1
žlabovitě	1
žloutnout	1
žlutavý	1
žlutorůžový	1
žlutozelený	1
žlutočervenavý	1
žlábkovaný	1
žofínský	1
žok	1
žrádlo	1
žula	1
žulový	1
žurnalista	1
žurnalizmus	1
žurnál	1
žvanění	1
žádající	1
žádoucnost	1
žár	1
žárový	1
žárově	1
žíravý	1
žíznit	1
žíznění	1
